incident_id,team_id,priority_id,category_id,agent_id,created_at,resolved_at,status
1,5,1,2,6,2026-06-13 00:59:00,2026-06-13 04:52:07,resolved
2,3,1,1,6,2026-06-05 19:08:00,2026-06-05 19:31:56,resolved
3,3,1,4,2,2026-03-20 00:04:00,2026-03-20 01:10:36,resolved
4,1,3,3,8,2026-06-20 15:04:00,2026-06-21 06:39:59,resolved
5,1,1,1,3,2026-06-22 19:24:00,2026-06-22 21:16:39,resolved
6,3,1,2,3,2026-03-09 20:07:00,2026-03-09 23:51:22,resolved
7,2,2,1,7,2026-03-22 05:13:00,,cancelled
8,2,4,4,9,2026-04-19 07:32:00,2026-04-20 11:25:22,resolved
9,2,3,2,3,2026-03-20 07:19:00,2026-03-21 04:45:35,resolved
10,4,3,3,1,2026-05-15 00:25:00,2026-05-16 18:49:55,resolved
11,5,3,4,1,2026-03-25 14:48:00,2026-03-26 05:23:50,resolved
12,5,1,4,2,2026-03-17 17:49:00,2026-03-17 18:47:43,resolved
13,2,4,1,8,2026-02-13 00:47:00,2026-02-15 15:33:54,resolved
14,3,2,2,4,2026-03-17 22:30:00,2026-03-18 03:24:12,resolved
15,3,1,2,3,2026-06-24 13:05:00,2026-06-24 14:15:39,resolved
16,1,3,2,4,2026-05-29 00:56:00,2026-05-29 11:50:25,resolved
17,3,1,1,5,2026-01-15 08:37:00,2026-01-15 09:53:48,resolved
18,1,4,5,4,2026-02-10 20:50:00,2026-02-12 21:46:05,resolved
19,2,1,3,6,2026-05-08 11:25:00,2026-05-08 13:05:40,resolved
20,3,2,5,2,2026-04-07 18:21:00,2026-04-07 21:09:05,resolved
21,3,1,5,6,2026-01-04 08:56:00,2026-01-04 11:28:05,resolved
22,4,3,5,4,2026-01-05 23:34:00,2026-01-07 19:39:06,resolved
23,4,1,3,10,2026-02-07 14:13:00,2026-02-07 15:35:39,resolved
24,4,4,2,8,2026-02-21 03:07:00,2026-02-21 19:07:45,resolved
25,4,4,4,5,2026-04-05 10:49:00,2026-04-05 17:57:22,resolved
26,4,3,1,5,2026-04-27 01:46:00,2026-04-28 16:05:32,resolved
27,4,3,4,2,2026-05-23 20:52:00,2026-05-24 04:26:02,resolved
28,4,4,4,4,2026-04-27 05:02:00,2026-04-27 20:25:25,resolved
29,5,1,1,5,2026-03-31 10:16:00,2026-03-31 10:40:03,resolved
30,5,4,1,2,2026-03-10 17:41:00,2026-03-15 11:50:39,resolved
31,3,2,3,2,2026-01-18 20:50:00,2026-01-19 07:24:04,resolved
32,2,3,4,9,2026-03-12 13:54:00,2026-03-13 07:51:19,resolved
33,3,4,4,10,2026-05-26 22:47:00,,cancelled
34,5,3,3,9,2026-01-21 18:56:00,,in_progress
35,5,2,1,10,2026-01-13 16:18:00,2026-01-13 21:12:24,resolved
36,3,4,4,2,2026-03-29 11:47:00,2026-04-03 21:44:35,resolved
37,2,2,4,5,2026-06-20 16:44:00,,cancelled
38,1,2,5,4,2026-05-25 11:08:00,2026-05-25 17:21:32,resolved
39,3,4,1,10,2026-05-15 06:32:00,2026-05-16 14:36:26,resolved
40,2,4,2,1,2026-01-23 07:37:00,,cancelled
41,2,2,1,5,2026-05-27 19:26:00,2026-05-27 21:23:06,resolved
42,1,2,4,7,2026-04-28 15:17:00,2026-04-28 22:03:54,resolved
43,4,4,3,8,2026-02-02 02:12:00,2026-02-04 02:27:14,resolved
44,3,2,5,6,2026-06-06 19:25:00,,cancelled
45,5,2,1,7,2026-04-20 03:53:00,2026-04-20 14:46:26,resolved
46,1,1,4,7,2026-01-20 07:43:00,2026-01-20 10:56:47,resolved
47,3,2,5,8,2026-03-01 23:45:00,2026-03-02 12:56:56,resolved
48,5,4,3,6,2026-01-28 20:39:00,,cancelled
49,4,2,1,10,2026-02-12 00:51:00,2026-02-12 06:54:58,resolved
50,2,1,1,5,2026-02-10 08:24:00,2026-02-10 08:45:33,resolved
51,4,4,4,4,2026-06-20 05:36:00,2026-06-22 02:12:01,resolved
52,4,1,5,4,2026-06-24 18:03:00,,in_progress
53,2,3,4,7,2026-01-13 05:11:00,2026-01-14 17:30:40,resolved
54,5,4,3,6,2026-06-19 04:38:00,2026-06-25 04:10:37,resolved
55,3,1,4,4,2026-06-03 04:54:00,2026-06-03 05:22:27,resolved
56,5,3,1,2,2026-05-01 08:27:00,,cancelled
57,3,4,1,6,2026-03-08 12:03:00,2026-03-09 04:24:52,resolved
58,1,4,5,1,2026-01-08 03:59:00,2026-01-08 14:56:29,resolved
59,4,4,3,3,2026-04-15 09:34:00,2026-04-15 20:50:32,resolved
60,2,4,4,10,2026-05-15 03:21:00,2026-05-16 11:00:27,resolved
61,3,2,3,8,2026-02-22 19:13:00,2026-02-23 00:56:14,resolved
62,3,4,3,10,2026-01-02 19:11:00,2026-01-02 21:32:44,resolved
63,2,3,2,7,2026-05-09 02:17:00,2026-05-09 08:14:27,resolved
64,1,4,5,8,2026-01-14 14:20:00,2026-01-17 01:26:25,resolved
65,2,3,3,6,2026-05-25 23:05:00,,cancelled
66,5,1,2,1,2026-03-27 03:04:00,2026-03-27 06:26:50,resolved
67,1,2,1,2,2026-04-02 17:16:00,2026-04-02 21:08:00,resolved
68,1,4,5,9,2026-01-09 15:17:00,2026-01-10 16:09:35,resolved
69,3,2,5,7,2026-03-19 03:19:00,2026-03-19 18:09:53,resolved
70,4,3,4,3,2026-02-10 13:47:00,2026-02-10 22:17:46,resolved
71,4,1,1,1,2026-01-12 00:34:00,2026-01-12 01:45:23,resolved
72,1,2,1,5,2026-05-28 17:08:00,2026-05-28 19:39:34,resolved
73,1,4,1,3,2026-04-24 02:59:00,,in_progress
74,5,3,1,9,2026-05-13 22:07:00,2026-05-14 15:27:00,resolved
75,2,3,4,9,2026-06-12 01:33:00,2026-06-12 09:54:18,resolved
76,5,2,3,8,2026-05-15 01:46:00,2026-05-15 04:49:43,resolved
77,3,1,3,1,2026-01-13 13:37:00,2026-01-13 13:55:20,resolved
78,5,2,2,9,2026-06-06 03:24:00,2026-06-06 08:31:17,resolved
79,4,3,5,6,2026-04-27 08:24:00,,cancelled
80,4,2,1,10,2026-02-21 08:22:00,2026-02-21 11:45:54,resolved
81,3,4,3,7,2026-05-23 12:17:00,2026-05-24 05:30:03,resolved
82,3,4,2,5,2026-06-12 00:00:00,2026-06-13 11:21:12,resolved
83,2,2,3,6,2026-03-17 17:16:00,2026-03-18 01:55:01,resolved
84,4,1,3,8,2026-02-18 07:58:00,2026-02-18 09:48:52,resolved
85,4,3,3,2,2026-01-05 12:44:00,,in_progress
86,5,3,1,4,2026-06-22 02:28:00,2026-06-22 12:21:20,resolved
87,4,2,4,9,2026-04-03 11:03:00,2026-04-03 13:18:40,resolved
88,5,2,1,2,2026-02-09 16:07:00,2026-02-09 21:52:47,resolved
89,5,3,5,8,2026-03-24 12:20:00,2026-03-25 19:04:24,resolved
90,2,1,1,4,2026-01-02 14:56:00,,cancelled
91,4,2,4,10,2026-05-18 15:57:00,2026-05-19 04:10:09,resolved
92,1,2,4,2,2026-03-15 00:37:00,2026-03-15 01:31:17,resolved
93,4,2,3,2,2026-06-11 23:57:00,2026-06-12 01:59:32,resolved
94,4,2,3,3,2026-04-18 21:30:00,2026-04-19 01:27:38,resolved
95,3,1,5,7,2026-03-18 00:32:00,2026-03-18 02:50:15,resolved
96,3,2,1,4,2026-01-21 09:58:00,2026-01-22 01:03:57,resolved
97,4,1,4,10,2026-01-21 16:05:00,2026-01-21 16:35:09,resolved
98,3,2,1,5,2026-02-21 22:38:00,2026-02-21 23:52:43,resolved
99,3,2,5,5,2026-04-29 10:03:00,2026-04-29 10:51:55,resolved
100,2,2,5,1,2026-03-30 10:14:00,2026-03-30 11:57:40,resolved
101,2,4,3,9,2026-05-05 19:26:00,2026-05-10 22:44:45,resolved
102,4,3,4,8,2026-01-05 02:59:00,2026-01-05 13:21:56,resolved
103,3,2,1,6,2026-04-20 17:48:00,2026-04-20 23:30:28,resolved
104,1,2,5,3,2026-01-16 04:51:00,2026-01-16 10:30:13,resolved
105,2,2,3,9,2026-03-16 20:54:00,2026-03-17 03:08:16,resolved
106,3,3,4,5,2026-04-30 03:12:00,2026-04-30 18:39:36,resolved
107,4,2,3,3,2026-01-20 16:20:00,2026-01-20 18:45:14,resolved
108,1,1,1,2,2026-03-18 05:10:00,2026-03-18 08:10:28,resolved
109,3,1,1,6,2026-05-21 19:43:00,2026-05-21 21:57:18,resolved
110,2,3,2,3,2026-03-15 03:41:00,2026-03-15 16:49:03,resolved
111,5,2,5,10,2026-04-05 01:21:00,2026-04-05 12:47:48,resolved
112,3,4,3,8,2026-01-18 18:52:00,2026-01-19 05:13:25,resolved
113,5,1,4,7,2026-05-05 04:10:00,2026-05-05 05:57:33,resolved
114,4,1,5,4,2026-04-14 00:37:00,2026-04-14 02:27:46,resolved
115,3,1,4,6,2026-02-11 10:59:00,,cancelled
116,3,3,3,8,2026-01-14 01:48:00,,cancelled
117,5,4,4,3,2026-04-29 14:12:00,2026-05-01 16:28:10,resolved
118,1,2,4,2,2026-05-22 17:54:00,2026-05-22 23:28:00,resolved
119,4,3,2,6,2026-05-09 01:03:00,2026-05-10 18:57:10,resolved
120,4,2,3,8,2026-03-13 03:38:00,2026-03-13 05:04:37,resolved
121,3,3,5,4,2026-06-06 09:26:00,2026-06-06 16:21:22,resolved
122,1,4,3,1,2026-06-25 07:23:00,2026-06-27 04:07:23,resolved
123,5,2,5,7,2026-04-28 09:36:00,2026-04-29 00:57:55,resolved
124,2,2,2,4,2026-01-08 17:59:00,,cancelled
125,3,1,1,1,2026-06-09 12:32:00,2026-06-09 14:11:07,resolved
126,1,3,5,4,2026-01-25 00:08:00,,cancelled
127,5,2,4,6,2026-03-04 03:13:00,2026-03-04 16:31:11,resolved
128,4,3,1,9,2026-03-02 11:16:00,2026-03-02 20:37:35,resolved
129,3,1,5,9,2026-02-01 00:58:00,2026-02-01 04:00:33,resolved
130,3,3,3,9,2026-05-16 17:33:00,2026-05-17 06:45:13,resolved
131,2,4,5,10,2026-02-19 00:06:00,2026-02-23 02:44:37,resolved
132,1,4,5,2,2026-04-07 04:43:00,2026-04-08 16:23:15,resolved
133,5,2,1,1,2026-05-23 23:07:00,2026-05-24 06:29:36,resolved
134,4,3,4,3,2026-02-16 18:47:00,2026-02-16 20:19:18,resolved
135,2,1,3,6,2026-02-24 06:21:00,2026-02-24 07:42:57,resolved
136,3,3,5,10,2026-06-14 08:08:00,2026-06-14 13:44:47,resolved
137,5,2,4,4,2026-06-19 18:52:00,,cancelled
138,2,3,5,6,2026-04-16 03:01:00,2026-04-16 06:03:31,resolved
139,3,3,3,7,2026-03-10 06:41:00,2026-03-10 20:56:59,resolved
140,5,3,3,10,2026-01-09 16:35:00,2026-01-11 04:04:18,resolved
141,3,4,3,1,2026-02-19 04:57:00,2026-02-20 19:39:35,resolved
142,5,2,4,10,2026-06-21 12:33:00,2026-06-21 14:51:28,resolved
143,4,4,4,8,2026-06-22 06:35:00,2026-06-23 03:24:35,resolved
144,5,2,4,5,2026-06-04 15:26:00,2026-06-04 20:44:14,resolved
145,5,1,4,2,2026-01-17 21:27:00,2026-01-17 23:10:37,resolved
146,5,2,5,6,2026-01-30 19:50:00,,cancelled
147,5,4,1,5,2026-05-24 14:54:00,2026-05-29 17:53:00,resolved
148,1,3,4,9,2026-01-06 04:04:00,,in_progress
149,5,2,5,1,2026-03-04 05:09:00,,cancelled
150,2,3,2,1,2026-06-10 17:44:00,2026-06-11 05:36:34,resolved
151,2,4,3,4,2026-04-24 04:53:00,2026-04-28 10:44:47,resolved
152,5,4,4,2,2026-06-02 01:11:00,2026-06-04 04:54:45,resolved
153,5,4,1,3,2026-04-10 14:42:00,2026-04-16 01:51:26,resolved
154,4,1,4,6,2026-06-18 04:49:00,2026-06-18 05:10:13,resolved
155,3,1,2,1,2026-04-13 12:50:00,2026-04-13 15:10:11,resolved
156,1,4,4,9,2026-01-12 11:21:00,2026-01-13 07:02:24,resolved
157,3,1,4,9,2026-01-13 06:59:00,2026-01-13 08:52:51,resolved
158,3,3,2,5,2026-04-29 01:22:00,2026-04-29 06:40:16,resolved
159,4,3,2,3,2026-04-03 20:35:00,2026-04-04 13:12:51,resolved
160,3,3,3,6,2026-05-03 19:01:00,,cancelled
161,2,1,5,1,2026-03-25 15:11:00,2026-03-25 15:48:16,resolved
162,3,4,2,3,2026-01-03 16:37:00,2026-01-04 06:42:02,resolved
163,5,1,2,6,2026-06-04 04:15:00,2026-06-04 05:57:56,resolved
164,3,3,3,9,2026-05-10 12:51:00,,cancelled
165,4,3,1,8,2026-02-02 22:19:00,2026-02-03 16:35:27,resolved
166,3,3,3,4,2026-06-19 12:57:00,2026-06-20 03:09:13,resolved
167,1,1,5,6,2026-01-28 13:06:00,2026-01-28 14:33:56,resolved
168,4,3,2,1,2026-06-02 05:09:00,,cancelled
169,1,3,1,6,2026-02-04 21:10:00,2026-02-05 19:31:43,resolved
170,3,3,5,3,2026-05-09 21:57:00,2026-05-10 11:56:56,resolved
171,1,3,1,5,2026-01-20 16:58:00,2026-01-21 12:33:08,resolved
172,2,2,5,4,2026-04-19 03:08:00,2026-04-19 07:58:03,resolved
173,1,1,2,2,2026-02-05 15:47:00,2026-02-05 18:25:10,resolved
174,1,1,1,4,2026-04-21 15:11:00,2026-04-21 16:45:37,resolved
175,4,2,2,7,2026-03-06 09:39:00,2026-03-06 14:29:19,resolved
176,5,3,5,7,2026-05-17 12:24:00,,cancelled
177,4,3,5,5,2026-06-02 05:10:00,2026-06-02 08:58:39,resolved
178,3,3,2,3,2026-06-03 06:58:00,2026-06-04 03:47:23,resolved
179,5,3,5,10,2026-01-18 04:37:00,2026-01-18 08:40:58,resolved
180,4,2,5,3,2026-01-28 10:34:00,2026-01-28 11:00:58,resolved
181,5,1,2,9,2026-02-27 08:42:00,2026-02-27 09:19:23,resolved
182,2,1,5,5,2026-06-03 12:11:00,2026-06-03 12:55:18,resolved
183,1,2,4,7,2026-01-21 19:13:00,2026-01-22 00:31:25,resolved
184,3,1,1,2,2026-01-19 09:39:00,2026-01-19 11:14:32,resolved
185,5,2,4,3,2026-05-21 02:54:00,2026-05-21 03:46:54,resolved
186,5,2,1,6,2026-01-20 17:37:00,2026-01-20 19:18:01,resolved
187,5,3,1,3,2026-03-14 15:08:00,2026-03-15 01:48:46,resolved
188,5,3,5,1,2026-03-15 01:50:00,2026-03-16 07:30:02,resolved
189,5,3,2,4,2026-02-18 07:45:00,2026-02-18 08:05:24,resolved
190,3,1,4,9,2026-05-22 20:43:00,2026-05-22 23:58:31,resolved
191,5,4,2,4,2026-05-14 07:14:00,2026-05-16 09:48:22,resolved
192,3,2,4,9,2026-01-12 11:02:00,,cancelled
193,5,1,4,7,2026-03-20 19:44:00,,cancelled
194,2,4,5,8,2026-06-02 16:57:00,2026-06-06 00:04:56,resolved
195,3,3,4,4,2026-05-22 08:03:00,2026-05-22 17:01:44,resolved
196,5,3,3,7,2026-02-23 13:10:00,,cancelled
197,2,3,1,2,2026-06-18 00:06:00,2026-06-18 03:53:47,resolved
198,1,3,3,3,2026-04-21 04:53:00,2026-04-21 12:33:36,resolved
199,2,1,4,4,2026-05-20 23:10:00,2026-05-21 00:46:21,resolved
200,1,1,1,2,2026-06-01 20:38:00,2026-06-01 23:01:09,resolved
201,1,4,3,9,2026-05-26 20:35:00,2026-05-30 08:19:23,resolved
202,5,4,1,5,2026-03-22 14:10:00,2026-03-24 05:04:44,resolved
203,4,3,1,3,2026-03-01 05:55:00,2026-03-01 15:18:59,resolved
204,1,1,5,7,2026-01-19 19:24:00,2026-01-19 21:33:54,resolved
205,1,3,3,1,2026-06-16 13:51:00,2026-06-17 05:21:50,resolved
206,2,1,2,9,2026-05-03 17:11:00,2026-05-03 18:45:20,resolved
207,2,4,5,8,2026-01-26 20:12:00,2026-01-27 13:52:37,resolved
208,2,4,3,5,2026-01-16 21:17:00,2026-01-18 00:37:53,resolved
209,5,3,4,9,2026-04-20 13:47:00,2026-04-21 22:53:29,resolved
210,2,4,3,10,2026-02-25 03:32:00,2026-02-25 08:15:19,resolved
211,4,3,5,2,2026-04-14 13:20:00,2026-04-15 04:08:17,resolved
212,1,2,4,1,2026-02-16 04:41:00,2026-02-16 07:32:18,resolved
213,2,4,2,10,2026-04-28 19:55:00,2026-04-30 04:33:46,resolved
214,2,1,3,1,2026-06-07 03:44:00,,in_progress
215,5,1,2,7,2026-01-27 07:43:00,2026-01-27 10:44:02,resolved
216,1,1,4,8,2026-03-08 10:03:00,2026-03-08 10:33:33,resolved
217,2,2,1,9,2026-01-26 11:01:00,,in_progress
218,4,4,5,2,2026-06-24 09:34:00,2026-06-26 22:29:50,resolved
219,1,1,3,4,2026-03-01 22:28:00,2026-03-01 23:45:43,resolved
220,5,4,2,7,2026-05-26 12:50:00,2026-05-28 04:33:53,resolved
221,2,2,4,10,2026-04-25 21:21:00,2026-04-26 03:03:18,resolved
222,1,1,2,5,2026-02-23 21:02:00,,cancelled
223,4,1,3,1,2026-03-07 03:05:00,2026-03-07 04:03:16,resolved
224,3,1,5,3,2026-02-01 11:39:00,2026-02-01 12:39:17,resolved
225,4,1,4,8,2026-05-30 15:50:00,2026-05-30 17:31:03,resolved
226,5,1,4,3,2026-01-06 08:13:00,2026-01-06 11:46:25,resolved
227,2,2,1,6,2026-03-26 23:50:00,2026-03-27 07:14:01,resolved
228,2,4,2,10,2026-02-18 05:51:00,2026-02-18 17:30:05,resolved
229,5,1,3,5,2026-01-01 19:14:00,2026-01-01 20:31:08,resolved
230,3,2,2,9,2026-05-14 02:58:00,2026-05-14 04:01:21,resolved
231,3,2,1,8,2026-06-03 22:34:00,2026-06-04 03:13:45,resolved
232,3,1,1,7,2026-01-11 08:31:00,2026-01-11 09:00:54,resolved
233,2,3,3,8,2026-01-03 17:59:00,2026-01-04 01:33:16,resolved
234,5,1,3,10,2026-05-06 06:49:00,2026-05-06 07:15:47,resolved
235,4,3,5,10,2026-05-21 07:04:00,,in_progress
236,4,4,1,4,2026-04-29 03:40:00,2026-05-01 07:33:39,resolved
237,5,1,1,4,2026-05-08 22:31:00,2026-05-08 23:55:22,resolved
238,1,3,5,3,2026-04-18 16:29:00,2026-04-19 12:01:16,resolved
239,5,1,5,7,2026-06-05 03:51:00,2026-06-05 07:28:44,resolved
240,1,2,2,2,2026-03-04 14:40:00,,cancelled
241,5,1,3,7,2026-02-06 22:58:00,2026-02-07 01:44:00,resolved
242,1,1,3,5,2026-06-26 07:03:00,2026-06-26 07:28:51,resolved
243,4,3,2,8,2026-02-14 18:10:00,2026-02-15 02:19:25,resolved
244,5,2,2,2,2026-03-26 18:49:00,,in_progress
245,3,3,5,7,2026-04-13 07:40:00,2026-04-13 19:31:55,resolved
246,1,4,4,8,2026-03-13 03:05:00,2026-03-15 05:44:33,resolved
247,5,1,4,1,2026-02-01 00:21:00,2026-02-01 01:11:32,resolved
248,3,4,1,6,2026-05-19 06:14:00,2026-05-20 17:52:57,resolved
249,3,4,1,3,2026-01-25 00:07:00,2026-01-25 08:46:24,resolved
250,1,2,4,5,2026-03-28 20:17:00,2026-03-29 01:59:06,resolved
251,4,3,4,9,2026-03-12 09:10:00,2026-03-13 10:51:54,resolved
252,5,4,1,6,2026-05-14 03:11:00,,in_progress
253,4,2,5,2,2026-03-29 20:23:00,2026-03-30 03:07:14,resolved
254,4,3,3,6,2026-02-09 00:41:00,2026-02-09 17:00:09,resolved
255,4,2,3,10,2026-01-21 08:00:00,2026-01-21 10:04:22,resolved
256,3,2,5,5,2026-04-28 09:47:00,2026-04-28 20:40:52,resolved
257,1,3,3,7,2026-03-26 09:06:00,2026-03-26 13:44:43,resolved
258,3,4,1,4,2026-05-06 16:30:00,2026-05-08 10:15:51,resolved
259,2,2,3,8,2026-06-17 15:16:00,2026-06-17 22:13:14,resolved
260,1,4,1,4,2026-04-23 01:40:00,2026-04-25 02:15:28,resolved
261,4,4,5,5,2026-01-16 11:29:00,,cancelled
262,2,2,4,8,2026-01-20 17:59:00,2026-01-20 23:10:05,resolved
263,2,2,4,3,2026-02-28 06:04:00,2026-02-28 06:57:08,resolved
264,5,2,5,2,2026-02-23 12:57:00,2026-02-24 01:31:25,resolved
265,5,4,5,2,2026-01-08 22:40:00,2026-01-10 23:47:58,resolved
266,4,3,5,3,2026-04-24 03:48:00,2026-04-25 11:02:29,resolved
267,3,4,4,10,2026-01-10 05:33:00,2026-01-12 21:39:08,resolved
268,3,1,2,9,2026-04-19 01:54:00,,in_progress
269,4,4,2,3,2026-02-20 21:58:00,2026-02-26 09:05:55,resolved
270,4,2,2,5,2026-03-29 03:27:00,,in_progress
271,2,3,4,10,2026-04-10 15:15:00,,cancelled
272,2,1,2,3,2026-06-02 05:54:00,2026-06-02 07:41:12,resolved
273,1,1,5,9,2026-04-14 19:07:00,2026-04-14 21:55:39,resolved
274,5,3,4,4,2026-05-23 23:43:00,2026-05-24 02:35:13,resolved
275,1,1,3,1,2026-03-04 00:18:00,,cancelled
276,1,1,1,6,2026-03-08 18:31:00,,cancelled
277,1,2,1,10,2026-06-21 17:46:00,2026-06-22 00:47:43,resolved
278,2,1,5,1,2026-06-08 12:16:00,2026-06-08 13:44:15,resolved
279,4,3,1,6,2026-03-04 10:15:00,2026-03-05 06:05:23,resolved
280,2,4,4,5,2026-02-07 19:03:00,2026-02-09 14:32:06,resolved
281,3,4,5,8,2026-04-04 22:46:00,2026-04-07 09:04:41,resolved
282,5,3,2,6,2026-04-03 12:49:00,2026-04-04 22:58:56,resolved
283,1,2,5,9,2026-06-15 19:48:00,2026-06-15 21:50:15,resolved
284,2,1,1,9,2026-03-14 00:31:00,2026-03-14 02:18:27,resolved
285,4,3,1,3,2026-01-15 23:08:00,2026-01-16 12:58:35,resolved
286,2,2,1,4,2026-03-18 13:36:00,2026-03-19 00:51:42,resolved
287,5,4,4,4,2026-06-11 09:02:00,2026-06-12 05:52:15,resolved
288,3,2,1,10,2026-05-24 23:30:00,2026-05-25 01:46:43,resolved
289,2,3,2,9,2026-06-02 11:36:00,2026-06-03 09:42:23,resolved
290,4,3,4,4,2026-02-06 08:58:00,2026-02-06 11:45:09,resolved
291,2,4,2,10,2026-03-11 02:23:00,2026-03-13 20:00:10,resolved
292,3,4,2,9,2026-03-18 19:12:00,2026-03-23 22:11:21,resolved
293,1,2,4,3,2026-05-31 14:04:00,2026-05-31 20:37:26,resolved
294,2,2,2,8,2026-01-18 21:38:00,2026-01-19 01:09:16,resolved
295,3,3,3,5,2026-01-13 16:47:00,2026-01-14 00:36:27,resolved
296,5,1,5,10,2026-03-10 03:14:00,2026-03-10 05:47:48,resolved
297,3,4,1,3,2026-03-28 09:06:00,,cancelled
298,1,2,3,6,2026-03-16 19:40:00,2026-03-17 02:53:24,resolved
299,2,1,2,2,2026-05-11 18:24:00,2026-05-11 21:45:29,resolved
300,1,3,1,7,2026-04-24 09:46:00,2026-04-24 13:16:48,resolved
301,3,1,4,5,2026-05-20 05:43:00,2026-05-20 06:01:17,resolved
302,2,4,4,5,2026-04-11 21:09:00,2026-04-12 02:42:31,resolved
303,2,1,5,5,2026-02-03 22:04:00,2026-02-03 23:38:14,resolved
304,5,4,4,3,2026-01-31 04:27:00,2026-01-31 18:28:09,resolved
305,4,3,3,1,2026-06-09 17:38:00,2026-06-10 01:03:06,resolved
306,1,4,1,6,2026-03-27 15:40:00,2026-04-01 08:02:44,resolved
307,1,1,5,1,2026-01-13 16:58:00,2026-01-13 18:35:52,resolved
308,4,1,5,3,2026-05-01 00:25:00,2026-05-01 01:23:43,resolved
309,5,3,3,1,2026-03-25 19:44:00,2026-03-26 04:18:35,resolved
310,4,1,2,10,2026-04-26 16:54:00,2026-04-26 20:33:03,resolved
311,5,2,4,8,2026-01-24 22:17:00,,cancelled
312,4,3,4,10,2026-05-16 20:22:00,2026-05-18 01:51:23,resolved
313,3,4,3,10,2026-06-19 00:09:00,2026-06-19 08:48:22,resolved
314,3,4,2,7,2026-04-15 16:43:00,2026-04-17 11:49:16,resolved
315,4,1,5,7,2026-02-27 21:12:00,2026-02-27 22:33:04,resolved
316,5,4,1,2,2026-05-04 14:04:00,2026-05-06 10:46:40,resolved
317,5,4,1,7,2026-03-12 20:52:00,2026-03-15 07:44:40,resolved
318,3,1,4,7,2026-06-29 06:29:00,2026-06-29 07:31:04,resolved
319,4,2,1,6,2026-06-29 00:12:00,2026-06-29 02:32:07,resolved
320,3,1,5,8,2026-03-30 08:32:00,2026-03-30 09:46:43,resolved
321,4,4,1,1,2026-04-10 09:35:00,,in_progress
322,4,4,4,4,2026-05-22 17:02:00,2026-05-23 09:03:03,resolved
323,5,4,2,3,2026-03-08 10:48:00,2026-03-12 22:08:33,resolved
324,5,2,3,7,2026-02-02 21:23:00,2026-02-03 02:35:51,resolved
325,2,1,3,8,2026-02-05 06:22:00,2026-02-05 07:25:35,resolved
326,2,2,1,8,2026-05-26 07:52:00,,cancelled
327,3,4,5,4,2026-01-05 00:22:00,2026-01-08 06:13:10,resolved
328,5,3,1,4,2026-03-02 03:17:00,2026-03-02 09:51:11,resolved
329,3,3,3,10,2026-04-08 12:09:00,2026-04-09 08:48:16,resolved
330,2,2,4,7,2026-02-08 14:28:00,2026-02-08 20:52:04,resolved
331,2,4,1,6,2026-04-04 13:03:00,2026-04-06 07:56:16,resolved
332,1,4,5,6,2026-02-11 01:53:00,2026-02-11 08:20:24,resolved
333,2,2,5,7,2026-01-07 05:26:00,2026-01-07 08:55:35,resolved
334,4,1,2,9,2026-03-31 23:27:00,2026-03-31 23:57:28,resolved
335,2,3,2,1,2026-01-01 20:31:00,2026-01-02 13:22:41,resolved
336,3,2,4,7,2026-06-27 07:20:00,2026-06-27 09:37:36,resolved
337,4,1,4,6,2026-01-29 20:47:00,,cancelled
338,5,4,1,3,2026-06-30 07:00:00,2026-06-30 09:23:33,resolved
339,5,4,3,9,2026-05-05 07:18:00,,in_progress
340,3,4,4,1,2026-02-09 14:49:00,2026-02-10 20:38:39,resolved
341,4,1,5,2,2026-04-15 03:29:00,2026-04-15 04:24:36,resolved
342,1,2,4,5,2026-05-02 02:03:00,2026-05-02 16:48:29,resolved
343,1,1,1,7,2026-02-18 12:38:00,2026-02-18 15:29:05,resolved
344,2,2,1,6,2026-02-14 01:27:00,,cancelled
345,5,4,2,4,2026-03-13 05:35:00,2026-03-14 12:18:44,resolved
346,2,1,4,4,2026-02-16 12:00:00,2026-02-16 13:30:15,resolved
347,2,2,3,7,2026-02-11 09:31:00,2026-02-11 15:13:56,resolved
348,1,3,2,5,2026-03-12 13:00:00,2026-03-12 19:57:40,resolved
349,4,3,4,6,2026-06-14 05:42:00,2026-06-14 23:59:50,resolved
350,4,3,5,4,2026-05-22 14:57:00,2026-05-23 05:43:25,resolved
351,5,1,3,3,2026-01-01 20:24:00,2026-01-01 21:19:14,resolved
352,5,3,2,9,2026-06-07 23:19:00,2026-06-08 09:04:28,resolved
353,1,3,5,6,2026-01-11 13:08:00,2026-01-12 07:56:33,resolved
354,1,4,2,4,2026-05-26 01:57:00,,in_progress
355,5,3,5,2,2026-03-23 23:56:00,2026-03-24 13:32:51,resolved
356,3,1,5,4,2026-06-05 00:59:00,2026-06-05 01:21:06,resolved
357,3,1,1,6,2026-04-10 09:47:00,2026-04-10 12:37:40,resolved
358,4,4,2,4,2026-02-25 10:18:00,,cancelled
359,1,3,2,6,2026-01-18 20:07:00,2026-01-19 13:00:25,resolved
360,2,4,4,2,2026-06-17 01:29:00,2026-06-22 19:33:34,resolved
361,5,3,4,5,2026-01-04 20:00:00,2026-01-05 06:04:00,resolved
362,3,3,3,1,2026-06-25 03:27:00,2026-06-25 08:20:23,resolved
363,2,4,3,10,2026-06-03 19:42:00,2026-06-04 02:20:23,resolved
364,4,4,2,1,2026-05-01 19:39:00,2026-05-02 10:33:08,resolved
365,2,1,1,9,2026-01-06 12:34:00,2026-01-06 14:23:52,resolved
366,2,4,3,8,2026-02-24 06:02:00,,cancelled
367,2,4,1,5,2026-02-02 03:10:00,,in_progress
368,1,4,1,3,2026-01-10 17:08:00,2026-01-13 06:38:25,resolved
369,4,4,1,10,2026-04-01 01:27:00,2026-04-03 06:24:28,resolved
370,5,1,2,3,2026-05-30 02:14:00,2026-05-30 04:07:22,resolved
371,3,1,5,6,2026-02-07 18:00:00,2026-02-07 21:48:03,resolved
372,5,3,4,10,2026-05-17 17:21:00,2026-05-18 13:28:39,resolved
373,5,4,1,9,2026-01-23 12:28:00,2026-01-26 08:13:18,resolved
374,2,4,3,6,2026-01-20 15:48:00,2026-01-24 15:47:07,resolved
375,5,4,1,9,2026-05-14 01:36:00,2026-05-15 22:48:41,resolved
376,1,2,2,10,2026-02-26 05:30:00,2026-02-26 06:56:19,resolved
377,4,3,3,2,2026-02-13 01:38:00,2026-02-13 07:42:39,resolved
378,2,2,5,9,2026-04-12 06:37:00,2026-04-12 16:01:37,resolved
379,5,2,4,3,2026-04-30 17:44:00,2026-05-01 08:38:30,resolved
380,4,4,5,10,2026-04-24 11:34:00,2026-04-25 15:09:06,resolved
381,5,1,4,7,2026-06-29 19:58:00,2026-06-29 23:20:14,resolved
382,5,3,5,9,2026-05-28 09:10:00,2026-05-28 18:15:17,resolved
383,5,2,1,9,2026-05-26 07:30:00,2026-05-26 07:57:42,resolved
384,3,2,4,1,2026-06-19 11:16:00,2026-06-19 15:24:44,resolved
385,5,3,3,8,2026-03-30 10:51:00,,cancelled
386,5,2,5,8,2026-04-15 15:29:00,2026-04-15 18:42:09,resolved
387,4,1,4,7,2026-03-02 14:48:00,,in_progress
388,4,3,1,8,2026-05-23 00:52:00,2026-05-25 00:41:35,resolved
389,2,3,5,8,2026-01-13 05:20:00,2026-01-13 10:10:10,resolved
390,1,2,4,6,2026-02-02 18:50:00,2026-02-03 07:00:20,resolved
391,4,2,5,2,2026-02-08 21:32:00,2026-02-09 07:51:01,resolved
392,2,1,2,6,2026-01-25 17:16:00,2026-01-25 18:32:57,resolved
393,5,1,4,1,2026-01-12 11:27:00,2026-01-12 13:52:14,resolved
394,5,3,2,1,2026-06-25 11:04:00,2026-06-25 13:35:10,resolved
395,1,3,1,4,2026-05-03 21:39:00,2026-05-04 14:31:55,resolved
396,2,1,5,3,2026-01-24 15:03:00,2026-01-24 16:53:52,resolved
397,4,1,1,5,2026-05-10 06:36:00,2026-05-10 08:16:44,resolved
398,4,3,3,10,2026-02-07 09:01:00,2026-02-07 11:04:50,resolved
399,5,4,2,1,2026-06-02 23:22:00,2026-06-04 18:56:25,resolved
400,1,2,2,8,2026-06-22 07:58:00,2026-06-22 22:09:10,resolved
401,1,3,2,8,2026-02-11 01:15:00,2026-02-11 06:50:55,resolved
402,1,3,2,4,2026-05-29 03:25:00,2026-05-31 02:35:39,resolved
403,3,1,5,1,2026-05-20 18:06:00,2026-05-20 18:24:00,resolved
404,1,3,2,6,2026-05-13 23:44:00,2026-05-14 02:20:52,resolved
405,1,1,1,6,2026-06-09 21:57:00,2026-06-10 00:04:55,resolved
406,3,1,5,4,2026-04-08 19:22:00,2026-04-08 20:16:09,resolved
407,4,3,2,5,2026-05-24 20:34:00,,cancelled
408,4,4,1,2,2026-02-27 10:44:00,2026-03-02 02:58:27,resolved
409,2,3,3,6,2026-05-05 16:14:00,2026-05-06 06:48:40,resolved
410,2,3,3,6,2026-04-23 02:38:00,2026-04-24 15:33:46,resolved
411,4,4,3,6,2026-05-02 12:02:00,2026-05-07 23:10:30,resolved
412,3,1,4,6,2026-04-21 15:47:00,,cancelled
413,5,4,3,5,2026-05-28 09:51:00,2026-05-30 06:23:36,resolved
414,4,1,5,8,2026-03-13 18:32:00,2026-03-13 19:57:31,resolved
415,3,2,2,3,2026-04-29 10:13:00,2026-04-30 01:00:13,resolved
416,1,3,4,9,2026-04-26 07:57:00,2026-04-27 05:49:42,resolved
417,1,2,2,6,2026-04-16 06:16:00,2026-04-16 11:03:33,resolved
418,4,1,2,2,2026-03-11 03:45:00,2026-03-11 04:18:16,resolved
419,5,2,1,7,2026-04-18 02:53:00,2026-04-18 05:54:48,resolved
420,5,4,4,8,2026-02-15 06:08:00,,cancelled
421,5,3,4,7,2026-05-19 12:12:00,2026-05-21 06:44:53,resolved
422,2,3,5,5,2026-04-22 01:57:00,,in_progress
423,1,3,5,7,2026-01-25 15:34:00,2026-01-27 13:33:21,resolved
424,4,2,1,2,2026-05-31 07:34:00,2026-05-31 18:56:28,resolved
425,2,1,3,8,2026-06-12 20:48:00,2026-06-12 21:11:49,resolved
426,5,4,1,7,2026-06-04 00:29:00,,cancelled
427,1,2,2,10,2026-03-16 07:56:00,2026-03-16 21:09:15,resolved
428,3,1,5,9,2026-02-12 21:30:00,2026-02-12 22:31:50,resolved
429,4,1,2,6,2026-04-04 17:28:00,,cancelled
430,1,1,3,4,2026-06-25 16:55:00,2026-06-25 19:09:43,resolved
431,5,1,1,2,2026-01-28 02:25:00,2026-01-28 03:19:08,resolved
432,1,3,5,1,2026-05-17 05:20:00,,in_progress
433,1,2,3,2,2026-06-24 21:52:00,2026-06-25 03:16:34,resolved
434,5,4,3,8,2026-04-20 18:13:00,,cancelled
435,3,1,3,1,2026-04-18 14:55:00,2026-04-18 18:05:46,resolved
436,2,1,5,2,2026-04-17 05:45:00,2026-04-17 06:35:07,resolved
437,5,3,2,10,2026-04-18 12:42:00,2026-04-18 20:17:25,resolved
438,3,3,1,10,2026-02-23 05:24:00,2026-02-23 15:17:16,resolved
439,4,3,2,10,2026-01-06 04:01:00,2026-01-06 20:00:41,resolved
440,3,1,5,6,2026-05-07 03:24:00,2026-05-07 04:02:52,resolved
441,5,1,2,9,2026-02-14 19:15:00,,cancelled
442,4,1,1,4,2026-04-10 22:10:00,2026-04-10 23:11:32,resolved
443,3,2,2,7,2026-01-27 22:37:00,,cancelled
444,2,2,5,3,2026-05-21 08:09:00,2026-05-21 12:44:16,resolved
445,2,1,5,8,2026-03-25 07:50:00,2026-03-25 09:16:10,resolved
446,3,4,5,10,2026-02-19 16:58:00,2026-02-22 04:26:44,resolved
447,5,1,1,9,2026-06-11 09:58:00,2026-06-11 13:47:30,resolved
448,5,3,3,2,2026-01-19 20:07:00,2026-01-20 14:39:18,resolved
449,4,1,3,8,2026-06-21 10:49:00,2026-06-21 11:26:35,resolved
450,1,1,2,9,2026-01-08 14:04:00,2026-01-08 14:32:21,resolved
451,1,1,5,1,2026-04-26 17:38:00,2026-04-26 19:28:07,resolved
452,3,2,2,3,2026-06-16 00:45:00,2026-06-16 06:41:45,resolved
453,5,2,4,6,2026-05-20 14:39:00,2026-05-20 17:00:22,resolved
454,2,2,1,6,2026-02-19 18:25:00,,cancelled
455,2,3,2,6,2026-05-13 07:35:00,2026-05-13 14:26:13,resolved
456,4,4,2,4,2026-01-28 08:31:00,2026-02-01 13:30:46,resolved
457,4,3,1,8,2026-05-23 07:58:00,2026-05-24 04:50:41,resolved
458,3,2,4,8,2026-03-26 04:59:00,2026-03-26 06:50:12,resolved
459,1,2,1,10,2026-06-09 10:36:00,2026-06-09 15:39:50,resolved
460,4,2,3,5,2026-01-31 08:55:00,2026-01-31 21:15:01,resolved
461,3,1,1,10,2026-02-09 09:14:00,2026-02-09 11:25:14,resolved
462,4,3,2,10,2026-03-13 16:47:00,2026-03-14 00:07:14,resolved
463,2,3,1,7,2026-04-06 06:11:00,2026-04-06 09:57:18,resolved
464,4,4,5,3,2026-02-20 02:42:00,2026-02-22 04:23:04,resolved
465,5,2,2,2,2026-02-11 03:16:00,2026-02-11 13:15:49,resolved
466,1,1,4,10,2026-04-14 19:26:00,2026-04-14 20:20:32,resolved
467,2,3,3,8,2026-03-09 22:48:00,,cancelled
468,5,4,3,1,2026-03-20 04:10:00,2026-03-21 11:34:18,resolved
469,5,2,4,6,2026-06-06 14:04:00,2026-06-06 18:43:00,resolved
470,3,1,3,4,2026-05-07 22:06:00,2026-05-07 23:21:52,resolved
471,1,1,1,5,2026-03-27 13:54:00,2026-03-27 15:05:58,resolved
472,2,3,4,6,2026-04-15 11:31:00,2026-04-15 18:00:11,resolved
473,1,2,5,1,2026-06-06 20:38:00,,cancelled
474,4,1,5,2,2026-06-20 07:44:00,,cancelled
475,3,4,3,9,2026-06-30 00:35:00,2026-07-06 00:21:17,resolved
476,5,4,2,8,2026-05-10 23:39:00,2026-05-13 14:50:48,resolved
477,2,1,4,8,2026-02-17 05:57:00,2026-02-17 07:14:08,resolved
478,3,2,5,10,2026-01-20 15:47:00,2026-01-20 18:36:31,resolved
479,1,3,3,2,2026-02-10 15:18:00,2026-02-11 01:27:40,resolved
480,2,1,5,6,2026-06-29 13:33:00,2026-06-29 17:11:49,resolved
481,2,2,3,3,2026-04-18 08:42:00,2026-04-18 17:53:40,resolved
482,5,1,2,3,2026-01-19 10:00:00,2026-01-19 10:50:42,resolved
483,5,3,4,5,2026-04-24 21:42:00,2026-04-25 06:37:03,resolved
484,3,3,2,2,2026-03-21 22:28:00,2026-03-22 07:35:41,resolved
485,3,2,1,7,2026-02-25 15:58:00,2026-02-25 17:56:13,resolved
486,1,1,3,6,2026-01-30 18:22:00,2026-01-30 19:47:02,resolved
487,5,3,3,9,2026-03-15 23:52:00,2026-03-16 14:33:34,resolved
488,4,1,4,8,2026-06-25 16:42:00,2026-06-25 17:31:08,resolved
489,2,3,5,7,2026-04-06 07:47:00,2026-04-06 12:11:10,resolved
490,4,4,2,6,2026-02-06 14:38:00,,cancelled
491,2,4,3,8,2026-03-28 02:47:00,,in_progress
492,1,2,1,6,2026-04-12 02:42:00,2026-04-12 08:41:01,resolved
493,3,4,5,2,2026-06-07 07:06:00,2026-06-12 15:31:03,resolved
494,4,4,2,1,2026-05-12 20:37:00,2026-05-14 00:33:08,resolved
495,5,4,5,8,2026-05-19 09:12:00,2026-05-20 05:43:24,resolved
496,4,4,5,6,2026-06-06 23:15:00,2026-06-11 08:27:02,resolved
497,2,2,2,9,2026-02-08 15:13:00,,in_progress
498,5,3,3,9,2026-05-12 00:17:00,2026-05-13 22:01:51,resolved
499,4,2,5,6,2026-02-07 16:40:00,2026-02-08 03:14:26,resolved
500,4,3,2,6,2026-05-26 10:10:00,2026-05-26 18:17:08,resolved
501,2,4,5,6,2026-05-10 05:10:00,,in_progress
502,3,4,3,9,2026-05-07 02:42:00,2026-05-09 14:51:52,resolved
503,1,4,1,5,2026-02-18 04:06:00,2026-02-20 13:34:35,resolved
504,2,3,4,6,2026-01-30 10:10:00,,cancelled
505,1,2,4,10,2026-04-09 19:50:00,2026-04-09 20:25:05,resolved
506,4,3,5,2,2026-03-26 18:35:00,,cancelled
507,3,3,4,6,2026-04-20 13:00:00,2026-04-20 16:50:28,resolved
508,3,2,3,6,2026-01-04 04:25:00,2026-01-04 09:36:31,resolved
509,4,1,5,10,2026-04-20 06:27:00,,in_progress
510,2,4,2,3,2026-02-07 04:34:00,,in_progress
511,5,2,3,3,2026-03-02 09:36:00,2026-03-02 16:18:15,resolved
512,4,2,1,8,2026-02-07 06:59:00,2026-02-07 09:26:38,resolved
513,4,1,3,10,2026-02-05 04:01:00,2026-02-05 05:42:03,resolved
514,2,3,2,6,2026-03-28 10:11:00,,cancelled
515,3,3,5,2,2026-02-28 09:03:00,2026-02-28 12:54:35,resolved
516,3,1,4,8,2026-02-16 01:19:00,2026-02-16 02:55:06,resolved
517,1,3,3,5,2026-04-18 06:00:00,2026-04-18 15:21:19,resolved
518,5,4,5,3,2026-02-25 23:59:00,2026-02-27 14:17:56,resolved
519,3,2,5,7,2026-01-10 17:03:00,2026-01-10 22:02:41,resolved
520,5,4,2,7,2026-04-04 00:13:00,2026-04-06 02:03:45,resolved
521,4,3,5,10,2026-02-13 00:20:00,2026-02-13 06:55:21,resolved
522,1,2,4,1,2026-05-22 05:35:00,,cancelled
523,1,4,5,6,2026-03-16 22:22:00,,cancelled
524,2,4,3,1,2026-01-04 04:51:00,2026-01-04 06:43:46,resolved
525,2,3,5,8,2026-04-08 08:53:00,2026-04-08 09:13:34,resolved
526,3,4,4,9,2026-04-06 13:28:00,2026-04-11 18:33:29,resolved
527,1,3,4,1,2026-03-31 18:22:00,2026-04-01 16:32:06,resolved
528,2,4,1,1,2026-03-20 19:11:00,2026-03-21 16:42:45,resolved
529,4,3,3,10,2026-06-23 17:41:00,2026-06-25 10:38:11,resolved
530,5,2,1,8,2026-01-11 22:48:00,2026-01-12 01:49:21,resolved
531,3,4,1,10,2026-05-09 10:33:00,2026-05-14 11:48:17,resolved
532,4,3,1,1,2026-04-11 03:11:00,2026-04-12 15:51:07,resolved
533,1,1,3,7,2026-03-10 10:13:00,2026-03-10 10:52:30,resolved
534,5,4,4,10,2026-05-18 06:28:00,2026-05-20 02:37:15,resolved
535,3,2,5,6,2026-05-14 08:48:00,2026-05-14 13:48:01,resolved
536,5,2,3,5,2026-02-07 17:56:00,2026-02-07 20:01:27,resolved
537,1,4,1,4,2026-01-01 13:36:00,,cancelled
538,4,2,5,1,2026-04-17 13:52:00,2026-04-17 19:23:56,resolved
539,4,1,1,4,2026-06-09 15:48:00,2026-06-09 17:01:34,resolved
540,3,2,5,9,2026-03-12 00:37:00,2026-03-12 07:41:04,resolved
541,4,4,3,6,2026-02-13 18:32:00,,cancelled
542,1,2,2,3,2026-05-28 09:45:00,2026-05-28 17:16:53,resolved
543,3,2,3,4,2026-05-27 10:17:00,2026-05-27 16:20:51,resolved
544,1,3,5,2,2026-03-11 11:46:00,,cancelled
545,3,1,3,3,2026-06-11 12:08:00,2026-06-11 12:51:26,resolved
546,5,3,2,7,2026-06-22 20:58:00,,cancelled
547,5,2,4,4,2026-02-25 21:17:00,2026-02-26 02:55:30,resolved
548,2,3,5,1,2026-06-11 19:07:00,2026-06-12 00:56:56,resolved
549,3,4,3,3,2026-03-13 12:53:00,2026-03-15 15:21:46,resolved
550,2,3,4,2,2026-03-09 21:15:00,2026-03-09 23:19:06,resolved
551,3,4,2,1,2026-06-22 17:28:00,,cancelled
552,3,2,2,9,2026-01-27 21:14:00,,cancelled
553,5,3,2,10,2026-04-12 07:08:00,2026-04-13 03:18:07,resolved
554,3,4,1,3,2026-05-25 02:12:00,2026-05-26 03:39:09,resolved
555,5,3,5,7,2026-01-17 08:33:00,2026-01-17 12:39:24,resolved
556,1,2,4,8,2026-06-11 14:46:00,2026-06-11 20:50:25,resolved
557,1,3,4,1,2026-06-14 23:48:00,2026-06-15 14:07:11,resolved
558,3,4,3,7,2026-01-15 07:47:00,2026-01-16 03:02:20,resolved
559,4,3,1,8,2026-03-28 01:10:00,2026-03-29 11:07:10,resolved
560,3,4,3,3,2026-05-04 06:43:00,2026-05-05 04:45:35,resolved
561,1,1,3,5,2026-06-26 01:58:00,2026-06-26 03:32:02,resolved
562,2,3,4,5,2026-06-25 17:54:00,2026-06-26 03:13:43,resolved
563,5,2,1,2,2026-03-05 04:59:00,2026-03-05 08:37:01,resolved
564,5,3,4,8,2026-03-14 08:35:00,2026-03-14 14:06:31,resolved
565,4,4,2,10,2026-02-22 16:42:00,2026-02-23 10:31:40,resolved
566,2,2,3,6,2026-02-25 06:45:00,2026-02-25 13:17:36,resolved
567,1,2,2,3,2026-06-30 16:09:00,2026-06-30 20:23:05,resolved
568,4,4,2,7,2026-02-15 08:14:00,2026-02-17 04:39:17,resolved
569,4,4,1,7,2026-02-24 12:42:00,2026-02-25 01:21:45,resolved
570,4,2,3,1,2026-05-13 14:25:00,2026-05-13 21:57:49,resolved
571,4,2,5,2,2026-01-19 09:26:00,2026-01-19 19:28:13,resolved
572,5,3,4,1,2026-06-05 05:53:00,2026-06-06 13:08:05,resolved
573,2,3,5,8,2026-05-31 05:36:00,2026-05-31 11:30:39,resolved
574,4,3,5,8,2026-05-28 05:36:00,2026-05-29 20:49:39,resolved
575,2,3,4,1,2026-06-05 20:09:00,2026-06-06 03:08:23,resolved
576,5,2,1,3,2026-06-21 01:14:00,2026-06-21 04:19:56,resolved
577,5,3,1,6,2026-04-12 20:40:00,,in_progress
578,1,1,3,8,2026-05-19 20:20:00,,cancelled
579,1,2,5,1,2026-01-03 04:54:00,2026-01-03 08:35:27,resolved
580,3,1,3,6,2026-05-30 07:53:00,2026-05-30 08:35:22,resolved
581,3,4,1,1,2026-02-18 07:07:00,,cancelled
582,2,1,3,9,2026-02-20 18:54:00,,cancelled
583,4,3,5,3,2026-01-24 09:19:00,2026-01-25 05:58:06,resolved
584,5,3,1,8,2026-03-17 16:53:00,2026-03-17 19:06:02,resolved
585,3,1,4,2,2026-06-28 06:54:00,,cancelled
586,4,4,2,1,2026-04-13 09:16:00,2026-04-17 01:29:49,resolved
587,1,3,3,7,2026-03-20 07:38:00,2026-03-20 17:36:57,resolved
588,5,3,2,10,2026-03-17 23:30:00,,cancelled
589,1,4,5,4,2026-02-13 23:39:00,2026-02-16 07:22:39,resolved
590,4,1,3,6,2026-02-16 04:48:00,2026-02-16 06:56:35,resolved
591,4,2,5,7,2026-04-27 06:06:00,2026-04-27 08:09:21,resolved
592,4,2,1,6,2026-04-26 09:52:00,,cancelled
593,3,3,2,1,2026-06-23 08:47:00,,cancelled
594,5,2,3,8,2026-01-30 23:22:00,2026-01-31 10:56:12,resolved
595,2,3,1,1,2026-05-03 09:46:00,2026-05-04 02:46:59,resolved
596,4,2,2,1,2026-06-30 23:29:00,,in_progress
597,4,2,4,4,2026-05-24 09:40:00,,cancelled
598,2,4,1,3,2026-04-18 09:16:00,2026-04-19 19:35:51,resolved
599,1,1,4,7,2026-01-31 14:04:00,2026-01-31 14:34:34,resolved
600,4,2,1,5,2026-06-26 11:23:00,2026-06-26 15:03:42,resolved
601,3,2,3,10,2026-05-22 15:02:00,2026-05-22 18:15:23,resolved
602,3,1,5,5,2026-05-17 02:35:00,2026-05-17 02:55:41,resolved
603,3,1,1,7,2026-03-18 15:50:00,2026-03-18 17:41:08,resolved
604,1,3,4,7,2026-02-06 23:53:00,2026-02-08 23:02:34,resolved
605,3,1,3,5,2026-03-01 15:41:00,2026-03-01 17:09:45,resolved
606,5,3,1,10,2026-02-27 01:23:00,2026-02-28 21:29:06,resolved
607,2,4,4,1,2026-04-06 19:23:00,2026-04-08 15:56:06,resolved
608,5,3,5,6,2026-05-02 01:51:00,2026-05-02 13:16:56,resolved
609,2,3,3,3,2026-01-21 18:49:00,,in_progress
610,4,4,3,8,2026-05-31 14:52:00,2026-06-02 16:43:48,resolved
611,4,4,2,2,2026-06-10 09:49:00,2026-06-13 01:21:10,resolved
612,1,1,1,1,2026-01-16 06:07:00,2026-01-16 06:48:26,resolved
613,1,4,3,3,2026-04-20 05:56:00,2026-04-24 13:30:42,resolved
614,4,4,3,2,2026-02-27 18:47:00,2026-03-02 01:27:28,resolved
615,3,1,1,10,2026-02-16 14:47:00,2026-02-16 15:47:34,resolved
616,1,2,3,2,2026-05-23 16:23:00,2026-05-24 06:44:29,resolved
617,4,2,3,10,2026-05-25 22:19:00,2026-05-26 02:44:31,resolved
618,5,2,5,10,2026-03-09 16:36:00,2026-03-09 16:59:28,resolved
619,1,3,1,8,2026-04-02 23:44:00,2026-04-04 16:49:01,resolved
620,4,2,5,2,2026-04-20 02:28:00,2026-04-20 03:01:33,resolved
621,4,1,1,3,2026-05-20 19:22:00,2026-05-20 20:36:16,resolved
622,3,1,4,6,2026-05-09 23:37:00,2026-05-10 01:26:44,resolved
623,3,3,4,8,2026-06-17 07:57:00,2026-06-18 21:06:36,resolved
624,2,2,3,8,2026-06-05 15:49:00,2026-06-05 17:06:27,resolved
625,2,1,1,1,2026-01-05 20:36:00,2026-01-05 20:57:49,resolved
626,5,2,2,7,2026-01-23 18:48:00,2026-01-24 00:34:11,resolved
627,4,3,3,4,2026-06-11 20:22:00,2026-06-12 13:55:40,resolved
628,4,2,5,9,2026-02-23 10:37:00,2026-02-23 17:54:41,resolved
629,3,2,1,10,2026-06-06 01:59:00,2026-06-06 11:52:31,resolved
630,1,4,2,6,2026-04-27 23:40:00,2026-04-30 05:07:46,resolved
631,5,1,4,4,2026-05-23 23:18:00,2026-05-24 00:13:44,resolved
632,4,4,5,6,2026-01-24 05:18:00,2026-01-25 13:36:58,resolved
633,3,1,2,1,2026-06-12 01:46:00,2026-06-12 03:34:27,resolved
634,4,2,4,4,2026-05-04 03:25:00,2026-05-04 07:25:36,resolved
635,5,1,4,9,2026-04-26 07:58:00,,in_progress
636,2,4,1,4,2026-02-15 06:27:00,2026-02-17 06:44:55,resolved
637,5,4,2,3,2026-05-30 17:53:00,2026-06-01 16:18:28,resolved
638,4,2,1,10,2026-01-11 06:22:00,,cancelled
639,2,4,3,8,2026-02-06 10:10:00,2026-02-06 12:04:51,resolved
640,5,4,2,8,2026-05-17 23:20:00,2026-05-18 00:44:55,resolved
641,5,4,5,10,2026-06-22 15:20:00,2026-06-23 05:56:31,resolved
642,5,4,3,8,2026-01-11 18:19:00,,cancelled
643,4,2,5,2,2026-05-10 13:48:00,,cancelled
644,4,2,4,2,2026-01-14 16:27:00,2026-01-14 20:40:34,resolved
645,1,4,3,8,2026-01-08 17:00:00,2026-01-09 21:10:38,resolved
646,3,3,3,1,2026-01-19 20:00:00,2026-01-20 00:11:22,resolved
647,4,2,4,9,2026-05-16 11:43:00,2026-05-16 14:02:34,resolved
648,1,3,2,5,2026-05-18 10:42:00,,in_progress
649,2,4,3,10,2026-01-29 01:40:00,2026-01-29 08:11:56,resolved
650,4,4,5,6,2026-01-16 19:25:00,2026-01-18 14:19:06,resolved
651,4,3,3,7,2026-02-26 14:17:00,2026-02-26 17:09:01,resolved
652,4,1,4,9,2026-03-19 03:23:00,2026-03-19 04:48:03,resolved
653,5,2,3,6,2026-05-23 11:08:00,2026-05-23 15:13:28,resolved
654,5,1,3,5,2026-01-21 01:29:00,2026-01-21 02:33:59,resolved
655,3,2,5,5,2026-01-22 15:35:00,2026-01-22 21:14:06,resolved
656,5,3,2,3,2026-02-01 04:04:00,2026-02-01 21:28:44,resolved
657,5,2,4,10,2026-06-20 23:48:00,2026-06-21 05:26:31,resolved
658,3,1,1,2,2026-01-24 23:01:00,2026-01-24 23:55:33,resolved
659,1,4,4,5,2026-06-01 07:34:00,2026-06-01 15:26:49,resolved
660,1,2,5,6,2026-03-19 12:19:00,2026-03-19 19:42:03,resolved
661,4,2,2,9,2026-01-07 12:33:00,2026-01-08 01:20:07,resolved
662,2,2,1,9,2026-02-01 16:37:00,2026-02-01 22:25:54,resolved
663,2,1,3,6,2026-02-12 23:32:00,2026-02-13 00:47:19,resolved
664,1,4,5,10,2026-05-29 00:55:00,2026-05-29 17:05:35,resolved
665,5,4,1,6,2026-01-25 02:15:00,2026-01-25 21:58:37,resolved
666,3,3,2,6,2026-04-21 10:31:00,2026-04-21 21:27:29,resolved
667,4,1,4,5,2026-01-15 12:17:00,2026-01-15 12:52:52,resolved
668,4,3,1,8,2026-06-29 16:11:00,2026-06-30 00:51:48,resolved
669,2,1,4,5,2026-06-04 13:55:00,2026-06-04 15:48:36,resolved
670,3,3,4,5,2026-03-05 13:02:00,2026-03-06 04:48:13,resolved
671,2,1,2,3,2026-05-04 04:04:00,2026-05-04 05:03:57,resolved
672,5,1,4,2,2026-06-01 01:08:00,2026-06-01 01:49:12,resolved
673,2,1,1,6,2026-01-18 18:39:00,2026-01-18 19:08:28,resolved
674,5,4,3,2,2026-05-24 03:24:00,2026-05-24 05:27:55,resolved
675,4,2,3,8,2026-05-17 09:36:00,2026-05-17 15:29:28,resolved
676,3,3,4,3,2026-04-04 06:10:00,2026-04-05 22:43:56,resolved
677,1,1,2,3,2026-02-09 10:26:00,2026-02-09 11:45:04,resolved
678,1,2,4,6,2026-06-01 01:25:00,2026-06-01 03:01:48,resolved
679,1,1,2,3,2026-06-11 22:31:00,2026-06-11 23:00:05,resolved
680,5,1,3,10,2026-03-14 07:07:00,2026-03-14 08:25:17,resolved
681,5,2,2,8,2026-02-20 23:20:00,2026-02-21 01:23:44,resolved
682,5,1,2,8,2026-02-04 18:49:00,2026-02-04 19:45:31,resolved
683,4,1,4,2,2026-02-12 05:57:00,2026-02-12 07:12:58,resolved
684,3,2,2,9,2026-01-10 01:04:00,2026-01-10 08:19:38,resolved
685,5,1,1,7,2026-02-08 04:38:00,2026-02-08 07:41:03,resolved
686,2,4,4,4,2026-05-25 16:16:00,2026-05-31 06:13:21,resolved
687,2,3,3,7,2026-05-27 21:44:00,2026-05-29 15:54:25,resolved
688,1,1,2,2,2026-05-06 13:14:00,2026-05-06 14:36:21,resolved
689,3,1,3,4,2026-05-15 04:30:00,2026-05-15 07:51:21,resolved
690,4,1,3,8,2026-02-25 04:03:00,2026-02-25 06:56:39,resolved
691,4,4,2,7,2026-02-25 15:27:00,2026-02-25 23:30:33,resolved
692,1,3,3,9,2026-01-02 04:19:00,2026-01-03 00:12:59,resolved
693,5,3,3,5,2026-05-24 15:14:00,2026-05-25 03:12:35,resolved
694,3,2,1,8,2026-04-10 22:27:00,2026-04-11 03:32:15,resolved
695,1,2,3,7,2026-05-05 22:20:00,2026-05-06 09:06:02,resolved
696,1,4,5,9,2026-02-10 11:07:00,2026-02-15 23:44:56,resolved
697,5,3,1,1,2026-03-24 06:12:00,2026-03-24 23:14:09,resolved
698,3,3,1,2,2026-05-09 16:05:00,2026-05-10 04:31:12,resolved
699,2,3,2,6,2026-05-14 15:44:00,2026-05-15 02:20:45,resolved
700,3,1,4,4,2026-02-22 21:58:00,,cancelled
701,3,1,5,1,2026-04-19 19:21:00,2026-04-19 20:28:49,resolved
702,1,2,2,2,2026-02-09 16:51:00,,cancelled
703,2,2,1,3,2026-04-18 08:22:00,2026-04-18 17:10:11,resolved
704,5,4,1,7,2026-01-19 11:19:00,2026-01-22 03:02:53,resolved
705,2,3,1,6,2026-05-31 05:11:00,,in_progress
706,3,1,2,6,2026-04-06 06:42:00,2026-04-06 10:40:15,resolved
707,3,2,1,9,2026-03-31 05:14:00,2026-03-31 07:24:34,resolved
708,2,2,2,9,2026-04-22 06:11:00,2026-04-22 21:37:28,resolved
709,1,2,1,4,2026-04-01 08:40:00,2026-04-01 14:28:58,resolved
710,2,4,5,4,2026-04-03 18:14:00,2026-04-05 21:00:20,resolved
711,2,1,4,2,2026-03-31 11:59:00,,in_progress
712,5,4,5,2,2026-02-24 21:42:00,2026-02-27 17:14:31,resolved
713,2,4,3,4,2026-03-01 00:19:00,2026-03-06 08:28:32,resolved
714,2,2,3,8,2026-04-13 08:15:00,2026-04-13 11:22:11,resolved
715,2,3,2,9,2026-03-12 17:44:00,2026-03-12 20:20:26,resolved
716,1,1,5,4,2026-04-16 04:52:00,2026-04-16 08:41:54,resolved
717,1,1,1,4,2026-02-08 08:58:00,2026-02-08 12:19:39,resolved
718,3,1,1,10,2026-02-01 21:19:00,2026-02-01 23:01:35,resolved
719,5,1,1,6,2026-06-05 04:47:00,2026-06-05 05:12:34,resolved
720,4,2,4,8,2026-01-16 12:02:00,2026-01-16 20:51:07,resolved
721,2,4,1,1,2026-05-10 17:13:00,2026-05-13 02:26:57,resolved
722,2,1,1,5,2026-03-14 21:09:00,2026-03-14 23:33:45,resolved
723,4,2,3,5,2026-05-22 11:28:00,2026-05-22 17:27:15,resolved
724,2,4,1,7,2026-05-22 09:10:00,2026-05-23 13:58:38,resolved
725,4,2,2,2,2026-06-17 22:39:00,2026-06-18 00:18:35,resolved
726,1,3,3,8,2026-04-20 15:25:00,2026-04-21 10:55:53,resolved
727,1,4,5,2,2026-01-28 10:29:00,2026-01-29 13:05:48,resolved
728,3,2,3,3,2026-03-01 02:39:00,2026-03-01 07:33:44,resolved
729,2,1,3,3,2026-01-20 20:24:00,2026-01-20 21:15:02,resolved
730,3,4,2,8,2026-03-15 15:27:00,2026-03-17 23:16:09,resolved
731,4,1,1,7,2026-03-24 03:02:00,2026-03-24 04:07:53,resolved
732,4,4,2,8,2026-01-10 14:37:00,2026-01-12 19:36:56,resolved
733,1,2,1,5,2026-03-11 08:05:00,2026-03-11 12:15:44,resolved
734,3,1,2,8,2026-05-23 05:22:00,2026-05-23 09:01:04,resolved
735,2,1,1,5,2026-05-17 04:27:00,2026-05-17 07:33:47,resolved
736,1,2,5,3,2026-02-14 00:01:00,2026-02-14 01:27:47,resolved
737,1,4,1,6,2026-01-25 11:39:00,,cancelled
738,3,1,5,6,2026-01-19 22:01:00,2026-01-19 23:07:48,resolved
739,4,1,4,9,2026-01-15 01:49:00,2026-01-15 05:25:00,resolved
740,2,4,2,8,2026-04-16 09:39:00,2026-04-17 15:19:06,resolved
741,5,3,2,8,2026-06-23 16:12:00,,cancelled
742,3,2,4,9,2026-03-14 08:17:00,2026-03-14 09:42:17,resolved
743,3,3,5,10,2026-03-15 08:32:00,2026-03-16 03:35:08,resolved
744,1,3,2,10,2026-05-09 16:53:00,2026-05-10 22:56:11,resolved
745,3,3,1,9,2026-02-09 02:53:00,2026-02-10 22:24:48,resolved
746,4,2,1,10,2026-03-31 04:14:00,2026-03-31 09:58:58,resolved
747,3,4,3,10,2026-06-11 13:13:00,2026-06-12 06:40:20,resolved
748,1,4,1,10,2026-04-29 07:48:00,2026-04-29 08:12:44,resolved
749,4,2,5,3,2026-03-04 09:08:00,,cancelled
750,1,1,2,10,2026-02-13 17:09:00,2026-02-13 17:36:50,resolved
751,1,3,4,9,2026-06-16 10:23:00,2026-06-17 13:16:58,resolved
752,1,1,5,5,2026-05-19 05:11:00,2026-05-19 06:26:41,resolved
753,2,1,4,4,2026-05-22 03:17:00,2026-05-22 03:40:48,resolved
754,3,4,1,9,2026-06-15 12:01:00,,in_progress
755,3,4,2,1,2026-04-21 00:14:00,2026-04-21 01:15:37,resolved
756,4,1,4,1,2026-01-13 19:18:00,2026-01-13 20:51:43,resolved
757,1,3,1,5,2026-04-29 08:17:00,2026-04-30 02:26:45,resolved
758,2,3,3,4,2026-06-03 09:25:00,2026-06-03 10:16:37,resolved
759,5,4,4,3,2026-06-22 16:14:00,2026-06-22 22:02:05,resolved
760,4,1,1,1,2026-01-29 15:31:00,2026-01-29 15:54:30,resolved
761,1,3,2,9,2026-05-30 14:22:00,,cancelled
762,3,2,4,5,2026-04-13 14:57:00,,in_progress
763,1,1,1,4,2026-06-24 07:29:00,2026-06-24 09:01:17,resolved
764,2,1,1,4,2026-03-05 16:12:00,2026-03-05 17:19:55,resolved
765,4,1,3,7,2026-06-26 06:32:00,2026-06-26 06:58:49,resolved
766,4,1,2,6,2026-01-14 17:41:00,,cancelled
767,5,1,3,9,2026-05-01 03:48:00,2026-05-01 06:43:14,resolved
768,4,4,5,6,2026-04-08 06:01:00,2026-04-10 01:46:46,resolved
769,4,4,4,6,2026-01-27 14:01:00,2026-01-30 06:48:20,resolved
770,5,2,2,6,2026-06-16 17:19:00,2026-06-16 21:02:16,resolved
771,2,1,5,3,2026-01-09 13:09:00,,cancelled
772,1,1,2,4,2026-04-13 21:42:00,2026-04-13 22:01:57,resolved
773,1,4,3,9,2026-01-18 01:32:00,2026-01-19 11:39:32,resolved
774,3,3,1,6,2026-06-08 18:20:00,2026-06-09 02:37:08,resolved
775,2,4,3,8,2026-03-14 07:59:00,2026-03-14 09:41:05,resolved
776,2,2,5,3,2026-01-02 17:49:00,2026-01-03 05:54:53,resolved
777,2,4,1,2,2026-01-10 22:27:00,2026-01-11 20:16:11,resolved
778,5,1,4,6,2026-05-26 16:22:00,2026-05-26 17:28:22,resolved
779,2,3,4,2,2026-01-28 04:11:00,2026-01-28 17:34:12,resolved
780,5,4,1,7,2026-06-27 09:48:00,2026-06-27 23:45:15,resolved
781,1,1,3,8,2026-03-11 08:59:00,2026-03-11 11:37:21,resolved
782,1,4,3,10,2026-05-18 19:13:00,2026-05-23 06:24:59,resolved
783,2,2,5,1,2026-05-24 22:13:00,2026-05-25 04:56:59,resolved
784,4,4,3,6,2026-01-09 00:46:00,2026-01-09 05:14:16,resolved
785,2,2,1,3,2026-06-11 04:25:00,2026-06-11 11:34:10,resolved
786,3,3,1,6,2026-01-25 04:45:00,,in_progress
787,1,4,4,8,2026-01-15 15:48:00,,cancelled
788,1,1,3,10,2026-02-23 18:27:00,2026-02-23 20:35:27,resolved
789,3,2,2,1,2026-01-09 17:24:00,2026-01-09 18:42:25,resolved
790,1,2,3,2,2026-04-24 13:08:00,2026-04-25 03:06:38,resolved
791,3,1,4,6,2026-01-01 12:16:00,2026-01-01 15:06:27,resolved
792,5,3,2,2,2026-04-07 14:19:00,2026-04-07 19:34:53,resolved
793,4,3,5,10,2026-05-15 07:03:00,,cancelled
794,1,4,4,5,2026-04-19 03:25:00,,cancelled
795,4,1,5,3,2026-04-19 05:17:00,,cancelled
796,2,4,5,3,2026-06-01 11:40:00,2026-06-02 05:15:03,resolved
797,5,1,3,2,2026-06-15 04:49:00,2026-06-15 05:47:46,resolved
798,4,2,4,9,2026-05-22 20:37:00,2026-05-22 22:30:13,resolved
799,3,4,2,1,2026-05-13 09:36:00,2026-05-18 11:48:45,resolved
800,3,1,2,3,2026-01-20 12:26:00,2026-01-20 15:37:59,resolved
801,4,4,2,8,2026-04-15 09:04:00,2026-04-21 07:11:13,resolved
802,5,3,4,5,2026-03-22 08:11:00,2026-03-22 09:57:25,resolved
803,5,2,4,7,2026-05-09 22:01:00,2026-05-10 03:44:14,resolved
804,4,3,5,9,2026-01-08 22:12:00,2026-01-09 09:08:32,resolved
805,5,1,2,8,2026-04-23 01:02:00,2026-04-23 01:45:36,resolved
806,1,1,5,4,2026-04-22 10:19:00,2026-04-22 13:55:26,resolved
807,5,3,1,10,2026-02-03 05:03:00,2026-02-03 14:39:22,resolved
808,3,1,3,5,2026-02-15 23:44:00,2026-02-16 01:25:56,resolved
809,2,3,5,1,2026-02-03 18:48:00,2026-02-04 06:09:47,resolved
810,2,4,4,4,2026-05-21 22:00:00,,cancelled
811,1,1,1,4,2026-05-27 11:08:00,2026-05-27 11:40:58,resolved
812,2,2,4,9,2026-06-20 11:01:00,2026-06-20 13:20:25,resolved
813,3,2,3,9,2026-06-13 03:47:00,2026-06-13 15:51:54,resolved
814,4,1,3,8,2026-05-21 18:42:00,2026-05-21 19:07:07,resolved
815,4,3,3,9,2026-03-14 17:28:00,2026-03-15 08:14:06,resolved
816,5,4,1,6,2026-04-07 18:36:00,2026-04-08 06:52:08,resolved
817,4,1,2,5,2026-03-31 02:07:00,2026-03-31 05:21:11,resolved
818,4,3,3,8,2026-04-16 03:09:00,2026-04-16 14:23:55,resolved
819,4,3,2,1,2026-05-26 11:48:00,,cancelled
820,3,2,2,5,2026-03-29 12:29:00,2026-03-29 20:04:22,resolved
821,1,1,4,1,2026-06-21 15:24:00,2026-06-21 16:03:45,resolved
822,1,1,1,6,2026-06-11 23:50:00,2026-06-12 00:14:41,resolved
823,5,1,3,7,2026-06-11 04:11:00,2026-06-11 04:51:32,resolved
824,3,1,3,7,2026-05-10 12:37:00,2026-05-10 13:21:58,resolved
825,2,4,1,9,2026-04-23 09:21:00,2026-04-25 01:35:26,resolved
826,1,2,5,2,2026-04-03 07:35:00,,cancelled
827,3,2,2,2,2026-06-22 09:35:00,2026-06-22 18:30:21,resolved
828,1,1,5,2,2026-03-09 01:29:00,,cancelled
829,1,3,3,6,2026-04-04 17:56:00,2026-04-04 21:11:25,resolved
830,3,4,1,4,2026-01-16 23:48:00,2026-01-20 23:18:57,resolved
831,5,4,1,8,2026-03-19 18:41:00,2026-03-21 18:03:27,resolved
832,5,3,4,8,2026-05-20 01:53:00,2026-05-20 06:05:51,resolved
833,2,4,3,7,2026-03-05 08:21:00,2026-03-05 13:50:32,resolved
834,4,1,3,6,2026-06-16 09:13:00,2026-06-16 10:19:42,resolved
835,4,4,4,1,2026-03-11 05:19:00,2026-03-12 06:43:37,resolved
836,2,4,3,7,2026-04-24 21:05:00,2026-04-29 23:46:58,resolved
837,4,4,3,9,2026-04-25 19:12:00,2026-04-26 04:45:44,resolved
838,5,2,3,8,2026-03-29 06:06:00,2026-03-29 11:13:34,resolved
839,2,2,4,3,2026-04-17 16:44:00,2026-04-17 22:06:01,resolved
840,2,1,2,3,2026-05-12 19:13:00,2026-05-12 20:02:04,resolved
841,4,2,3,2,2026-06-14 02:58:00,2026-06-14 12:46:27,resolved
842,4,4,5,8,2026-03-22 15:00:00,2026-03-23 00:03:09,resolved
843,4,1,4,3,2026-02-06 03:50:00,2026-02-06 05:32:34,resolved
844,5,3,1,10,2026-06-04 07:17:00,2026-06-05 04:11:50,resolved
845,1,4,3,3,2026-05-25 00:58:00,2026-05-26 02:49:00,resolved
846,1,4,3,2,2026-02-23 15:05:00,2026-02-25 18:02:00,resolved
847,3,2,2,3,2026-05-17 23:32:00,2026-05-18 01:02:40,resolved
848,3,2,4,2,2026-03-23 14:37:00,2026-03-24 03:31:03,resolved
849,1,4,4,3,2026-06-22 01:38:00,2026-06-24 05:00:51,resolved
850,4,4,5,6,2026-01-26 14:25:00,,cancelled
851,2,2,3,3,2026-03-09 23:07:00,2026-03-10 14:02:14,resolved
852,4,4,2,4,2026-04-09 12:28:00,2026-04-10 03:22:57,resolved
853,4,2,5,1,2026-05-09 06:05:00,2026-05-09 07:08:39,resolved
854,5,4,4,9,2026-03-27 13:08:00,2026-03-29 01:25:57,resolved
855,3,4,4,2,2026-03-02 04:16:00,2026-03-07 04:50:56,resolved
856,3,4,3,2,2026-02-08 07:05:00,2026-02-10 21:30:44,resolved
857,1,3,4,7,2026-04-18 18:41:00,2026-04-19 02:53:16,resolved
858,1,3,3,2,2026-05-02 16:34:00,,cancelled
859,1,4,1,8,2026-02-02 13:02:00,2026-02-04 13:38:07,resolved
860,3,2,2,8,2026-04-22 04:45:00,2026-04-22 20:09:11,resolved
861,4,2,2,1,2026-04-03 01:42:00,2026-04-03 08:23:17,resolved
862,3,2,1,2,2026-06-01 05:52:00,2026-06-01 11:37:08,resolved
863,4,1,5,7,2026-02-07 23:42:00,2026-02-08 00:51:18,resolved
864,1,1,4,5,2026-04-30 08:05:00,2026-04-30 11:59:47,resolved
865,4,4,4,1,2026-01-17 01:45:00,2026-01-19 20:11:48,resolved
866,1,4,5,10,2026-04-20 16:30:00,2026-04-22 19:12:48,resolved
867,1,1,1,7,2026-02-11 07:56:00,,cancelled
868,5,2,2,1,2026-04-09 07:02:00,2026-04-09 13:16:23,resolved
869,5,1,4,8,2026-05-24 03:38:00,,cancelled
870,2,2,3,3,2026-06-27 19:56:00,2026-06-27 22:47:37,resolved
871,4,4,4,9,2026-02-13 12:23:00,2026-02-16 05:33:48,resolved
872,5,2,4,7,2026-06-07 22:09:00,2026-06-08 02:29:49,resolved
873,4,4,3,7,2026-02-17 11:41:00,2026-02-18 10:48:55,resolved
874,2,4,5,5,2026-06-10 20:10:00,,cancelled
875,3,3,3,10,2026-03-14 02:15:00,2026-03-14 13:49:40,resolved
876,5,3,5,4,2026-02-07 00:30:00,2026-02-07 10:43:33,resolved
877,1,2,3,5,2026-04-09 19:50:00,2026-04-10 03:19:55,resolved
878,2,1,4,5,2026-02-10 22:56:00,,cancelled
879,2,3,3,9,2026-03-25 19:19:00,2026-03-26 00:05:17,resolved
880,2,1,4,7,2026-06-11 12:01:00,2026-06-11 13:16:25,resolved
881,5,2,2,2,2026-02-09 08:28:00,2026-02-09 13:53:15,resolved
882,3,2,1,4,2026-05-19 00:38:00,2026-05-19 12:31:26,resolved
883,1,2,2,5,2026-05-22 08:53:00,2026-05-22 13:59:25,resolved
884,3,1,5,1,2026-02-04 08:08:00,2026-02-04 09:17:39,resolved
885,5,2,3,3,2026-01-11 03:28:00,2026-01-11 07:49:51,resolved
886,4,4,3,3,2026-02-01 12:52:00,,cancelled
887,3,1,5,5,2026-01-24 02:25:00,,cancelled
888,1,2,4,5,2026-03-04 23:24:00,2026-03-05 02:50:35,resolved
889,2,4,2,4,2026-04-13 12:28:00,,cancelled
890,1,1,1,5,2026-06-13 19:25:00,2026-06-13 20:40:15,resolved
891,5,1,4,5,2026-06-09 05:51:00,,cancelled
892,4,1,2,2,2026-02-26 14:53:00,2026-02-26 17:39:20,resolved
893,1,2,4,7,2026-03-30 05:36:00,,in_progress
894,5,1,1,1,2026-03-08 03:50:00,2026-03-08 05:05:21,resolved
895,1,3,3,8,2026-04-20 18:27:00,2026-04-21 11:48:38,resolved
896,5,1,4,9,2026-06-10 14:52:00,2026-06-10 16:08:15,resolved
897,1,3,4,8,2026-02-14 11:14:00,,in_progress
898,2,4,5,4,2026-03-16 06:42:00,2026-03-17 21:24:54,resolved
899,5,3,4,5,2026-01-09 17:53:00,2026-01-10 14:20:34,resolved
900,5,4,1,2,2026-05-31 06:00:00,2026-05-31 14:08:20,resolved
901,2,3,4,9,2026-06-19 05:32:00,2026-06-19 06:35:09,resolved
902,1,3,3,1,2026-01-28 20:42:00,2026-01-30 10:32:12,resolved
903,3,4,2,9,2026-04-11 19:54:00,2026-04-13 22:20:40,resolved
904,1,3,1,9,2026-05-14 04:58:00,2026-05-16 01:12:48,resolved
905,1,4,3,8,2026-04-26 02:43:00,2026-04-27 08:10:57,resolved
906,2,1,4,10,2026-05-04 03:47:00,2026-05-04 05:10:16,resolved
907,5,4,3,7,2026-06-29 10:29:00,2026-07-03 11:34:37,resolved
908,1,2,4,6,2026-06-29 23:39:00,2026-06-30 08:57:45,resolved
909,4,2,4,10,2026-02-09 17:49:00,2026-02-09 19:53:48,resolved
910,3,2,3,3,2026-03-13 20:44:00,,cancelled
911,5,4,5,6,2026-05-21 03:46:00,2026-05-21 12:06:49,resolved
912,3,1,3,3,2026-03-29 00:29:00,2026-03-29 02:05:30,resolved
913,4,4,2,7,2026-05-02 18:19:00,,cancelled
914,1,2,5,2,2026-01-11 02:16:00,2026-01-11 02:56:56,resolved
915,4,2,3,10,2026-02-09 04:37:00,2026-02-09 08:00:32,resolved
916,4,3,3,4,2026-03-02 04:34:00,2026-03-03 01:29:45,resolved
917,4,3,4,7,2026-01-19 13:30:00,2026-01-20 08:32:12,resolved
918,3,1,1,10,2026-05-10 04:57:00,2026-05-10 05:57:55,resolved
919,2,2,2,2,2026-04-24 13:59:00,2026-04-24 19:37:58,resolved
920,4,2,4,7,2026-04-06 20:02:00,2026-04-06 22:47:50,resolved
921,1,2,2,4,2026-04-08 23:45:00,2026-04-09 03:13:08,resolved
922,5,1,5,2,2026-05-07 06:43:00,2026-05-07 07:59:03,resolved
923,3,1,3,2,2026-03-07 03:57:00,2026-03-07 04:25:56,resolved
924,1,3,4,1,2026-02-24 06:23:00,2026-02-24 21:44:54,resolved
925,3,3,2,5,2026-06-22 17:31:00,,cancelled
926,1,3,4,2,2026-03-18 13:06:00,,cancelled
927,4,1,2,3,2026-06-03 22:38:00,2026-06-04 01:03:26,resolved
928,4,2,1,7,2026-05-21 22:27:00,2026-05-22 10:30:22,resolved
929,2,3,2,4,2026-04-05 20:15:00,2026-04-06 07:37:09,resolved
930,5,2,5,2,2026-02-05 18:25:00,2026-02-06 00:45:53,resolved
931,3,3,5,3,2026-03-01 17:08:00,2026-03-02 05:00:07,resolved
932,3,2,1,9,2026-02-04 23:02:00,2026-02-05 02:23:33,resolved
933,5,4,4,9,2026-05-05 07:33:00,2026-05-05 19:13:55,resolved
934,1,4,3,2,2026-02-09 13:07:00,2026-02-11 20:46:34,resolved
935,4,4,5,6,2026-02-15 03:50:00,,cancelled
936,3,2,1,4,2026-05-27 12:55:00,,cancelled
937,3,2,5,10,2026-04-02 07:37:00,2026-04-02 07:55:10,resolved
938,5,1,1,10,2026-05-14 10:15:00,2026-05-14 13:46:50,resolved
939,3,3,1,5,2026-04-23 01:43:00,2026-04-25 00:01:19,resolved
940,1,1,4,5,2026-04-03 23:46:00,,cancelled
941,5,4,4,5,2026-01-10 22:32:00,2026-01-11 12:10:45,resolved
942,2,4,3,5,2026-04-25 12:30:00,,cancelled
943,5,2,2,3,2026-01-26 04:44:00,2026-01-26 10:36:02,resolved
944,3,2,2,5,2026-05-02 16:53:00,2026-05-02 17:31:36,resolved
945,2,2,5,3,2026-02-03 13:31:00,2026-02-04 01:12:07,resolved
946,4,4,2,7,2026-05-30 18:41:00,2026-06-01 22:15:03,resolved
947,2,4,4,10,2026-03-18 15:56:00,2026-03-19 19:57:35,resolved
948,3,3,3,1,2026-01-02 07:56:00,2026-01-03 00:58:29,resolved
949,3,1,3,2,2026-06-28 22:13:00,2026-06-29 00:55:01,resolved
950,2,2,1,1,2026-02-02 11:13:00,2026-02-02 21:04:33,resolved
951,4,4,5,6,2026-04-28 03:54:00,2026-04-28 10:27:04,resolved
952,1,2,4,6,2026-06-22 08:10:00,2026-06-22 23:26:30,resolved
953,2,2,4,9,2026-01-22 14:02:00,2026-01-22 16:36:06,resolved
954,2,1,2,7,2026-06-15 05:58:00,2026-06-15 07:30:39,resolved
955,1,1,5,8,2026-01-07 14:43:00,,in_progress
956,4,3,4,4,2026-04-11 03:01:00,2026-04-12 21:45:45,resolved
957,5,1,2,1,2026-02-04 02:25:00,2026-02-04 03:52:16,resolved
958,5,3,4,8,2026-04-15 08:40:00,,in_progress
959,4,4,4,5,2026-04-07 06:10:00,,cancelled
960,1,2,1,2,2026-02-24 04:40:00,2026-02-24 04:59:23,resolved
961,5,1,2,5,2026-03-17 16:38:00,2026-03-17 18:21:25,resolved
962,3,1,5,2,2026-06-18 02:51:00,2026-06-18 03:34:19,resolved
963,1,3,4,5,2026-05-31 02:03:00,2026-05-31 14:23:59,resolved
964,1,1,3,3,2026-02-23 01:24:00,2026-02-23 03:07:48,resolved
965,1,1,5,8,2026-05-02 06:36:00,2026-05-02 07:25:28,resolved
966,2,1,3,9,2026-04-01 18:31:00,2026-04-01 19:59:50,resolved
967,2,3,1,8,2026-04-03 06:57:00,,cancelled
968,3,4,2,7,2026-04-25 12:48:00,2026-05-01 06:58:37,resolved
969,5,1,2,5,2026-06-07 04:14:00,2026-06-07 05:57:50,resolved
970,3,2,4,8,2026-03-27 11:44:00,2026-03-27 13:22:23,resolved
971,4,4,2,8,2026-06-29 05:12:00,2026-06-30 02:17:47,resolved
972,3,1,1,8,2026-01-22 19:27:00,,cancelled
973,4,4,4,5,2026-02-12 14:11:00,2026-02-13 13:49:29,resolved
974,4,1,5,8,2026-03-11 02:39:00,2026-03-11 03:46:17,resolved
975,3,1,5,7,2026-05-08 12:40:00,2026-05-08 14:31:59,resolved
976,1,3,1,3,2026-05-25 10:57:00,2026-05-25 13:27:52,resolved
977,4,1,4,6,2026-03-22 12:35:00,2026-03-22 14:52:04,resolved
978,2,1,2,8,2026-06-14 13:58:00,2026-06-14 16:12:54,resolved
979,2,2,5,8,2026-02-07 09:51:00,2026-02-07 10:35:23,resolved
980,3,3,4,5,2026-04-14 06:46:00,,in_progress
981,4,2,3,7,2026-05-09 13:04:00,2026-05-10 01:23:44,resolved
982,2,3,1,8,2026-05-30 21:37:00,2026-05-31 17:11:47,resolved
983,1,4,5,2,2026-05-11 10:41:00,2026-05-15 10:39:04,resolved
984,2,1,1,4,2026-04-03 20:39:00,2026-04-03 21:19:15,resolved
985,2,2,1,10,2026-06-16 13:09:00,2026-06-16 18:45:02,resolved
986,2,2,2,8,2026-02-13 03:51:00,2026-02-13 10:16:18,resolved
987,2,4,3,6,2026-06-01 15:13:00,2026-06-03 13:52:32,resolved
988,3,2,3,5,2026-02-01 17:02:00,2026-02-01 17:20:14,resolved
989,2,1,3,6,2026-05-28 00:31:00,,in_progress
990,4,4,4,8,2026-06-26 20:55:00,2026-06-28 20:45:15,resolved
991,3,4,3,4,2026-01-23 06:53:00,2026-01-24 16:07:44,resolved
992,1,3,3,10,2026-03-14 16:05:00,,in_progress
993,2,4,3,7,2026-06-23 03:20:00,2026-06-25 06:43:29,resolved
994,2,1,5,2,2026-01-31 06:05:00,2026-01-31 07:07:48,resolved
995,4,2,1,4,2026-02-27 15:45:00,2026-02-27 17:48:12,resolved
996,2,2,4,7,2026-06-18 11:49:00,2026-06-18 22:49:03,resolved
997,3,3,3,8,2026-06-10 10:16:00,2026-06-11 07:23:00,resolved
998,1,2,3,10,2026-03-11 21:41:00,2026-03-11 23:06:41,resolved
999,2,1,5,3,2026-05-31 15:35:00,2026-05-31 18:33:59,resolved
1000,4,3,5,5,2026-02-08 03:00:00,,cancelled
1001,3,2,1,7,2026-01-23 15:54:00,2026-01-23 19:32:05,resolved
1002,5,1,4,4,2026-01-17 02:59:00,2026-01-17 03:35:23,resolved
1003,3,3,2,3,2026-03-15 02:09:00,2026-03-15 14:24:54,resolved
1004,1,1,5,4,2026-02-25 09:17:00,,cancelled
1005,4,1,5,7,2026-06-04 19:22:00,2026-06-04 20:50:23,resolved
1006,3,3,4,7,2026-04-25 08:38:00,2026-04-25 16:04:40,resolved
1007,4,2,4,4,2026-01-03 02:02:00,2026-01-03 08:14:05,resolved
1008,3,3,3,1,2026-05-22 21:12:00,2026-05-24 18:07:21,resolved
1009,3,2,3,2,2026-02-06 09:43:00,2026-02-06 16:38:42,resolved
1010,4,4,1,2,2026-03-17 16:44:00,2026-03-18 06:43:28,resolved
1011,3,2,3,10,2026-03-20 07:33:00,2026-03-20 13:30:05,resolved
1012,5,1,4,6,2026-05-01 06:34:00,,in_progress
1013,3,3,2,9,2026-02-08 01:16:00,2026-02-09 23:18:40,resolved
1014,4,4,4,3,2026-03-20 09:41:00,2026-03-25 13:34:27,resolved
1015,1,2,3,1,2026-06-23 19:58:00,2026-06-23 22:52:18,resolved
1016,2,1,1,6,2026-05-13 01:58:00,2026-05-13 03:41:18,resolved
1017,2,4,1,3,2026-01-26 11:52:00,2026-01-28 16:36:17,resolved
1018,4,4,3,9,2026-02-05 00:02:00,,in_progress
1019,4,4,1,8,2026-01-16 16:57:00,2026-01-17 15:49:41,resolved
1020,3,3,5,10,2026-04-08 20:14:00,2026-04-09 08:51:22,resolved
1021,5,4,1,8,2026-05-21 14:56:00,2026-05-27 11:10:37,resolved
1022,4,2,1,7,2026-04-02 00:02:00,,cancelled
1023,4,4,5,7,2026-01-02 12:33:00,2026-01-04 08:49:40,resolved
1024,5,2,1,4,2026-03-01 06:00:00,,cancelled
1025,4,4,1,7,2026-04-08 18:08:00,2026-04-11 01:17:45,resolved
1026,5,3,5,6,2026-06-12 23:56:00,2026-06-13 00:42:58,resolved
1027,2,2,5,5,2026-05-27 13:52:00,2026-05-28 04:38:06,resolved
1028,2,1,1,8,2026-02-27 08:08:00,,in_progress
1029,3,3,3,2,2026-06-07 06:16:00,2026-06-07 08:32:15,resolved
1030,4,3,4,1,2026-05-19 15:13:00,,in_progress
1031,1,1,1,10,2026-04-04 02:12:00,2026-04-04 03:35:04,resolved
1032,5,2,4,7,2026-05-08 09:07:00,2026-05-08 10:12:24,resolved
1033,3,1,5,1,2026-06-02 08:59:00,2026-06-02 10:33:54,resolved
1034,3,2,5,9,2026-04-19 14:57:00,2026-04-19 20:36:34,resolved
1035,2,4,4,8,2026-03-29 03:30:00,2026-03-30 19:00:01,resolved
1036,5,1,4,6,2026-06-04 12:45:00,,cancelled
1037,1,1,4,6,2026-03-12 08:53:00,2026-03-12 10:04:09,resolved
1038,2,3,4,10,2026-05-18 21:57:00,2026-05-19 19:09:44,resolved
1039,4,4,1,4,2026-05-01 11:43:00,2026-05-05 12:37:12,resolved
1040,5,2,4,2,2026-06-22 14:00:00,2026-06-22 17:37:55,resolved
1041,1,4,2,6,2026-05-23 07:43:00,,in_progress
1042,4,3,1,9,2026-06-29 18:45:00,,in_progress
1043,5,1,4,3,2026-05-02 02:09:00,2026-05-02 03:08:16,resolved
1044,2,2,4,6,2026-05-06 03:22:00,2026-05-06 04:57:37,resolved
1045,4,2,5,3,2026-02-19 01:15:00,2026-02-19 04:57:59,resolved
1046,3,3,2,9,2026-06-09 10:45:00,2026-06-10 02:03:22,resolved
1047,3,1,2,8,2026-02-16 23:31:00,2026-02-17 03:11:52,resolved
1048,5,2,5,8,2026-04-30 16:45:00,2026-04-30 22:52:19,resolved
1049,1,1,1,5,2026-01-11 20:09:00,2026-01-11 22:28:03,resolved
1050,4,1,1,10,2026-04-12 12:20:00,2026-04-12 13:30:50,resolved
1051,5,2,4,3,2026-02-20 18:53:00,2026-02-20 19:57:51,resolved
1052,1,1,4,2,2026-02-14 11:08:00,2026-02-14 12:58:07,resolved
1053,5,1,1,1,2026-01-12 14:49:00,2026-01-12 15:54:27,resolved
1054,5,2,5,2,2026-04-09 17:59:00,2026-04-09 20:07:21,resolved
1055,2,1,4,1,2026-01-06 16:23:00,2026-01-06 19:28:04,resolved
1056,2,3,3,5,2026-03-06 12:41:00,2026-03-07 02:42:50,resolved
1057,5,1,2,8,2026-04-22 12:12:00,2026-04-22 14:47:42,resolved
1058,2,2,5,4,2026-04-25 22:17:00,2026-04-26 04:16:11,resolved
1059,2,1,1,1,2026-02-02 01:30:00,2026-02-02 03:05:29,resolved
1060,1,4,4,9,2026-04-14 06:06:00,2026-04-15 11:21:31,resolved
1061,5,2,2,4,2026-01-05 04:49:00,2026-01-05 10:01:17,resolved
1062,2,2,5,10,2026-04-25 18:40:00,2026-04-26 00:28:02,resolved
1063,4,3,5,5,2026-01-11 19:17:00,2026-01-13 06:15:26,resolved
1064,2,3,5,4,2026-04-01 21:01:00,2026-04-02 23:49:04,resolved
1065,4,3,4,9,2026-01-13 23:50:00,2026-01-14 07:00:55,resolved
1066,5,4,4,4,2026-06-17 14:59:00,2026-06-18 12:26:51,resolved
1067,5,4,2,2,2026-03-31 22:43:00,2026-04-02 19:43:33,resolved
1068,1,4,2,4,2026-04-19 02:24:00,,cancelled
1069,3,1,1,8,2026-02-08 10:07:00,2026-02-08 11:51:22,resolved
1070,3,4,5,5,2026-02-14 13:11:00,,cancelled
1071,2,1,3,4,2026-03-26 12:02:00,2026-03-26 13:48:35,resolved
1072,4,1,2,4,2026-04-07 16:15:00,,cancelled
1073,2,4,3,1,2026-06-25 11:36:00,2026-06-27 08:21:03,resolved
1074,4,1,5,6,2026-06-10 09:48:00,2026-06-10 10:35:14,resolved
1075,1,4,2,1,2026-06-30 01:36:00,2026-07-01 19:42:29,resolved
1076,5,4,1,10,2026-04-19 00:43:00,2026-04-20 05:25:38,resolved
1077,5,4,2,10,2026-03-07 20:58:00,2026-03-09 21:24:02,resolved
1078,4,4,5,1,2026-06-28 13:00:00,2026-06-30 23:23:03,resolved
1079,4,3,4,8,2026-05-08 17:20:00,2026-05-08 23:37:48,resolved
1080,5,2,5,2,2026-02-21 12:46:00,2026-02-21 14:03:45,resolved
1081,4,4,1,7,2026-06-21 11:58:00,2026-06-23 21:55:10,resolved
1082,4,1,4,9,2026-03-13 21:32:00,2026-03-13 23:46:13,resolved
1083,4,4,5,3,2026-04-12 13:24:00,2026-04-14 21:43:51,resolved
1084,3,2,2,8,2026-04-13 13:13:00,2026-04-13 20:19:06,resolved
1085,3,1,4,10,2026-05-29 14:55:00,2026-05-29 18:07:02,resolved
1086,5,2,1,4,2026-03-06 12:27:00,2026-03-06 22:05:29,resolved
1087,2,3,5,1,2026-05-14 16:48:00,2026-05-14 20:41:08,resolved
1088,2,1,1,8,2026-06-26 03:22:00,2026-06-26 06:46:36,resolved
1089,3,3,5,5,2026-06-19 12:59:00,2026-06-20 19:49:24,resolved
1090,5,3,3,9,2026-03-26 18:23:00,,cancelled
1091,2,1,1,6,2026-05-08 19:51:00,2026-05-08 20:15:05,resolved
1092,5,1,2,3,2026-05-19 00:21:00,2026-05-19 00:48:39,resolved
1093,4,4,1,6,2026-02-18 17:31:00,2026-02-19 18:15:07,resolved
1094,1,4,1,9,2026-05-04 08:54:00,2026-05-09 20:41:35,resolved
1095,2,2,2,2,2026-04-14 14:18:00,2026-04-14 19:49:28,resolved
1096,5,1,5,5,2026-04-04 18:21:00,2026-04-04 19:21:50,resolved
1097,2,2,5,1,2026-03-21 23:42:00,2026-03-22 05:15:47,resolved
1098,1,1,4,6,2026-03-31 10:18:00,2026-03-31 12:54:12,resolved
1099,2,2,1,5,2026-03-19 12:13:00,2026-03-19 15:04:44,resolved
1100,4,2,2,2,2026-05-15 21:10:00,2026-05-16 03:48:56,resolved
1101,4,1,4,4,2026-06-25 17:10:00,2026-06-25 17:36:07,resolved
1102,3,1,5,9,2026-03-06 15:29:00,,in_progress
1103,2,1,3,10,2026-05-09 12:23:00,2026-05-09 15:29:28,resolved
1104,2,1,2,7,2026-01-31 07:05:00,2026-01-31 07:49:02,resolved
1105,1,2,4,4,2026-06-13 04:59:00,,cancelled
1106,1,4,1,5,2026-01-15 09:45:00,2026-01-16 09:00:49,resolved
1107,2,1,2,10,2026-02-17 17:04:00,2026-02-17 18:18:07,resolved
1108,4,4,4,8,2026-05-23 18:09:00,,cancelled
1109,5,3,1,1,2026-05-10 14:07:00,2026-05-10 17:09:37,resolved
1110,3,1,5,10,2026-04-27 05:00:00,2026-04-27 06:27:35,resolved
1111,2,1,1,3,2026-04-08 18:23:00,2026-04-08 19:29:00,resolved
1112,5,3,5,9,2026-05-05 04:09:00,2026-05-05 05:16:29,resolved
1113,1,1,1,4,2026-01-12 20:59:00,2026-01-12 22:05:58,resolved
1114,3,1,2,3,2026-01-28 06:50:00,2026-01-28 07:28:11,resolved
1115,1,3,1,5,2026-05-05 09:45:00,2026-05-05 21:53:29,resolved
1116,3,4,1,3,2026-05-03 00:06:00,2026-05-04 00:50:32,resolved
1117,4,2,1,7,2026-01-10 11:37:00,2026-01-10 14:51:00,resolved
1118,1,2,1,8,2026-02-25 06:43:00,,cancelled
1119,2,2,2,1,2026-01-12 22:48:00,2026-01-13 05:13:27,resolved
1120,5,1,5,8,2026-06-12 18:50:00,2026-06-12 20:35:58,resolved
1121,5,3,1,3,2026-06-12 15:04:00,2026-06-13 12:02:34,resolved
1122,2,1,1,3,2026-04-02 18:47:00,2026-04-02 19:49:52,resolved
1123,4,1,2,8,2026-01-01 11:36:00,2026-01-01 13:09:42,resolved
1124,2,4,1,7,2026-03-25 19:00:00,2026-03-29 18:01:43,resolved
1125,3,3,5,9,2026-05-04 07:43:00,2026-05-04 08:03:34,resolved
1126,2,2,4,10,2026-05-09 17:32:00,2026-05-09 23:55:24,resolved
1127,4,3,5,10,2026-03-15 04:41:00,2026-03-15 19:16:43,resolved
1128,1,2,4,10,2026-03-19 15:54:00,2026-03-20 00:30:02,resolved
1129,1,4,3,7,2026-05-11 03:14:00,2026-05-12 02:46:42,resolved
1130,3,4,2,2,2026-04-20 13:40:00,2026-04-24 03:03:07,resolved
1131,1,2,1,3,2026-02-13 17:48:00,2026-02-13 22:53:36,resolved
1132,3,1,4,6,2026-03-30 02:43:00,2026-03-30 05:14:56,resolved
1133,1,3,3,10,2026-06-29 17:34:00,2026-06-29 21:09:52,resolved
1134,4,2,5,6,2026-05-01 17:32:00,2026-05-01 21:47:08,resolved
1135,1,4,4,8,2026-03-04 23:37:00,2026-03-10 17:48:16,resolved
1136,4,1,3,4,2026-04-11 12:31:00,2026-04-11 15:06:49,resolved
1137,3,3,4,7,2026-06-26 11:58:00,2026-06-27 01:15:22,resolved
1138,2,4,4,4,2026-05-09 02:46:00,,in_progress
1139,2,1,1,5,2026-02-11 04:59:00,2026-02-11 05:25:41,resolved
1140,2,3,5,8,2026-04-19 07:39:00,2026-04-19 18:21:23,resolved
1141,4,1,3,9,2026-05-06 16:15:00,2026-05-06 17:04:54,resolved
1142,4,2,5,5,2026-02-27 04:00:00,2026-02-27 13:31:17,resolved
1143,4,4,3,7,2026-03-19 11:22:00,,cancelled
1144,4,3,1,1,2026-04-05 10:56:00,2026-04-06 07:38:47,resolved
1145,5,3,2,7,2026-04-05 10:50:00,2026-04-06 05:36:40,resolved
1146,2,2,3,9,2026-03-07 23:52:00,2026-03-08 10:12:59,resolved
1147,3,3,5,7,2026-04-15 04:42:00,,cancelled
1148,4,3,3,7,2026-03-22 15:27:00,2026-03-23 08:58:06,resolved
1149,5,2,1,6,2026-01-19 20:57:00,2026-01-20 08:43:10,resolved
1150,2,1,2,10,2026-05-17 01:17:00,2026-05-17 04:27:01,resolved
1151,2,1,3,10,2026-01-11 01:34:00,2026-01-11 02:13:37,resolved
1152,1,3,2,9,2026-04-22 20:46:00,2026-04-23 00:33:21,resolved
1153,2,2,1,10,2026-05-20 06:41:00,2026-05-20 13:29:27,resolved
1154,3,1,5,10,2026-04-27 05:09:00,2026-04-27 06:18:52,resolved
1155,4,2,2,6,2026-06-03 01:21:00,,cancelled
1156,2,3,3,8,2026-06-25 20:50:00,2026-06-27 10:38:24,resolved
1157,1,2,1,9,2026-04-24 17:20:00,2026-04-24 19:15:17,resolved
1158,1,3,3,2,2026-03-01 19:12:00,,cancelled
1159,3,3,4,6,2026-02-01 14:46:00,2026-02-02 03:26:20,resolved
1160,2,2,4,2,2026-06-01 20:23:00,2026-06-02 03:05:09,resolved
1161,5,3,2,9,2026-03-15 04:04:00,2026-03-15 20:19:06,resolved
1162,2,3,4,4,2026-04-28 04:25:00,2026-04-28 11:06:30,resolved
1163,2,1,4,7,2026-04-28 10:53:00,2026-04-28 12:12:00,resolved
1164,1,2,3,1,2026-01-11 16:06:00,2026-01-11 20:15:18,resolved
1165,3,4,2,3,2026-04-02 03:36:00,2026-04-02 06:28:23,resolved
1166,3,1,1,2,2026-02-20 15:53:00,2026-02-20 16:42:11,resolved
1167,3,1,1,5,2026-03-10 04:23:00,,cancelled
1168,3,2,3,4,2026-01-31 08:58:00,2026-01-31 15:18:16,resolved
1169,3,3,2,7,2026-05-25 18:45:00,2026-05-26 21:22:31,resolved
1170,4,1,4,9,2026-02-10 18:59:00,2026-02-10 20:06:59,resolved
1171,5,2,3,9,2026-03-23 05:15:00,2026-03-23 10:47:13,resolved
1172,3,4,5,7,2026-05-05 15:32:00,2026-05-08 04:42:18,resolved
1173,2,4,5,7,2026-04-19 04:52:00,2026-04-24 16:25:49,resolved
1174,5,4,4,6,2026-02-08 08:52:00,2026-02-10 05:23:28,resolved
1175,2,2,5,7,2026-04-21 01:12:00,2026-04-21 07:09:35,resolved
1176,2,1,2,2,2026-05-13 10:44:00,2026-05-13 12:21:21,resolved
1177,2,1,4,2,2026-05-03 03:39:00,2026-05-03 05:12:42,resolved
1178,5,2,5,8,2026-03-06 03:13:00,2026-03-06 12:02:06,resolved
1179,4,4,4,8,2026-05-12 16:55:00,2026-05-15 00:03:59,resolved
1180,5,3,4,2,2026-05-21 14:03:00,,cancelled
1181,5,3,1,9,2026-05-18 02:52:00,2026-05-18 07:18:28,resolved
1182,1,4,5,10,2026-03-26 01:47:00,,in_progress
1183,5,4,2,1,2026-03-26 14:20:00,,in_progress
1184,5,3,4,5,2026-06-10 17:33:00,2026-06-11 03:21:06,resolved
1185,3,1,1,8,2026-06-03 16:07:00,2026-06-03 17:14:18,resolved
1186,4,4,2,5,2026-03-11 12:20:00,2026-03-12 10:08:32,resolved
1187,3,2,2,8,2026-03-07 21:49:00,2026-03-08 03:19:50,resolved
1188,5,4,5,5,2026-05-18 17:28:00,2026-05-23 13:23:25,resolved
1189,1,3,3,7,2026-04-21 07:40:00,2026-04-21 07:59:07,resolved
1190,1,2,1,5,2026-06-04 05:05:00,2026-06-04 10:16:26,resolved
1191,3,2,1,6,2026-03-07 23:54:00,2026-03-08 15:18:22,resolved
1192,1,1,4,1,2026-03-24 18:58:00,2026-03-24 19:55:46,resolved
1193,2,3,1,7,2026-04-15 02:55:00,2026-04-15 04:57:02,resolved
1194,2,1,5,8,2026-03-29 01:19:00,2026-03-29 03:09:18,resolved
1195,2,3,3,8,2026-04-20 00:53:00,2026-04-20 06:51:15,resolved
1196,3,2,4,2,2026-04-11 06:47:00,,cancelled
1197,1,3,3,5,2026-02-09 18:08:00,2026-02-11 16:01:46,resolved
1198,4,1,2,8,2026-01-03 21:03:00,2026-01-03 21:22:16,resolved
1199,2,4,1,10,2026-06-14 14:28:00,2026-06-15 12:31:05,resolved
1200,3,1,4,7,2026-05-29 18:02:00,2026-05-29 19:28:07,resolved
1201,1,3,2,1,2026-02-15 13:08:00,2026-02-15 16:44:33,resolved
1202,1,1,2,3,2026-01-19 04:26:00,,in_progress
1203,4,2,4,4,2026-05-28 03:13:00,2026-05-28 05:33:34,resolved
1204,2,3,4,6,2026-06-09 04:44:00,2026-06-09 18:02:16,resolved
1205,5,1,3,8,2026-01-31 05:23:00,2026-01-31 07:13:31,resolved
1206,1,1,5,1,2026-05-14 00:28:00,2026-05-14 03:19:21,resolved
1207,5,1,5,9,2026-02-10 16:12:00,,cancelled
1208,2,4,3,2,2026-02-09 13:19:00,2026-02-11 07:35:09,resolved
1209,1,3,5,6,2026-06-24 17:09:00,2026-06-25 19:19:03,resolved
1210,3,2,1,8,2026-01-15 16:22:00,2026-01-15 22:36:54,resolved
1211,1,2,3,5,2026-01-06 11:23:00,2026-01-06 20:21:15,resolved
1212,4,2,2,9,2026-01-02 10:16:00,2026-01-02 10:58:54,resolved
1213,1,1,2,1,2026-04-29 07:34:00,2026-04-29 10:41:19,resolved
1214,5,1,3,8,2026-04-16 14:44:00,2026-04-16 16:23:39,resolved
1215,4,1,1,4,2026-01-30 03:26:00,2026-01-30 04:56:53,resolved
1216,5,1,1,10,2026-04-04 12:44:00,2026-04-04 15:00:49,resolved
1217,3,1,3,9,2026-05-06 22:58:00,,cancelled
1218,1,1,2,1,2026-06-23 18:06:00,2026-06-23 18:28:01,resolved
1219,3,3,1,10,2026-05-10 17:45:00,2026-05-11 15:46:58,resolved
1220,2,1,1,9,2026-02-14 03:26:00,2026-02-14 05:16:07,resolved
1221,2,3,3,2,2026-06-24 23:23:00,2026-06-25 01:02:50,resolved
1222,5,2,2,1,2026-04-03 23:43:00,2026-04-04 02:20:36,resolved
1223,4,2,3,9,2026-06-04 01:37:00,2026-06-04 03:57:11,resolved
1224,4,1,5,5,2026-02-28 09:42:00,2026-02-28 11:56:24,resolved
1225,1,2,3,4,2026-02-28 11:43:00,,cancelled
1226,5,1,5,2,2026-05-08 14:08:00,2026-05-08 15:11:04,resolved
1227,1,4,3,6,2026-03-28 10:04:00,2026-04-01 18:53:49,resolved
1228,2,1,5,7,2026-01-23 06:40:00,2026-01-23 07:24:49,resolved
1229,4,4,4,9,2026-01-07 19:50:00,,cancelled
1230,1,1,4,5,2026-06-17 15:09:00,2026-06-17 17:38:03,resolved
1231,1,2,4,5,2026-06-15 09:04:00,2026-06-15 21:30:06,resolved
1232,4,2,3,10,2026-05-16 18:31:00,2026-05-17 00:36:48,resolved
1233,2,4,4,6,2026-03-09 05:58:00,2026-03-11 11:44:17,resolved
1234,1,2,4,8,2026-03-01 07:05:00,2026-03-01 15:42:52,resolved
1235,3,4,3,1,2026-01-27 14:23:00,2026-01-28 05:00:59,resolved
1236,5,3,3,1,2026-06-04 02:05:00,2026-06-04 10:58:27,resolved
1237,1,3,1,4,2026-03-10 03:20:00,,cancelled
1238,1,4,5,2,2026-06-05 03:53:00,,cancelled
1239,4,4,1,6,2026-05-31 14:30:00,2026-06-01 20:53:59,resolved
1240,5,2,4,4,2026-02-04 14:48:00,2026-02-04 15:45:15,resolved
1241,3,1,5,5,2026-04-09 08:51:00,2026-04-09 09:33:08,resolved
1242,1,2,3,8,2026-04-13 00:35:00,2026-04-13 07:36:21,resolved
1243,4,1,4,2,2026-02-14 07:41:00,2026-02-14 08:31:42,resolved
1244,3,4,2,5,2026-01-03 10:27:00,2026-01-06 02:02:37,resolved
1245,1,2,2,7,2026-06-24 04:50:00,2026-06-24 10:17:16,resolved
1246,3,3,2,1,2026-05-15 10:32:00,2026-05-16 02:32:56,resolved
1247,5,1,4,2,2026-03-31 15:25:00,2026-03-31 18:17:38,resolved
1248,5,4,2,1,2026-03-05 08:42:00,,cancelled
1249,4,4,2,5,2026-02-20 16:24:00,2026-02-22 18:07:48,resolved
1250,4,3,5,7,2026-05-27 22:29:00,2026-05-27 23:41:09,resolved
1251,1,4,1,5,2026-06-12 10:28:00,2026-06-12 14:44:03,resolved
1252,1,2,2,9,2026-04-04 21:26:00,,cancelled
1253,3,1,3,9,2026-04-05 04:21:00,2026-04-05 05:26:37,resolved
1254,4,2,2,1,2026-06-04 22:16:00,2026-06-05 05:24:12,resolved
1255,5,4,2,7,2026-02-10 20:25:00,2026-02-16 20:07:24,resolved
1256,1,2,3,4,2026-05-14 11:13:00,2026-05-14 12:28:01,resolved
1257,4,4,1,3,2026-06-15 16:31:00,2026-06-16 07:30:59,resolved
1258,1,2,5,8,2026-01-10 05:09:00,2026-01-10 10:13:56,resolved
1259,3,4,4,6,2026-06-13 02:46:00,2026-06-19 01:44:00,resolved
1260,4,1,1,2,2026-04-08 08:03:00,2026-04-08 11:33:50,resolved
1261,2,4,2,2,2026-04-10 10:52:00,2026-04-16 08:20:36,resolved
1262,4,3,1,4,2026-03-21 05:00:00,2026-03-21 05:27:14,resolved
1263,5,3,3,8,2026-06-14 07:44:00,2026-06-14 22:55:07,resolved
1264,4,2,2,9,2026-05-22 19:05:00,2026-05-23 00:21:33,resolved
1265,1,4,1,8,2026-05-29 09:01:00,,in_progress
1266,4,3,5,9,2026-01-07 20:18:00,2026-01-08 00:26:55,resolved
1267,5,2,1,1,2026-02-03 03:22:00,,in_progress
1268,4,1,4,8,2026-06-01 09:34:00,2026-06-01 11:27:37,resolved
1269,4,2,2,9,2026-01-28 12:07:00,2026-01-28 14:32:55,resolved
1270,4,2,1,6,2026-03-08 22:56:00,2026-03-09 14:48:28,resolved
1271,2,2,1,7,2026-04-13 15:40:00,2026-04-13 21:50:09,resolved
1272,5,1,5,6,2026-01-20 14:02:00,2026-01-20 17:22:45,resolved
1273,4,1,5,1,2026-02-05 22:10:00,2026-02-05 23:06:29,resolved
1274,1,4,4,6,2026-02-25 17:44:00,2026-02-28 03:20:32,resolved
1275,4,1,2,7,2026-04-23 04:19:00,2026-04-23 05:52:36,resolved
1276,3,3,4,10,2026-05-25 18:46:00,2026-05-26 17:15:03,resolved
1277,5,2,5,9,2026-01-08 20:13:00,2026-01-09 03:04:39,resolved
1278,2,4,3,1,2026-04-16 02:12:00,2026-04-20 02:43:56,resolved
1279,2,3,5,8,2026-05-12 08:01:00,,cancelled
1280,4,4,3,8,2026-03-11 00:38:00,2026-03-16 19:39:52,resolved
1281,4,2,5,1,2026-01-29 22:03:00,2026-01-30 03:00:06,resolved
1282,1,1,4,5,2026-05-25 18:03:00,2026-05-25 20:22:20,resolved
1283,4,4,5,7,2026-01-28 16:16:00,2026-02-03 09:27:07,resolved
1284,1,2,2,4,2026-01-18 17:10:00,2026-01-19 03:12:19,resolved
1285,1,2,4,3,2026-06-11 14:51:00,2026-06-11 18:09:26,resolved
1286,4,2,5,6,2026-05-09 04:33:00,2026-05-09 09:16:11,resolved
1287,2,4,1,9,2026-02-08 06:27:00,,in_progress
1288,5,4,3,3,2026-02-18 10:43:00,2026-02-22 13:30:00,resolved
1289,5,3,3,7,2026-01-17 07:05:00,2026-01-18 00:09:18,resolved
1290,1,4,3,9,2026-03-13 05:43:00,2026-03-13 10:30:26,resolved
1291,3,3,3,10,2026-04-17 13:30:00,2026-04-17 14:33:30,resolved
1292,5,2,3,2,2026-05-16 13:42:00,2026-05-17 04:44:37,resolved
1293,4,3,1,6,2026-02-04 10:56:00,2026-02-04 23:45:12,resolved
1294,2,1,2,5,2026-05-22 05:55:00,2026-05-22 06:49:47,resolved
1295,2,4,1,8,2026-05-30 19:48:00,2026-05-31 13:12:36,resolved
1296,5,4,3,1,2026-02-10 01:32:00,,cancelled
1297,5,1,4,2,2026-03-19 10:52:00,2026-03-19 12:17:04,resolved
1298,5,1,3,5,2026-02-04 07:46:00,2026-02-04 08:26:13,resolved
1299,5,3,1,3,2026-05-14 18:58:00,2026-05-16 11:24:20,resolved
1300,4,2,1,3,2026-06-09 06:56:00,,in_progress
1301,1,2,5,9,2026-05-28 06:49:00,2026-05-28 10:46:30,resolved
1302,4,1,5,7,2026-01-02 13:20:00,2026-01-02 13:56:05,resolved
1303,4,1,5,8,2026-06-05 09:13:00,2026-06-05 11:06:49,resolved
1304,4,1,3,10,2026-04-08 10:06:00,2026-04-08 11:34:37,resolved
1305,2,3,1,4,2026-04-08 01:11:00,,cancelled
1306,4,2,1,3,2026-05-06 15:21:00,2026-05-06 20:40:52,resolved
1307,2,4,2,4,2026-03-17 04:07:00,2026-03-18 07:26:13,resolved
1308,5,2,3,2,2026-06-11 21:40:00,2026-06-12 09:48:25,resolved
1309,4,4,4,3,2026-05-11 00:45:00,2026-05-12 05:06:47,resolved
1310,5,1,3,3,2026-02-05 05:44:00,2026-02-05 06:53:22,resolved
1311,3,4,1,1,2026-02-02 17:25:00,2026-02-05 05:22:58,resolved
1312,5,2,2,9,2026-04-01 08:09:00,2026-04-01 09:43:02,resolved
1313,5,1,1,5,2026-06-10 20:09:00,2026-06-10 20:27:42,resolved
1314,4,3,4,10,2026-03-24 21:16:00,2026-03-25 14:39:41,resolved
1315,1,2,4,9,2026-05-08 17:55:00,2026-05-08 21:30:39,resolved
1316,3,2,2,3,2026-04-06 13:18:00,,cancelled
1317,4,3,4,3,2026-05-28 19:11:00,2026-05-29 05:01:45,resolved
1318,2,2,4,10,2026-04-21 18:53:00,2026-04-22 00:57:40,resolved
1319,4,1,3,1,2026-04-25 09:30:00,2026-04-25 10:21:00,resolved
1320,5,1,4,8,2026-06-26 02:46:00,2026-06-26 03:27:03,resolved
1321,3,4,1,1,2026-03-18 09:09:00,2026-03-19 09:32:19,resolved
1322,2,4,1,10,2026-01-16 21:47:00,2026-01-18 17:50:33,resolved
1323,3,1,4,9,2026-01-08 12:10:00,,in_progress
1324,3,4,5,4,2026-05-06 11:51:00,2026-05-07 04:52:19,resolved
1325,3,2,3,10,2026-03-09 21:29:00,2026-03-09 22:01:48,resolved
1326,3,3,3,10,2026-05-04 10:23:00,,in_progress
1327,1,3,3,9,2026-06-17 14:32:00,2026-06-19 09:37:08,resolved
1328,1,1,5,3,2026-04-01 09:20:00,2026-04-01 12:09:26,resolved
1329,4,3,3,6,2026-05-26 04:30:00,,cancelled
1330,4,2,3,7,2026-06-28 16:24:00,2026-06-28 21:07:51,resolved
1331,5,1,3,9,2026-03-28 05:00:00,2026-03-28 06:17:24,resolved
1332,3,4,5,8,2026-03-31 06:09:00,2026-04-05 05:33:03,resolved
1333,2,1,5,2,2026-03-12 03:31:00,2026-03-12 05:08:00,resolved
1334,2,2,4,8,2026-05-30 05:22:00,,cancelled
1335,4,1,5,2,2026-02-26 19:05:00,2026-02-26 22:36:08,resolved
1336,1,3,5,9,2026-05-23 13:13:00,2026-05-24 11:17:25,resolved
1337,5,2,4,9,2026-02-15 00:09:00,,cancelled
1338,4,3,1,8,2026-06-19 09:00:00,2026-06-19 13:40:36,resolved
1339,3,3,4,8,2026-01-13 10:07:00,2026-01-14 07:55:16,resolved
1340,3,4,5,4,2026-03-05 22:16:00,2026-03-07 12:40:46,resolved
1341,1,2,5,5,2026-03-17 21:52:00,2026-03-18 07:58:49,resolved
1342,1,1,5,7,2026-05-14 17:19:00,2026-05-14 18:33:41,resolved
1343,3,2,1,6,2026-04-03 22:59:00,,in_progress
1344,2,3,5,3,2026-01-22 20:01:00,2026-01-22 20:24:23,resolved
1345,2,1,4,3,2026-01-05 00:25:00,,cancelled
1346,5,1,5,2,2026-02-05 01:07:00,2026-02-05 01:52:51,resolved
1347,5,4,1,6,2026-01-24 11:22:00,2026-01-26 21:21:45,resolved
1348,2,4,2,6,2026-01-30 14:48:00,2026-02-03 04:11:10,resolved
1349,2,3,1,7,2026-06-23 18:55:00,2026-06-24 13:01:17,resolved
1350,4,1,1,6,2026-06-20 22:22:00,2026-06-20 23:07:59,resolved
1351,3,4,1,6,2026-06-11 16:00:00,2026-06-14 05:09:38,resolved
1352,4,1,1,8,2026-03-31 21:10:00,,in_progress
1353,3,2,5,3,2026-01-17 15:03:00,2026-01-18 05:27:58,resolved
1354,5,1,4,5,2026-06-27 08:03:00,2026-06-27 08:40:15,resolved
1355,1,3,3,9,2026-01-06 11:29:00,2026-01-08 02:58:41,resolved
1356,1,3,2,1,2026-02-14 00:21:00,2026-02-14 07:18:06,resolved
1357,1,3,5,5,2026-01-12 23:40:00,2026-01-13 10:44:02,resolved
1358,5,1,5,5,2026-02-04 20:23:00,2026-02-04 23:47:06,resolved
1359,5,1,4,8,2026-04-26 05:53:00,2026-04-26 06:35:28,resolved
1360,4,3,2,3,2026-02-27 14:46:00,2026-02-28 06:01:21,resolved
1361,1,3,3,1,2026-04-24 02:21:00,2026-04-24 15:47:06,resolved
1362,3,4,2,10,2026-05-15 20:46:00,2026-05-16 11:15:43,resolved
1363,2,4,2,1,2026-06-06 14:44:00,2026-06-08 01:23:42,resolved
1364,2,1,5,3,2026-03-02 02:55:00,2026-03-02 03:14:22,resolved
1365,2,4,1,6,2026-03-05 21:19:00,2026-03-06 10:01:48,resolved
1366,2,1,3,10,2026-05-23 16:08:00,2026-05-23 17:15:08,resolved
1367,4,4,2,3,2026-05-03 14:09:00,,cancelled
1368,5,4,4,1,2026-02-05 10:35:00,2026-02-07 18:14:15,resolved
1369,2,1,5,3,2026-05-25 04:06:00,2026-05-25 05:22:36,resolved
1370,5,2,2,1,2026-01-21 19:23:00,2026-01-21 19:46:53,resolved
1371,1,4,5,9,2026-03-07 03:24:00,,cancelled
1372,5,3,5,4,2026-02-26 01:23:00,2026-02-26 14:37:38,resolved
1373,2,3,1,8,2026-05-05 03:13:00,2026-05-05 10:23:46,resolved
1374,1,4,2,8,2026-04-12 01:44:00,2026-04-15 08:31:53,resolved
1375,5,3,1,9,2026-02-22 08:39:00,2026-02-23 11:19:35,resolved
1376,5,3,1,2,2026-02-09 05:01:00,,cancelled
1377,1,4,1,5,2026-04-15 04:02:00,,cancelled
1378,3,4,5,6,2026-01-28 02:43:00,2026-01-29 12:13:30,resolved
1379,5,4,5,6,2026-04-08 23:21:00,2026-04-10 14:50:07,resolved
1380,2,1,1,2,2026-01-05 15:57:00,2026-01-05 17:26:52,resolved
1381,1,3,4,10,2026-05-08 11:38:00,2026-05-08 13:56:21,resolved
1382,4,2,2,10,2026-03-09 03:35:00,2026-03-09 07:57:14,resolved
1383,5,4,3,2,2026-01-30 02:24:00,2026-02-03 20:45:01,resolved
1384,2,1,3,8,2026-04-09 22:57:00,2026-04-09 23:33:12,resolved
1385,5,4,5,6,2026-05-19 20:49:00,2026-05-22 02:01:20,resolved
1386,5,3,4,3,2026-05-17 07:38:00,2026-05-17 18:34:37,resolved
1387,4,3,3,2,2026-06-23 08:41:00,2026-06-24 18:53:51,resolved
1388,2,4,4,5,2026-03-26 02:16:00,2026-03-31 15:35:15,resolved
1389,2,3,5,1,2026-01-21 14:08:00,2026-01-22 09:55:20,resolved
1390,2,1,3,4,2026-03-27 04:27:00,2026-03-27 04:57:33,resolved
1391,5,1,1,1,2026-03-23 02:49:00,2026-03-23 03:47:07,resolved
1392,1,3,3,1,2026-01-06 13:38:00,,in_progress
1393,4,1,4,7,2026-01-18 19:56:00,2026-01-18 20:22:44,resolved
1394,3,1,2,2,2026-04-10 22:23:00,2026-04-10 23:39:26,resolved
1395,3,1,4,1,2026-03-31 17:10:00,,cancelled
1396,5,3,1,5,2026-01-15 00:37:00,2026-01-15 12:21:07,resolved
1397,1,2,1,8,2026-03-29 16:49:00,2026-03-29 18:16:43,resolved
1398,4,2,1,8,2026-01-23 14:42:00,2026-01-23 20:53:19,resolved
1399,1,4,2,1,2026-01-21 06:11:00,2026-01-23 12:46:29,resolved
1400,4,3,1,1,2026-04-28 06:49:00,2026-04-28 22:38:50,resolved
1401,3,1,5,9,2026-02-20 05:36:00,2026-02-20 06:38:08,resolved
1402,5,3,4,7,2026-06-21 12:04:00,,cancelled
1403,2,4,5,8,2026-04-22 16:33:00,2026-04-23 17:31:24,resolved
1404,4,1,5,4,2026-05-26 23:13:00,2026-05-27 00:51:09,resolved
1405,2,3,2,9,2026-06-25 17:47:00,2026-06-26 00:25:31,resolved
1406,5,2,4,6,2026-01-11 22:08:00,2026-01-12 04:22:07,resolved
1407,1,3,5,6,2026-02-12 19:36:00,2026-02-13 06:20:23,resolved
1408,5,3,1,5,2026-06-21 14:58:00,2026-06-21 17:26:21,resolved
1409,4,3,3,4,2026-06-21 00:32:00,2026-06-21 13:16:56,resolved
1410,5,4,4,5,2026-06-30 11:43:00,2026-07-04 07:55:13,resolved
1411,3,4,1,7,2026-01-13 01:49:00,2026-01-13 16:39:31,resolved
1412,2,4,3,10,2026-05-21 03:57:00,2026-05-22 07:24:26,resolved
1413,2,4,3,4,2026-01-11 22:25:00,2026-01-14 02:48:09,resolved
1414,4,2,5,3,2026-03-26 20:16:00,2026-03-27 03:37:19,resolved
1415,2,3,4,6,2026-06-09 09:16:00,2026-06-10 04:26:27,resolved
1416,2,1,1,4,2026-03-31 06:25:00,,cancelled
1417,3,1,2,4,2026-03-04 07:35:00,2026-03-04 09:10:16,resolved
1418,3,1,2,1,2026-05-31 10:23:00,2026-05-31 11:08:59,resolved
1419,3,1,1,2,2026-01-26 22:45:00,2026-01-26 23:32:56,resolved
1420,4,2,5,4,2026-04-01 00:38:00,2026-04-01 02:54:37,resolved
1421,5,4,5,6,2026-06-21 19:01:00,2026-06-26 15:05:29,resolved
1422,2,2,5,1,2026-01-09 12:40:00,2026-01-09 15:30:37,resolved
1423,4,1,2,8,2026-04-26 02:46:00,,cancelled
1424,3,1,2,7,2026-05-21 16:57:00,2026-05-21 18:09:34,resolved
1425,4,2,2,1,2026-06-22 20:26:00,2026-06-23 02:44:47,resolved
1426,1,4,1,4,2026-03-07 11:05:00,,in_progress
1427,4,2,5,7,2026-02-16 12:17:00,,cancelled
1428,4,1,5,7,2026-04-19 08:45:00,2026-04-19 10:30:50,resolved
1429,1,2,2,9,2026-04-27 03:40:00,2026-04-27 04:47:09,resolved
1430,5,3,1,8,2026-05-14 07:16:00,2026-05-15 02:32:46,resolved
1431,1,3,1,2,2026-06-24 23:02:00,2026-06-25 21:35:07,resolved
1432,1,2,3,8,2026-04-22 06:28:00,2026-04-22 09:05:00,resolved
1433,1,1,5,10,2026-03-04 00:20:00,2026-03-04 02:07:29,resolved
1434,1,2,3,5,2026-04-04 09:11:00,2026-04-05 00:49:02,resolved
1435,3,2,4,9,2026-05-28 19:44:00,2026-05-29 03:07:23,resolved
1436,1,2,1,8,2026-05-06 17:53:00,2026-05-06 21:36:51,resolved
1437,3,1,2,3,2026-06-21 20:42:00,2026-06-21 21:53:11,resolved
1438,5,4,5,3,2026-06-15 13:27:00,2026-06-17 22:37:43,resolved
1439,2,2,4,4,2026-06-30 22:41:00,2026-07-01 08:20:12,resolved
1440,3,4,4,9,2026-05-11 03:15:00,,cancelled
1441,2,1,2,6,2026-02-23 10:29:00,2026-02-23 11:46:54,resolved
1442,5,2,4,2,2026-04-04 23:37:00,2026-04-05 03:37:55,resolved
1443,1,4,2,2,2026-03-30 22:25:00,2026-04-01 12:57:37,resolved
1444,3,2,2,3,2026-05-06 16:03:00,2026-05-06 18:03:01,resolved
1445,1,2,2,4,2026-06-24 09:27:00,,cancelled
1446,3,3,1,7,2026-05-30 06:12:00,2026-05-31 02:54:16,resolved
1447,3,2,1,1,2026-02-17 11:54:00,2026-02-17 13:22:01,resolved
1448,2,3,3,10,2026-01-29 22:47:00,2026-01-30 02:58:42,resolved
1449,4,2,3,10,2026-02-06 20:42:00,2026-02-07 03:29:00,resolved
1450,5,2,2,3,2026-02-20 07:13:00,2026-02-20 16:57:46,resolved
1451,3,2,5,6,2026-06-12 03:46:00,2026-06-12 05:40:06,resolved
1452,3,3,5,2,2026-03-01 03:42:00,2026-03-01 22:04:19,resolved
1453,5,4,2,10,2026-05-09 06:26:00,2026-05-11 12:19:57,resolved
1454,5,4,4,8,2026-06-20 20:31:00,,cancelled
1455,3,3,5,10,2026-04-28 00:43:00,2026-04-28 20:18:54,resolved
1456,5,2,5,6,2026-03-13 23:54:00,2026-03-14 02:25:46,resolved
1457,2,2,3,6,2026-05-22 21:19:00,2026-05-23 03:36:45,resolved
1458,5,2,3,6,2026-06-05 22:11:00,2026-06-06 12:38:32,resolved
1459,3,1,4,10,2026-05-17 12:38:00,2026-05-17 13:14:03,resolved
1460,1,4,3,9,2026-03-15 14:31:00,2026-03-18 08:08:59,resolved
1461,4,1,4,9,2026-01-26 20:53:00,2026-01-26 22:13:05,resolved
1462,4,2,4,2,2026-02-10 14:21:00,2026-02-11 02:36:24,resolved
1463,3,3,2,10,2026-05-04 15:35:00,2026-05-04 22:08:45,resolved
1464,5,4,1,9,2026-06-10 15:48:00,2026-06-12 02:34:26,resolved
1465,2,3,3,7,2026-01-13 17:32:00,2026-01-15 00:13:04,resolved
1466,2,2,5,4,2026-01-07 16:29:00,2026-01-07 21:30:38,resolved
1467,1,1,2,6,2026-04-11 22:08:00,2026-04-11 23:57:24,resolved
1468,2,3,3,8,2026-02-08 15:43:00,2026-02-09 11:57:26,resolved
1469,5,1,1,4,2026-05-29 03:54:00,2026-05-29 05:25:11,resolved
1470,5,4,1,10,2026-06-23 22:47:00,2026-06-27 09:15:10,resolved
1471,5,1,2,5,2026-03-14 11:52:00,2026-03-14 12:54:59,resolved
1472,1,3,4,4,2026-06-25 21:24:00,2026-06-26 01:12:40,resolved
1473,1,1,2,6,2026-04-20 11:36:00,2026-04-20 14:40:18,resolved
1474,1,4,1,6,2026-01-17 15:31:00,2026-01-22 04:21:27,resolved
1475,2,3,1,2,2026-06-24 04:06:00,2026-06-24 06:48:22,resolved
1476,2,4,3,9,2026-03-14 18:34:00,2026-03-16 06:19:06,resolved
1477,2,2,5,3,2026-04-06 22:50:00,2026-04-07 04:40:45,resolved
1478,5,2,2,10,2026-06-11 10:39:00,2026-06-11 15:17:02,resolved
1479,2,4,4,9,2026-06-08 03:05:00,2026-06-09 00:36:02,resolved
1480,4,3,2,9,2026-04-18 06:57:00,2026-04-18 23:12:39,resolved
1481,5,2,1,10,2026-04-08 01:36:00,2026-04-08 03:15:14,resolved
1482,4,3,5,2,2026-01-21 11:57:00,2026-01-22 05:48:47,resolved
1483,3,1,4,9,2026-06-24 13:20:00,2026-06-24 15:13:57,resolved
1484,1,2,2,1,2026-03-22 18:58:00,,cancelled
1485,3,4,1,8,2026-04-14 06:36:00,2026-04-15 08:11:20,resolved
1486,2,3,2,4,2026-03-15 00:01:00,2026-03-15 00:55:27,resolved
1487,4,3,3,6,2026-02-06 23:08:00,2026-02-07 10:39:32,resolved
1488,1,1,1,6,2026-03-29 04:09:00,2026-03-29 05:37:23,resolved
1489,3,1,2,10,2026-06-28 07:24:00,2026-06-28 08:45:25,resolved
1490,1,2,2,2,2026-01-21 18:54:00,2026-01-21 22:49:56,resolved
1491,4,1,2,7,2026-01-24 08:03:00,,cancelled
1492,2,2,3,7,2026-05-03 03:03:00,,cancelled
1493,2,4,2,4,2026-03-01 22:13:00,2026-03-03 23:42:45,resolved
1494,2,3,2,9,2026-04-12 21:48:00,2026-04-13 09:35:20,resolved
1495,3,1,2,1,2026-06-17 00:40:00,2026-06-17 01:09:39,resolved
1496,4,4,5,1,2026-02-12 16:48:00,,cancelled
1497,1,2,1,7,2026-05-26 16:47:00,2026-05-26 17:38:23,resolved
1498,1,3,5,9,2026-06-04 13:50:00,2026-06-05 11:36:06,resolved
1499,2,2,1,2,2026-01-31 23:14:00,,cancelled
1500,4,3,1,6,2026-05-18 16:47:00,2026-05-18 19:14:30,resolved
1501,3,2,2,6,2026-06-22 17:09:00,2026-06-22 23:04:24,resolved
1502,5,1,4,9,2026-06-08 21:50:00,2026-06-08 22:20:45,resolved
1503,3,1,5,5,2026-03-06 20:16:00,2026-03-06 22:43:48,resolved
1504,1,2,3,3,2026-01-04 10:01:00,2026-01-04 17:12:58,resolved
1505,4,4,5,6,2026-01-06 04:32:00,2026-01-07 05:55:53,resolved
1506,2,2,4,5,2026-02-05 16:33:00,2026-02-05 18:23:52,resolved
1507,2,1,2,2,2026-03-13 14:55:00,2026-03-13 16:14:52,resolved
1508,1,4,1,8,2026-06-27 03:22:00,2026-06-30 12:19:33,resolved
1509,5,3,1,1,2026-03-31 13:07:00,2026-04-01 02:49:30,resolved
1510,3,1,3,10,2026-01-21 21:25:00,2026-01-21 22:41:19,resolved
1511,2,3,1,5,2026-06-10 19:39:00,2026-06-10 20:54:33,resolved
1512,3,1,4,3,2026-06-10 17:45:00,,cancelled
1513,5,4,3,5,2026-01-15 18:44:00,2026-01-15 23:18:33,resolved
1514,2,1,3,9,2026-02-02 09:20:00,2026-02-02 11:55:24,resolved
1515,1,1,3,9,2026-05-20 20:37:00,2026-05-20 23:47:45,resolved
1516,2,2,5,8,2026-05-05 03:42:00,,cancelled
1517,1,4,3,3,2026-02-28 01:34:00,2026-03-01 16:18:15,resolved
1518,5,1,1,7,2026-03-22 14:55:00,2026-03-22 16:13:59,resolved
1519,1,3,1,7,2026-04-16 17:34:00,2026-04-17 12:12:33,resolved
1520,5,1,3,8,2026-04-07 04:12:00,2026-04-07 05:16:47,resolved
1521,1,4,2,7,2026-05-18 16:16:00,,cancelled
1522,1,1,4,5,2026-05-03 21:02:00,2026-05-03 21:57:06,resolved
1523,4,3,4,7,2026-01-28 16:48:00,2026-01-29 11:03:34,resolved
1524,5,1,2,9,2026-02-17 20:02:00,2026-02-17 21:52:38,resolved
1525,3,3,3,1,2026-06-30 11:43:00,2026-06-30 14:48:08,resolved
1526,4,4,5,4,2026-06-02 02:16:00,2026-06-03 09:49:58,resolved
1527,5,3,1,2,2026-01-15 13:20:00,2026-01-16 10:20:11,resolved
1528,5,4,1,1,2026-04-03 16:08:00,2026-04-08 09:16:41,resolved
1529,1,2,1,7,2026-05-07 07:44:00,2026-05-07 08:27:04,resolved
1530,5,1,2,2,2026-02-28 05:05:00,2026-02-28 06:53:01,resolved
1531,4,2,3,4,2026-06-20 14:14:00,2026-06-20 21:26:13,resolved
1532,4,4,2,5,2026-03-24 14:10:00,2026-03-25 14:09:48,resolved
1533,4,1,1,7,2026-05-21 00:48:00,,in_progress
1534,5,4,4,2,2026-03-03 06:39:00,,in_progress
1535,4,2,1,1,2026-02-26 22:58:00,2026-02-27 05:00:02,resolved
1536,5,3,4,9,2026-06-14 16:18:00,2026-06-15 10:23:37,resolved
1537,3,4,4,4,2026-03-23 16:49:00,,cancelled
1538,2,2,1,5,2026-06-20 17:48:00,2026-06-20 23:37:03,resolved
1539,5,1,3,7,2026-03-02 20:54:00,2026-03-02 21:23:27,resolved
1540,5,3,1,5,2026-02-17 23:16:00,2026-02-18 08:39:16,resolved
1541,2,2,1,3,2026-02-03 00:13:00,2026-02-03 07:06:22,resolved
1542,1,4,2,8,2026-04-26 08:34:00,2026-04-26 19:59:37,resolved
1543,2,3,1,5,2026-06-27 14:04:00,2026-06-27 16:43:58,resolved
1544,1,4,4,10,2026-03-03 04:50:00,2026-03-04 04:00:15,resolved
1545,3,1,5,3,2026-03-07 17:13:00,2026-03-07 19:22:35,resolved
1546,1,4,4,7,2026-04-08 01:15:00,2026-04-10 00:06:37,resolved
1547,2,2,2,6,2026-03-03 12:37:00,,cancelled
1548,3,3,4,5,2026-05-13 10:21:00,2026-05-14 04:51:31,resolved
1549,1,2,2,10,2026-02-02 21:50:00,2026-02-03 03:18:58,resolved
1550,5,4,5,8,2026-02-11 17:06:00,,cancelled
1551,4,2,4,8,2026-06-03 03:31:00,2026-06-03 04:40:26,resolved
1552,5,4,4,10,2026-06-27 05:50:00,2026-06-29 22:57:06,resolved
1553,3,2,2,10,2026-01-17 19:06:00,2026-01-17 19:25:56,resolved
1554,4,2,1,3,2026-02-24 08:31:00,2026-02-24 14:50:53,resolved
1555,1,3,2,1,2026-04-04 21:29:00,,cancelled
1556,3,4,2,10,2026-05-03 11:31:00,2026-05-04 15:11:46,resolved
1557,4,3,2,9,2026-02-13 11:19:00,2026-02-14 09:28:37,resolved
1558,4,3,1,8,2026-04-26 22:15:00,2026-04-27 02:41:46,resolved
1559,1,1,2,8,2026-01-22 06:52:00,2026-01-22 08:05:41,resolved
1560,1,3,1,10,2026-06-25 11:08:00,,in_progress
1561,2,2,1,4,2026-04-06 06:42:00,,cancelled
1562,2,2,5,2,2026-06-11 22:07:00,,in_progress
1563,3,2,5,3,2026-01-24 15:05:00,2026-01-24 21:39:28,resolved
1564,2,4,2,5,2026-03-07 20:26:00,2026-03-13 04:01:21,resolved
1565,4,3,3,1,2026-01-30 12:54:00,2026-01-31 02:22:23,resolved
1566,2,3,1,2,2026-05-04 21:37:00,,cancelled
1567,1,3,3,5,2026-05-29 18:21:00,2026-05-30 07:53:16,resolved
1568,2,4,4,6,2026-05-21 23:45:00,2026-05-24 01:36:56,resolved
1569,4,3,1,10,2026-04-23 06:24:00,2026-04-23 20:55:03,resolved
1570,3,3,5,9,2026-04-02 04:13:00,2026-04-03 09:32:15,resolved
1571,4,3,4,4,2026-05-03 19:25:00,2026-05-04 12:15:57,resolved
1572,5,4,3,3,2026-01-08 10:36:00,2026-01-11 03:00:59,resolved
1573,4,4,1,1,2026-05-16 08:53:00,2026-05-18 07:47:25,resolved
1574,4,4,3,2,2026-02-07 11:52:00,,cancelled
1575,2,2,2,8,2026-05-11 00:29:00,2026-05-11 14:11:10,resolved
1576,4,3,5,9,2026-04-03 19:56:00,2026-04-04 06:35:11,resolved
1577,4,1,2,1,2026-04-19 16:57:00,2026-04-19 18:45:26,resolved
1578,3,4,3,9,2026-04-13 13:21:00,,in_progress
1579,5,1,3,1,2026-05-03 06:28:00,,cancelled
1580,2,4,5,5,2026-03-15 10:42:00,2026-03-19 07:13:36,resolved
1581,5,4,5,5,2026-06-13 21:11:00,2026-06-18 21:39:50,resolved
1582,3,2,3,1,2026-01-14 14:28:00,2026-01-14 16:03:35,resolved
1583,4,2,1,10,2026-04-27 04:50:00,2026-04-27 05:44:02,resolved
1584,4,2,5,4,2026-04-09 09:27:00,,cancelled
1585,5,2,5,4,2026-05-08 15:38:00,,in_progress
1586,1,4,5,6,2026-04-02 19:48:00,2026-04-03 03:15:10,resolved
1587,5,4,5,8,2026-04-03 22:50:00,2026-04-06 11:51:58,resolved
1588,5,1,1,6,2026-02-27 15:49:00,2026-02-27 17:41:13,resolved
1589,3,3,5,3,2026-01-20 09:22:00,2026-01-21 05:05:18,resolved
1590,3,1,5,1,2026-03-04 07:20:00,2026-03-04 08:05:06,resolved
1591,1,2,4,7,2026-04-24 11:08:00,2026-04-24 14:37:53,resolved
1592,5,4,3,1,2026-06-01 09:12:00,2026-06-03 16:21:35,resolved
1593,5,4,4,3,2026-01-12 20:37:00,,cancelled
1594,5,1,5,8,2026-01-01 01:05:00,2026-01-01 02:20:43,resolved
1595,1,2,2,5,2026-02-02 09:13:00,2026-02-03 01:08:20,resolved
1596,1,3,5,6,2026-01-08 21:55:00,2026-01-09 05:04:03,resolved
1597,5,3,4,2,2026-03-22 14:13:00,,cancelled
1598,1,2,3,1,2026-01-01 17:56:00,2026-01-01 20:04:57,resolved
1599,5,1,5,4,2026-06-02 01:56:00,2026-06-02 03:16:58,resolved
1600,3,1,1,3,2026-01-04 05:38:00,2026-01-04 09:22:30,resolved
1601,4,4,1,2,2026-06-15 09:05:00,,cancelled
1602,2,2,3,9,2026-06-06 05:39:00,2026-06-06 09:49:13,resolved
1603,4,3,3,1,2026-01-30 11:55:00,2026-01-30 12:31:39,resolved
1604,5,2,1,1,2026-02-18 17:19:00,2026-02-18 23:25:34,resolved
1605,1,1,4,4,2026-06-14 03:34:00,2026-06-14 04:08:02,resolved
1606,1,3,5,1,2026-01-18 21:33:00,2026-01-19 01:52:20,resolved
1607,3,1,1,1,2026-02-01 23:33:00,,in_progress
1608,5,2,2,8,2026-04-07 19:34:00,2026-04-07 22:20:23,resolved
1609,5,3,1,9,2026-05-25 22:02:00,2026-05-26 07:01:40,resolved
1610,2,2,4,2,2026-06-03 10:25:00,2026-06-03 21:46:56,resolved
1611,3,3,2,10,2026-06-07 07:54:00,,cancelled
1612,3,1,2,3,2026-03-17 23:09:00,2026-03-18 00:20:57,resolved
1613,1,2,4,1,2026-02-28 18:14:00,2026-03-01 01:04:58,resolved
1614,5,4,2,9,2026-05-27 16:54:00,2026-05-29 15:04:08,resolved
1615,4,3,5,5,2026-06-08 02:45:00,,cancelled
1616,2,4,4,2,2026-04-04 21:27:00,2026-04-07 06:04:05,resolved
1617,4,4,2,3,2026-02-26 00:52:00,,cancelled
1618,1,4,5,2,2026-01-22 18:03:00,2026-01-24 05:59:46,resolved
1619,3,3,4,10,2026-06-29 20:26:00,2026-06-30 01:53:36,resolved
1620,3,2,1,8,2026-06-18 10:05:00,2026-06-18 14:35:40,resolved
1621,1,1,4,8,2026-05-26 01:55:00,2026-05-26 04:40:39,resolved
1622,4,3,4,4,2026-06-01 14:49:00,2026-06-01 22:49:25,resolved
1623,1,2,3,5,2026-05-05 20:16:00,2026-05-05 21:05:58,resolved
1624,5,4,5,8,2026-01-30 21:20:00,2026-02-04 13:40:35,resolved
1625,2,2,4,5,2026-06-12 00:40:00,2026-06-12 08:06:41,resolved
1626,4,4,1,3,2026-02-28 07:46:00,,in_progress
1627,2,1,4,3,2026-03-14 05:54:00,2026-03-14 06:42:48,resolved
1628,5,4,3,7,2026-06-17 06:33:00,2026-06-17 12:38:45,resolved
1629,2,2,3,4,2026-03-29 17:15:00,2026-03-29 22:13:52,resolved
1630,4,1,3,8,2026-01-10 00:36:00,2026-01-10 01:49:22,resolved
1631,4,4,5,7,2026-05-22 21:38:00,2026-05-26 20:55:53,resolved
1632,3,3,2,3,2026-04-05 23:28:00,2026-04-06 04:15:29,resolved
1633,5,4,3,1,2026-03-17 00:18:00,2026-03-21 18:19:30,resolved
1634,4,4,4,7,2026-03-15 11:14:00,,in_progress
1635,4,1,3,5,2026-03-03 23:28:00,,in_progress
1636,2,2,4,3,2026-04-25 11:02:00,2026-04-25 22:11:26,resolved
1637,1,3,3,9,2026-04-02 01:08:00,2026-04-03 22:48:38,resolved
1638,1,1,5,5,2026-06-08 00:47:00,2026-06-08 01:57:43,resolved
1639,5,4,2,5,2026-04-08 18:20:00,2026-04-11 13:31:20,resolved
1640,3,1,5,3,2026-01-25 22:11:00,2026-01-25 23:33:52,resolved
1641,1,4,2,5,2026-06-22 23:35:00,2026-06-23 22:34:50,resolved
1642,1,4,2,2,2026-06-16 14:20:00,,cancelled
1643,2,4,1,1,2026-01-09 07:24:00,2026-01-09 17:10:17,resolved
1644,2,2,2,2,2026-05-19 01:39:00,2026-05-19 06:26:55,resolved
1645,1,3,2,4,2026-02-14 02:59:00,,cancelled
1646,3,3,3,2,2026-01-23 20:40:00,2026-01-25 18:30:08,resolved
1647,4,4,3,2,2026-03-17 18:25:00,,cancelled
1648,4,2,2,7,2026-05-19 19:00:00,2026-05-20 10:54:27,resolved
1649,5,2,5,9,2026-02-07 17:13:00,,cancelled
1650,3,4,2,7,2026-03-01 16:17:00,,in_progress
1651,5,3,4,3,2026-06-04 22:10:00,2026-06-06 07:31:16,resolved
1652,1,2,5,10,2026-06-25 10:50:00,2026-06-25 11:20:05,resolved
1653,1,1,5,8,2026-03-11 09:33:00,2026-03-11 10:01:26,resolved
1654,1,3,2,4,2026-04-17 06:45:00,2026-04-17 08:09:10,resolved
1655,1,4,5,7,2026-05-02 15:54:00,2026-05-04 22:59:15,resolved
1656,2,4,1,2,2026-02-24 11:55:00,2026-02-24 19:25:12,resolved
1657,4,4,4,6,2026-02-26 16:24:00,,in_progress
1658,3,1,1,4,2026-04-15 02:12:00,2026-04-15 03:58:51,resolved
1659,3,2,1,10,2026-01-10 04:57:00,2026-01-10 11:53:37,resolved
1660,1,2,5,10,2026-02-19 01:35:00,2026-02-19 04:28:39,resolved
1661,4,1,2,4,2026-06-10 02:15:00,2026-06-10 02:53:17,resolved
1662,1,3,5,4,2026-01-19 14:05:00,2026-01-20 15:25:08,resolved
1663,4,4,5,2,2026-01-30 10:46:00,2026-02-04 14:28:44,resolved
1664,5,2,2,10,2026-03-18 15:18:00,2026-03-18 18:15:47,resolved
1665,1,2,5,10,2026-04-01 14:27:00,2026-04-01 15:50:58,resolved
1666,4,4,2,2,2026-04-20 00:54:00,2026-04-25 15:49:01,resolved
1667,2,4,3,9,2026-05-29 13:03:00,2026-05-31 21:41:50,resolved
1668,1,4,3,5,2026-06-05 09:11:00,,cancelled
1669,4,3,2,4,2026-03-05 18:00:00,2026-03-05 18:28:41,resolved
1670,3,4,2,4,2026-06-18 14:09:00,2026-06-23 08:16:28,resolved
1671,3,3,4,1,2026-03-28 13:19:00,2026-03-28 21:54:44,resolved
1672,3,2,4,10,2026-03-28 17:58:00,2026-03-29 01:27:48,resolved
1673,3,2,4,9,2026-06-25 13:36:00,2026-06-26 02:45:45,resolved
1674,3,1,4,7,2026-06-29 17:23:00,2026-06-29 18:42:10,resolved
1675,2,3,5,5,2026-03-28 17:09:00,2026-03-29 13:17:00,resolved
1676,2,2,2,4,2026-06-14 08:03:00,2026-06-14 15:02:38,resolved
1677,2,1,1,4,2026-01-01 20:08:00,2026-01-01 21:14:23,resolved
1678,4,4,3,1,2026-05-11 10:44:00,2026-05-14 18:18:37,resolved
1679,4,3,5,3,2026-02-06 22:46:00,2026-02-07 11:47:39,resolved
1680,2,3,2,4,2026-01-05 07:06:00,2026-01-05 22:24:29,resolved
1681,3,4,4,1,2026-04-21 09:03:00,2026-04-22 22:09:58,resolved
1682,3,4,1,7,2026-04-05 09:48:00,,cancelled
1683,1,4,1,4,2026-01-21 04:14:00,,cancelled
1684,3,1,5,1,2026-05-29 19:52:00,2026-05-29 21:06:03,resolved
1685,3,3,5,2,2026-04-23 22:39:00,2026-04-24 06:06:20,resolved
1686,5,3,1,1,2026-06-25 13:13:00,,cancelled
1687,2,1,5,9,2026-03-24 11:17:00,,cancelled
1688,4,3,2,9,2026-06-18 08:12:00,2026-06-18 21:14:22,resolved
1689,5,2,2,6,2026-05-10 21:36:00,,in_progress
1690,4,2,1,6,2026-02-28 11:29:00,2026-02-28 21:33:31,resolved
1691,4,4,1,1,2026-06-24 19:58:00,2026-06-26 03:46:31,resolved
1692,5,2,5,6,2026-03-29 02:22:00,2026-03-29 06:53:00,resolved
1693,2,2,2,10,2026-04-26 02:49:00,2026-04-26 08:42:39,resolved
1694,5,3,3,2,2026-03-04 22:14:00,2026-03-05 18:28:29,resolved
1695,2,3,4,7,2026-01-06 16:28:00,2026-01-07 11:20:45,resolved
1696,1,3,4,9,2026-03-25 11:08:00,2026-03-26 22:41:46,resolved
1697,2,1,1,3,2026-06-17 10:54:00,2026-06-17 14:11:16,resolved
1698,1,4,4,4,2026-05-29 18:12:00,,cancelled
1699,3,2,2,2,2026-03-28 23:00:00,2026-03-29 14:37:20,resolved
1700,4,3,1,5,2026-04-21 06:19:00,2026-04-21 18:15:22,resolved
1701,4,3,2,1,2026-03-12 11:33:00,2026-03-12 13:25:21,resolved
1702,2,3,2,5,2026-05-06 09:22:00,2026-05-07 05:19:28,resolved
1703,1,3,4,1,2026-05-04 13:01:00,2026-05-04 21:27:45,resolved
1704,5,1,3,4,2026-06-09 08:14:00,,cancelled
1705,4,2,5,4,2026-01-14 15:28:00,2026-01-14 19:45:33,resolved
1706,2,3,5,8,2026-01-23 21:15:00,2026-01-24 02:41:07,resolved
1707,2,4,1,3,2026-06-16 12:06:00,2026-06-19 02:02:12,resolved
1708,5,3,5,9,2026-02-16 16:18:00,2026-02-18 02:16:27,resolved
1709,2,1,2,2,2026-02-18 22:16:00,2026-02-18 23:23:26,resolved
1710,1,2,2,6,2026-02-20 12:39:00,2026-02-21 02:33:16,resolved
1711,4,1,2,7,2026-02-03 12:14:00,2026-02-03 15:01:51,resolved
1712,5,1,4,10,2026-05-02 08:32:00,2026-05-02 12:13:40,resolved
1713,2,2,4,5,2026-05-22 12:58:00,,cancelled
1714,5,2,5,3,2026-05-08 23:09:00,2026-05-09 05:44:28,resolved
1715,5,3,3,8,2026-01-15 21:53:00,2026-01-15 22:33:08,resolved
1716,1,1,5,9,2026-03-20 23:36:00,,in_progress
1717,5,2,5,8,2026-06-10 12:08:00,2026-06-10 22:11:56,resolved
1718,2,3,4,2,2026-01-12 02:53:00,2026-01-12 03:35:19,resolved
1719,3,1,5,8,2026-05-02 18:14:00,2026-05-02 18:56:29,resolved
1720,5,2,3,2,2026-05-28 06:30:00,2026-05-28 12:55:58,resolved
1721,3,4,5,9,2026-04-19 08:13:00,2026-04-21 20:12:10,resolved
1722,1,2,4,7,2026-01-23 05:50:00,2026-01-23 12:31:28,resolved
1723,3,2,3,2,2026-04-29 03:44:00,2026-04-29 07:40:08,resolved
1724,1,4,3,9,2026-05-15 07:50:00,2026-05-15 18:00:47,resolved
1725,5,2,3,9,2026-02-11 21:30:00,2026-02-11 23:06:04,resolved
1726,5,3,2,1,2026-01-02 03:41:00,2026-01-03 15:28:08,resolved
1727,4,1,3,8,2026-03-04 06:01:00,2026-03-04 07:39:01,resolved
1728,5,3,2,8,2026-04-08 04:37:00,2026-04-09 08:54:48,resolved
1729,2,2,4,10,2026-03-22 00:54:00,2026-03-22 05:03:10,resolved
1730,1,4,4,7,2026-06-26 16:44:00,2026-06-27 10:57:45,resolved
1731,4,1,4,4,2026-02-12 18:50:00,2026-02-12 21:27:23,resolved
1732,2,4,5,4,2026-05-30 16:11:00,2026-05-30 18:10:42,resolved
1733,4,3,2,10,2026-03-29 20:27:00,2026-03-31 02:59:36,resolved
1734,4,1,5,8,2026-03-28 14:01:00,2026-03-28 17:52:29,resolved
1735,4,3,1,8,2026-04-25 17:12:00,2026-04-26 12:31:17,resolved
1736,5,1,3,6,2026-03-04 08:11:00,2026-03-04 10:54:49,resolved
1737,1,3,1,8,2026-04-14 20:31:00,2026-04-14 21:32:46,resolved
1738,5,2,4,9,2026-02-20 20:33:00,,in_progress
1739,2,1,4,6,2026-04-17 22:06:00,2026-04-17 23:00:25,resolved
1740,4,2,5,9,2026-01-14 03:09:00,2026-01-14 16:10:27,resolved
1741,2,4,1,10,2026-03-09 11:45:00,2026-03-10 05:54:14,resolved
1742,3,2,2,1,2026-03-29 03:12:00,2026-03-29 06:01:12,resolved
1743,5,2,3,3,2026-05-27 00:59:00,2026-05-27 07:03:55,resolved
1744,5,4,4,5,2026-03-04 17:16:00,2026-03-06 23:07:05,resolved
1745,1,4,5,10,2026-02-01 01:58:00,2026-02-02 02:59:16,resolved
1746,2,3,5,10,2026-04-07 22:04:00,,cancelled
1747,1,3,2,9,2026-05-29 07:28:00,2026-05-29 19:55:06,resolved
1748,2,2,2,9,2026-01-08 10:23:00,2026-01-08 15:31:31,resolved
1749,4,4,4,7,2026-02-21 23:20:00,2026-02-22 01:35:45,resolved
1750,3,2,4,6,2026-04-08 10:52:00,2026-04-08 13:34:05,resolved
1751,5,2,3,9,2026-03-12 00:57:00,2026-03-12 14:31:48,resolved
1752,1,2,3,5,2026-01-14 19:41:00,2026-01-14 23:10:23,resolved
1753,2,2,4,2,2026-03-18 10:43:00,2026-03-18 13:17:19,resolved
1754,5,2,4,1,2026-05-15 01:56:00,2026-05-15 10:40:07,resolved
1755,3,1,3,10,2026-01-20 23:42:00,2026-01-21 01:06:12,resolved
1756,1,4,4,6,2026-05-28 18:42:00,2026-05-28 19:42:37,resolved
1757,1,1,5,9,2026-05-05 21:23:00,2026-05-05 23:07:47,resolved
1758,4,4,1,7,2026-04-21 00:17:00,2026-04-23 07:20:06,resolved
1759,2,1,5,7,2026-02-07 19:22:00,2026-02-07 23:19:18,resolved
1760,5,3,2,2,2026-04-22 17:19:00,2026-04-23 15:51:02,resolved
1761,4,2,1,4,2026-05-08 13:11:00,2026-05-08 18:51:59,resolved
1762,1,4,1,5,2026-02-11 06:53:00,2026-02-13 11:43:41,resolved
1763,4,4,5,5,2026-05-08 10:54:00,2026-05-12 00:19:13,resolved
1764,2,4,4,1,2026-05-16 13:34:00,2026-05-18 12:08:15,resolved
1765,1,2,3,9,2026-04-14 17:38:00,,cancelled
1766,2,3,4,1,2026-01-05 07:48:00,2026-01-05 22:38:39,resolved
1767,5,1,5,5,2026-05-06 12:18:00,2026-05-06 12:43:19,resolved
1768,1,4,4,9,2026-04-24 18:32:00,2026-04-25 02:28:57,resolved
1769,2,1,4,9,2026-04-11 21:52:00,2026-04-11 23:11:21,resolved
1770,2,1,5,6,2026-06-25 18:33:00,2026-06-25 19:06:41,resolved
1771,4,4,5,9,2026-05-03 00:10:00,2026-05-04 05:59:20,resolved
1772,5,3,2,1,2026-02-14 20:54:00,,in_progress
1773,5,2,1,4,2026-06-11 03:27:00,2026-06-11 10:09:25,resolved
1774,2,2,2,8,2026-01-17 07:43:00,2026-01-17 20:46:34,resolved
1775,3,4,4,8,2026-02-27 23:56:00,2026-02-28 06:30:47,resolved
1776,3,1,2,9,2026-01-24 04:01:00,2026-01-24 05:16:08,resolved
1777,3,4,5,2,2026-01-24 16:07:00,2026-01-27 10:18:00,resolved
1778,4,3,3,8,2026-04-11 01:18:00,2026-04-11 14:56:59,resolved
1779,3,1,3,3,2026-05-12 07:27:00,2026-05-12 08:31:23,resolved
1780,1,4,5,5,2026-05-08 20:57:00,2026-05-12 16:52:37,resolved
1781,5,2,1,2,2026-04-03 03:32:00,,cancelled
1782,5,2,5,10,2026-04-23 06:38:00,2026-04-23 18:24:06,resolved
1783,5,3,5,1,2026-05-30 06:29:00,2026-05-30 23:25:28,resolved
1784,4,2,2,7,2026-01-31 17:58:00,2026-02-01 00:53:25,resolved
1785,4,2,2,7,2026-03-18 19:23:00,2026-03-18 23:35:31,resolved
1786,2,3,3,9,2026-06-20 07:21:00,2026-06-20 09:44:32,resolved
1787,3,4,3,8,2026-06-14 18:22:00,,cancelled
1788,5,3,4,3,2026-04-05 14:51:00,2026-04-06 12:41:51,resolved
1789,5,2,2,5,2026-03-07 07:04:00,2026-03-07 08:42:12,resolved
1790,2,4,1,2,2026-04-08 01:07:00,2026-04-09 07:56:14,resolved
1791,4,1,2,7,2026-05-16 21:51:00,2026-05-16 23:29:37,resolved
1792,5,3,1,9,2026-03-10 03:52:00,2026-03-12 00:37:22,resolved
1793,2,3,3,7,2026-04-07 17:30:00,2026-04-08 13:23:03,resolved
1794,3,2,3,9,2026-01-17 09:20:00,2026-01-17 15:21:54,resolved
1795,5,4,5,8,2026-05-04 08:43:00,2026-05-05 18:39:03,resolved
1796,4,3,3,7,2026-01-22 05:22:00,2026-01-23 23:40:17,resolved
1797,2,1,3,4,2026-01-02 19:15:00,2026-01-02 20:57:08,resolved
1798,2,4,1,7,2026-04-02 05:58:00,2026-04-07 10:05:35,resolved
1799,5,4,4,4,2026-05-24 00:56:00,2026-05-26 02:46:26,resolved
1800,4,2,3,7,2026-02-11 05:39:00,2026-02-11 07:14:04,resolved
1801,5,3,4,4,2026-04-01 17:26:00,2026-04-01 20:35:19,resolved
1802,5,3,5,1,2026-06-28 09:21:00,2026-06-29 01:13:55,resolved
1803,5,4,3,8,2026-04-12 14:52:00,,cancelled
1804,4,4,2,2,2026-04-25 20:28:00,2026-04-28 04:30:44,resolved
1805,1,2,4,3,2026-01-25 00:44:00,2026-01-25 07:36:25,resolved
1806,4,1,2,9,2026-04-02 08:03:00,2026-04-02 09:34:14,resolved
1807,3,4,3,7,2026-04-03 01:38:00,2026-04-04 10:03:03,resolved
1808,3,3,1,8,2026-03-30 23:47:00,,cancelled
1809,2,3,5,2,2026-01-09 11:38:00,2026-01-10 09:18:57,resolved
1810,4,1,1,5,2026-05-01 14:34:00,2026-05-01 17:54:07,resolved
1811,1,3,2,6,2026-04-15 14:28:00,2026-04-15 22:56:47,resolved
1812,4,4,4,7,2026-06-09 05:50:00,2026-06-10 18:46:50,resolved
1813,2,3,1,9,2026-01-13 13:03:00,2026-01-14 09:01:28,resolved
1814,5,1,2,4,2026-05-01 03:55:00,2026-05-01 05:28:23,resolved
1815,5,1,2,6,2026-06-14 12:33:00,2026-06-14 12:52:53,resolved
1816,3,4,2,7,2026-05-26 06:42:00,2026-05-31 19:13:56,resolved
1817,5,4,5,3,2026-03-28 10:00:00,2026-04-01 06:25:18,resolved
1818,1,4,3,6,2026-03-10 09:29:00,2026-03-13 16:51:27,resolved
1819,2,1,4,9,2026-05-31 02:49:00,2026-05-31 03:32:46,resolved
1820,5,2,4,3,2026-03-30 22:22:00,2026-03-30 23:17:05,resolved
1821,2,2,2,8,2026-04-09 06:51:00,2026-04-09 11:39:04,resolved
1822,5,2,2,7,2026-03-28 03:07:00,,in_progress
1823,5,1,4,2,2026-03-17 11:37:00,2026-03-17 12:52:30,resolved
1824,3,1,3,3,2026-06-13 04:03:00,2026-06-13 04:58:27,resolved
1825,5,2,4,2,2026-05-23 20:12:00,2026-05-24 01:30:22,resolved
1826,3,3,3,10,2026-05-17 04:49:00,2026-05-17 23:54:35,resolved
1827,5,1,4,4,2026-03-27 05:48:00,2026-03-27 06:59:01,resolved
1828,3,4,1,5,2026-04-03 03:59:00,,cancelled
1829,5,1,2,1,2026-01-06 09:42:00,2026-01-06 10:29:24,resolved
1830,2,4,1,3,2026-06-05 18:17:00,2026-06-07 21:04:46,resolved
1831,1,1,1,7,2026-03-23 15:48:00,2026-03-23 19:41:22,resolved
1832,3,2,3,3,2026-05-25 00:29:00,2026-05-25 03:59:45,resolved
1833,2,3,4,6,2026-01-21 16:48:00,,cancelled
1834,1,4,4,2,2026-04-29 03:46:00,2026-05-03 14:35:53,resolved
1835,1,1,5,7,2026-05-30 17:28:00,2026-05-30 18:57:11,resolved
1836,5,3,2,10,2026-03-12 13:57:00,2026-03-13 01:08:08,resolved
1837,5,3,2,9,2026-05-20 19:11:00,2026-05-21 04:06:25,resolved
1838,1,3,1,4,2026-06-17 17:47:00,2026-06-18 12:28:01,resolved
1839,5,2,3,5,2026-06-12 17:47:00,2026-06-13 00:24:40,resolved
1840,4,4,2,3,2026-05-26 19:26:00,2026-05-28 23:46:00,resolved
1841,3,4,4,3,2026-03-06 03:09:00,,in_progress
1842,4,3,1,2,2026-04-06 12:18:00,2026-04-07 02:50:26,resolved
1843,3,1,3,4,2026-06-02 17:15:00,2026-06-02 18:44:43,resolved
1844,2,4,5,7,2026-04-06 11:29:00,2026-04-06 20:53:20,resolved
1845,4,1,3,10,2026-05-22 17:00:00,2026-05-22 17:27:34,resolved
1846,3,2,4,5,2026-03-25 13:50:00,2026-03-25 15:04:29,resolved
1847,4,2,5,5,2026-01-09 01:47:00,2026-01-09 08:47:24,resolved
1848,3,4,1,7,2026-03-19 15:47:00,2026-03-25 07:48:21,resolved
1849,1,4,4,8,2026-04-21 18:31:00,,cancelled
1850,5,1,4,10,2026-02-18 21:02:00,2026-02-18 22:39:26,resolved
1851,1,2,4,1,2026-06-29 23:38:00,2026-06-29 23:59:08,resolved
1852,1,1,5,7,2026-01-24 17:01:00,2026-01-24 17:21:26,resolved
1853,4,1,4,6,2026-05-16 02:05:00,,cancelled
1854,4,3,4,8,2026-01-17 16:24:00,2026-01-18 11:30:09,resolved
1855,1,3,3,2,2026-03-02 20:49:00,,cancelled
1856,3,1,4,10,2026-06-28 11:08:00,2026-06-28 11:58:29,resolved
1857,1,3,4,8,2026-05-22 16:18:00,2026-05-23 00:12:42,resolved
1858,2,1,4,1,2026-06-16 15:08:00,2026-06-16 16:04:50,resolved
1859,5,3,4,4,2026-04-24 06:53:00,2026-04-24 23:04:38,resolved
1860,4,4,5,7,2026-01-21 11:17:00,2026-01-22 23:38:23,resolved
1861,2,1,5,4,2026-05-30 05:47:00,,cancelled
1862,1,2,5,9,2026-01-12 17:51:00,2026-01-13 08:37:16,resolved
1863,5,4,4,9,2026-04-06 22:29:00,2026-04-11 01:24:25,resolved
1864,4,3,5,2,2026-04-07 00:49:00,2026-04-07 03:58:08,resolved
1865,1,2,3,9,2026-02-24 16:44:00,2026-02-24 21:45:34,resolved
1866,1,1,5,3,2026-06-20 22:43:00,2026-06-20 23:39:28,resolved
1867,4,3,2,6,2026-05-31 18:28:00,2026-05-31 20:01:23,resolved
1868,2,3,5,1,2026-05-28 07:20:00,2026-05-28 15:08:39,resolved
1869,1,4,4,5,2026-05-03 15:34:00,2026-05-06 10:21:17,resolved
1870,1,2,3,2,2026-03-24 11:10:00,2026-03-24 12:06:55,resolved
1871,2,3,1,1,2026-04-05 02:15:00,2026-04-06 19:21:30,resolved
1872,3,1,5,5,2026-04-30 05:17:00,2026-04-30 06:19:18,resolved
1873,2,1,5,7,2026-04-12 05:16:00,,cancelled
1874,2,4,1,3,2026-01-22 19:55:00,2026-01-24 06:33:41,resolved
1875,4,3,5,5,2026-05-20 10:21:00,2026-05-20 22:03:03,resolved
1876,3,3,1,5,2026-02-21 13:09:00,2026-02-22 04:44:17,resolved
1877,5,2,3,5,2026-03-17 21:58:00,2026-03-18 07:10:47,resolved
1878,5,4,3,7,2026-06-19 17:58:00,2026-06-24 18:46:22,resolved
1879,1,2,4,7,2026-04-10 02:52:00,2026-04-10 09:36:23,resolved
1880,4,2,2,9,2026-01-07 06:39:00,2026-01-07 12:33:23,resolved
1881,1,4,3,5,2026-02-11 22:49:00,2026-02-12 01:10:40,resolved
1882,5,4,5,5,2026-02-24 17:21:00,2026-03-02 08:19:54,resolved
1883,4,2,1,10,2026-06-17 07:22:00,2026-06-17 12:00:21,resolved
1884,5,2,4,10,2026-02-01 03:14:00,,cancelled
1885,5,4,5,7,2026-04-02 04:29:00,2026-04-04 09:25:11,resolved
1886,2,1,2,4,2026-01-09 17:34:00,2026-01-09 21:23:59,resolved
1887,1,4,5,2,2026-04-02 08:55:00,2026-04-04 20:19:45,resolved
1888,5,2,5,5,2026-03-05 15:58:00,2026-03-05 16:45:17,resolved
1889,3,4,4,9,2026-03-12 20:36:00,2026-03-15 04:49:52,resolved
1890,1,3,1,5,2026-04-21 16:55:00,,cancelled
1891,2,1,5,7,2026-05-11 07:09:00,2026-05-11 09:49:08,resolved
1892,2,2,5,9,2026-02-17 22:24:00,2026-02-18 10:19:12,resolved
1893,4,1,4,1,2026-02-14 05:14:00,2026-02-14 06:42:42,resolved
1894,1,4,5,4,2026-05-27 17:36:00,2026-05-29 10:19:42,resolved
1895,2,1,2,8,2026-05-02 11:52:00,2026-05-02 12:41:22,resolved
1896,5,1,5,1,2026-05-20 11:24:00,2026-05-20 14:40:53,resolved
1897,4,3,3,10,2026-06-10 05:11:00,2026-06-11 02:08:57,resolved
1898,3,3,3,6,2026-04-23 18:14:00,2026-04-25 01:08:56,resolved
1899,2,4,1,9,2026-01-13 02:38:00,2026-01-13 04:23:17,resolved
1900,1,3,3,7,2026-04-13 17:02:00,2026-04-14 06:35:50,resolved
1901,3,1,1,5,2026-05-18 00:11:00,2026-05-18 01:22:54,resolved
1902,5,1,2,3,2026-01-19 19:55:00,,in_progress
1903,5,4,3,4,2026-06-20 08:09:00,2026-06-25 03:00:25,resolved
1904,3,2,2,5,2026-03-08 10:36:00,,in_progress
1905,4,1,4,10,2026-04-17 06:51:00,2026-04-17 10:18:33,resolved
1906,4,4,5,6,2026-04-14 11:06:00,2026-04-16 12:41:43,resolved
1907,2,1,3,3,2026-04-15 14:26:00,2026-04-15 15:57:08,resolved
1908,4,3,2,10,2026-04-05 11:15:00,2026-04-05 23:05:11,resolved
1909,1,2,5,6,2026-06-19 16:22:00,2026-06-19 17:58:15,resolved
1910,2,1,5,7,2026-06-02 05:18:00,,cancelled
1911,4,2,5,1,2026-05-10 18:21:00,,cancelled
1912,2,1,2,5,2026-03-15 08:34:00,2026-03-15 09:24:40,resolved
1913,3,3,5,3,2026-01-29 17:03:00,2026-01-31 00:31:52,resolved
1914,5,2,4,3,2026-02-07 22:06:00,2026-02-08 02:43:18,resolved
1915,5,2,3,9,2026-06-01 13:07:00,2026-06-01 19:43:34,resolved
1916,4,3,1,5,2026-02-10 14:16:00,2026-02-12 00:44:59,resolved
1917,5,1,4,9,2026-01-18 19:11:00,2026-01-18 20:05:09,resolved
1918,3,3,1,3,2026-06-03 08:29:00,2026-06-03 11:17:02,resolved
1919,2,1,3,5,2026-05-31 15:15:00,2026-05-31 16:45:34,resolved
1920,1,1,3,10,2026-03-22 22:31:00,2026-03-23 01:23:03,resolved
1921,1,2,3,3,2026-02-17 19:43:00,2026-02-18 08:08:38,resolved
1922,1,4,2,2,2026-01-04 05:35:00,2026-01-05 20:01:55,resolved
1923,3,1,2,1,2026-03-18 12:31:00,2026-03-18 13:27:00,resolved
1924,5,2,1,2,2026-05-26 07:20:00,2026-05-26 20:58:43,resolved
1925,1,2,4,5,2026-01-02 20:15:00,2026-01-03 08:53:42,resolved
1926,4,3,3,8,2026-06-12 02:46:00,,in_progress
1927,2,1,4,1,2026-05-01 22:49:00,2026-05-02 00:12:06,resolved
1928,4,1,4,2,2026-01-28 12:40:00,,in_progress
1929,5,3,4,5,2026-04-02 02:29:00,,in_progress
1930,1,1,4,2,2026-06-10 04:04:00,2026-06-10 05:30:19,resolved
1931,1,2,1,10,2026-01-25 02:28:00,2026-01-25 06:26:31,resolved
1932,4,1,2,2,2026-03-19 16:22:00,2026-03-19 18:38:31,resolved
1933,2,3,5,8,2026-01-09 06:27:00,,cancelled
1934,4,4,1,2,2026-03-04 11:44:00,2026-03-05 04:57:44,resolved
1935,4,4,2,4,2026-06-10 06:14:00,2026-06-12 14:38:57,resolved
1936,1,2,4,7,2026-06-19 23:15:00,2026-06-20 02:57:05,resolved
1937,2,1,2,9,2026-04-02 08:23:00,2026-04-02 09:47:18,resolved
1938,5,4,1,5,2026-04-03 11:57:00,,in_progress
1939,3,3,4,6,2026-01-22 13:23:00,2026-01-22 14:55:05,resolved
1940,3,1,3,5,2026-06-12 21:04:00,2026-06-12 21:34:43,resolved
1941,3,4,1,4,2026-03-30 14:31:00,2026-03-31 00:04:45,resolved
1942,5,3,2,7,2026-05-14 14:15:00,2026-05-15 04:52:37,resolved
1943,1,3,3,2,2026-06-14 19:18:00,,in_progress
1944,2,4,2,3,2026-04-21 18:27:00,2026-04-26 13:44:56,resolved
1945,3,3,4,5,2026-04-13 09:23:00,2026-04-14 05:13:03,resolved
1946,2,1,5,4,2026-05-19 20:18:00,2026-05-19 23:09:07,resolved
1947,1,2,3,2,2026-05-20 20:44:00,,cancelled
1948,1,1,4,6,2026-04-11 23:00:00,,in_progress
1949,4,3,1,2,2026-02-05 14:03:00,2026-02-05 15:22:41,resolved
1950,3,4,4,5,2026-06-28 17:16:00,2026-06-29 21:54:02,resolved
1951,1,1,4,5,2026-05-07 18:25:00,2026-05-07 19:07:27,resolved
1952,5,2,3,1,2026-05-26 10:44:00,2026-05-26 15:54:17,resolved
1953,2,4,2,3,2026-05-12 15:52:00,2026-05-18 03:44:01,resolved
1954,5,2,1,7,2026-01-31 03:48:00,2026-01-31 08:31:07,resolved
1955,1,2,4,9,2026-03-31 07:01:00,,cancelled
1956,5,2,3,3,2026-03-05 19:40:00,2026-03-06 00:10:01,resolved
1957,3,4,2,1,2026-05-11 12:02:00,2026-05-13 01:04:10,resolved
1958,5,2,2,2,2026-05-11 13:45:00,2026-05-11 23:20:07,resolved
1959,5,1,2,6,2026-01-13 22:15:00,2026-01-13 23:20:28,resolved
1960,5,3,4,9,2026-05-05 10:31:00,2026-05-06 04:52:48,resolved
1961,4,4,5,7,2026-01-28 17:07:00,2026-01-30 15:15:03,resolved
1962,5,2,4,1,2026-04-18 19:30:00,2026-04-18 21:59:26,resolved
1963,1,1,5,1,2026-01-11 23:46:00,2026-01-12 03:38:32,resolved
1964,4,1,5,5,2026-01-26 18:19:00,2026-01-26 18:41:11,resolved
1965,4,1,4,6,2026-04-12 01:39:00,2026-04-12 02:13:39,resolved
1966,3,1,3,10,2026-03-29 18:40:00,2026-03-29 20:30:23,resolved
1967,2,3,1,3,2026-03-17 05:02:00,2026-03-17 21:21:46,resolved
1968,5,2,3,6,2026-05-31 22:24:00,2026-06-01 08:31:32,resolved
1969,3,2,1,8,2026-03-02 11:49:00,2026-03-02 13:32:05,resolved
1970,4,2,1,5,2026-01-05 14:11:00,2026-01-05 21:34:43,resolved
1971,1,4,1,3,2026-03-20 11:02:00,2026-03-25 15:09:08,resolved
1972,3,3,3,3,2026-01-05 18:03:00,2026-01-05 22:44:45,resolved
1973,1,4,5,10,2026-05-07 19:10:00,2026-05-08 11:11:49,resolved
1974,2,3,1,10,2026-04-09 20:04:00,2026-04-10 04:31:17,resolved
1975,3,1,4,8,2026-04-21 14:03:00,2026-04-21 15:22:08,resolved
1976,3,2,5,10,2026-02-20 07:25:00,2026-02-20 11:32:45,resolved
1977,5,2,1,6,2026-04-09 22:50:00,2026-04-10 01:02:49,resolved
1978,2,4,1,10,2026-03-10 14:21:00,2026-03-12 22:53:57,resolved
1979,2,2,1,4,2026-02-06 04:20:00,2026-02-06 11:42:43,resolved
1980,2,4,4,5,2026-02-06 06:58:00,2026-02-08 19:39:45,resolved
1981,2,4,5,2,2026-06-11 20:40:00,2026-06-17 13:08:58,resolved
1982,4,3,1,6,2026-05-26 16:06:00,2026-05-27 23:29:59,resolved
1983,5,1,4,3,2026-02-18 14:13:00,2026-02-18 16:42:44,resolved
1984,3,4,1,1,2026-04-11 13:16:00,2026-04-15 18:11:54,resolved
1985,1,4,5,7,2026-06-06 04:24:00,,cancelled
1986,1,3,1,6,2026-06-21 23:51:00,2026-06-22 17:08:56,resolved
1987,5,2,5,7,2026-04-06 13:21:00,2026-04-06 22:08:04,resolved
1988,1,3,5,4,2026-03-21 11:29:00,2026-03-23 08:04:36,resolved
1989,3,2,4,5,2026-01-16 13:19:00,2026-01-16 20:01:25,resolved
1990,4,2,4,5,2026-03-29 21:46:00,2026-03-30 07:16:15,resolved
1991,3,1,2,2,2026-02-25 20:27:00,2026-02-25 22:51:05,resolved
1992,4,2,4,2,2026-05-16 04:47:00,2026-05-16 10:19:36,resolved
1993,1,1,5,8,2026-02-19 03:22:00,2026-02-19 04:57:21,resolved
1994,2,4,5,4,2026-01-08 22:46:00,,in_progress
1995,2,4,3,7,2026-03-17 21:54:00,2026-03-19 03:10:03,resolved
1996,5,1,5,5,2026-02-21 08:53:00,2026-02-21 11:16:11,resolved
1997,3,4,2,3,2026-05-01 21:08:00,2026-05-02 11:12:45,resolved
1998,2,2,4,8,2026-01-23 05:18:00,2026-01-23 06:36:59,resolved
1999,3,3,4,4,2026-05-23 12:42:00,2026-05-24 08:10:13,resolved
2000,1,1,3,10,2026-01-09 08:49:00,2026-01-09 09:39:48,resolved
2001,3,4,1,3,2026-03-24 17:15:00,2026-03-26 20:28:37,resolved
2002,2,4,5,4,2026-05-20 16:54:00,2026-05-20 19:23:39,resolved
2003,2,4,3,3,2026-03-07 08:34:00,2026-03-10 02:27:05,resolved
2004,4,3,5,2,2026-05-17 15:11:00,,cancelled
2005,4,3,2,2,2026-06-25 13:53:00,2026-06-26 00:41:01,resolved
2006,1,4,4,3,2026-02-15 04:48:00,2026-02-20 18:55:39,resolved
2007,3,3,2,10,2026-04-10 18:40:00,2026-04-10 20:41:39,resolved
2008,4,2,5,1,2026-05-04 17:35:00,,cancelled
2009,5,3,2,5,2026-02-19 16:46:00,2026-02-20 06:23:56,resolved
2010,1,3,1,1,2026-03-26 05:10:00,2026-03-26 16:32:30,resolved
2011,1,1,5,8,2026-01-11 14:19:00,2026-01-11 15:06:19,resolved
2012,5,3,1,4,2026-05-30 21:24:00,2026-05-31 15:10:13,resolved
2013,4,2,3,5,2026-04-10 17:53:00,2026-04-10 21:12:43,resolved
2014,4,2,2,1,2026-04-19 08:37:00,2026-04-19 13:09:11,resolved
2015,3,4,1,2,2026-05-04 18:56:00,2026-05-05 04:48:09,resolved
2016,2,4,4,3,2026-04-12 15:58:00,2026-04-14 21:59:29,resolved
2017,4,1,3,9,2026-05-17 07:07:00,2026-05-17 08:50:25,resolved
2018,4,3,3,10,2026-03-19 13:24:00,2026-03-20 06:20:18,resolved
2019,4,3,5,4,2026-01-30 05:59:00,2026-01-31 00:04:28,resolved
2020,4,1,1,3,2026-04-26 01:54:00,2026-04-26 05:26:59,resolved
2021,5,1,5,9,2026-05-14 16:11:00,2026-05-14 17:55:09,resolved
2022,1,4,5,7,2026-01-19 12:07:00,2026-01-21 22:46:27,resolved
2023,5,2,1,9,2026-01-16 21:02:00,2026-01-17 02:30:13,resolved
2024,3,4,4,8,2026-05-15 22:58:00,2026-05-17 09:19:08,resolved
2025,5,3,4,6,2026-05-12 16:46:00,2026-05-13 00:57:22,resolved
2026,2,2,1,5,2026-04-23 08:40:00,,cancelled
2027,5,1,5,8,2026-04-05 22:06:00,2026-04-06 01:31:19,resolved
2028,4,3,5,2,2026-01-25 20:01:00,2026-01-26 09:31:12,resolved
2029,5,1,2,4,2026-04-28 19:41:00,,cancelled
2030,3,2,1,1,2026-02-12 13:46:00,2026-02-12 15:55:23,resolved
2031,4,4,3,6,2026-06-21 19:06:00,2026-06-21 23:38:59,resolved
2032,1,4,4,10,2026-04-20 03:58:00,2026-04-21 05:43:57,resolved
2033,5,3,1,7,2026-04-07 11:29:00,2026-04-07 20:48:40,resolved
2034,5,4,2,2,2026-05-22 19:31:00,2026-05-24 15:33:27,resolved
2035,4,2,4,2,2026-04-14 10:24:00,2026-04-14 16:09:43,resolved
2036,4,1,3,10,2026-06-25 11:28:00,2026-06-25 13:12:02,resolved
2037,3,4,2,6,2026-04-24 16:48:00,2026-04-26 12:44:25,resolved
2038,3,2,4,6,2026-03-12 11:02:00,,in_progress
2039,2,2,4,5,2026-03-03 11:20:00,2026-03-03 19:58:38,resolved
2040,2,1,5,6,2026-05-24 08:14:00,2026-05-24 09:06:15,resolved
2041,5,3,2,10,2026-02-09 05:51:00,2026-02-09 23:06:45,resolved
2042,3,1,4,5,2026-03-18 11:03:00,2026-03-18 11:49:32,resolved
2043,1,1,2,1,2026-01-22 12:41:00,2026-01-22 14:32:55,resolved
2044,4,4,5,2,2026-04-22 08:48:00,2026-04-22 21:39:09,resolved
2045,3,3,2,1,2026-03-01 13:57:00,2026-03-02 12:09:58,resolved
2046,3,2,1,7,2026-02-15 15:15:00,,cancelled
2047,3,2,3,9,2026-03-08 01:14:00,2026-03-08 06:51:15,resolved
2048,5,1,1,10,2026-01-26 16:06:00,2026-01-26 16:32:37,resolved
2049,1,4,4,10,2026-01-14 00:25:00,2026-01-16 01:28:55,resolved
2050,4,2,2,2,2026-03-29 21:23:00,2026-03-29 22:05:57,resolved
2051,3,4,5,7,2026-06-27 08:58:00,2026-06-28 04:45:40,resolved
2052,4,1,3,8,2026-04-20 20:15:00,,in_progress
2053,1,2,1,8,2026-01-20 22:48:00,,cancelled
2054,1,1,5,7,2026-02-24 07:14:00,2026-02-24 09:56:27,resolved
2055,2,1,1,9,2026-04-06 01:49:00,2026-04-06 02:46:27,resolved
2056,3,3,1,4,2026-06-20 15:00:00,,cancelled
2057,4,3,1,2,2026-02-16 16:22:00,2026-02-17 12:09:33,resolved
2058,4,4,4,5,2026-05-05 11:04:00,2026-05-11 03:38:08,resolved
2059,4,3,3,2,2026-04-25 09:41:00,2026-04-26 11:30:48,resolved
2060,1,4,2,1,2026-04-04 07:45:00,2026-04-05 14:53:51,resolved
2061,3,2,1,2,2026-04-18 07:13:00,2026-04-18 11:37:01,resolved
2062,2,2,4,8,2026-04-26 19:43:00,2026-04-26 20:43:51,resolved
2063,1,3,5,9,2026-03-18 16:02:00,2026-03-19 11:17:05,resolved
2064,3,3,2,9,2026-06-29 07:42:00,2026-06-29 08:50:43,resolved
2065,2,1,1,9,2026-06-15 16:21:00,,cancelled
2066,1,3,2,4,2026-06-09 18:55:00,,cancelled
2067,3,3,4,2,2026-01-02 11:01:00,2026-01-02 14:13:27,resolved
2068,1,4,3,5,2026-01-20 12:15:00,2026-01-21 20:54:38,resolved
2069,5,1,4,5,2026-05-28 20:27:00,2026-05-28 21:28:02,resolved
2070,5,2,5,1,2026-05-29 12:12:00,2026-05-29 15:23:50,resolved
2071,3,3,2,7,2026-06-15 04:34:00,2026-06-16 02:39:51,resolved
2072,5,1,5,9,2026-02-28 00:19:00,2026-02-28 01:12:14,resolved
2073,2,2,1,4,2026-04-14 12:22:00,2026-04-14 17:41:35,resolved
2074,5,4,1,5,2026-01-24 03:59:00,2026-01-26 23:05:01,resolved
2075,5,1,4,9,2026-06-25 17:27:00,2026-06-25 18:07:54,resolved
2076,3,3,5,6,2026-01-30 15:53:00,2026-01-31 19:23:01,resolved
2077,1,3,2,6,2026-03-07 09:05:00,2026-03-07 21:28:56,resolved
2078,4,1,5,8,2026-01-15 04:28:00,2026-01-15 06:43:01,resolved
2079,4,4,3,4,2026-03-13 12:25:00,,cancelled
2080,1,4,4,7,2026-03-14 03:56:00,2026-03-15 01:01:09,resolved
2081,4,3,4,8,2026-05-08 09:20:00,2026-05-08 20:50:21,resolved
2082,5,1,3,2,2026-04-26 19:59:00,,cancelled
2083,3,1,1,4,2026-04-24 17:23:00,2026-04-24 18:41:48,resolved
2084,4,1,5,8,2026-04-28 15:29:00,,in_progress
2085,1,3,1,7,2026-05-18 04:31:00,2026-05-18 18:37:29,resolved
2086,5,1,4,8,2026-02-18 09:24:00,2026-02-18 10:53:31,resolved
2087,1,3,2,3,2026-02-16 07:15:00,2026-02-17 22:40:12,resolved
2088,3,1,1,8,2026-06-11 11:19:00,2026-06-11 15:13:39,resolved
2089,1,1,2,10,2026-06-19 06:36:00,2026-06-19 07:35:34,resolved
2090,3,1,5,4,2026-04-17 09:10:00,2026-04-17 09:45:58,resolved
2091,2,3,3,1,2026-04-06 08:36:00,2026-04-06 16:49:32,resolved
2092,4,1,1,5,2026-06-08 14:39:00,,in_progress
2093,3,3,1,8,2026-05-14 13:18:00,2026-05-15 04:02:40,resolved
2094,2,1,3,1,2026-03-11 04:24:00,2026-03-11 05:04:37,resolved
2095,1,4,1,3,2026-05-27 16:09:00,2026-05-29 07:37:09,resolved
2096,4,1,1,2,2026-04-19 10:39:00,2026-04-19 11:05:34,resolved
2097,3,4,4,8,2026-02-01 10:17:00,2026-02-02 13:49:04,resolved
2098,2,2,3,2,2026-02-16 10:15:00,2026-02-16 12:34:14,resolved
2099,3,1,3,1,2026-06-07 15:59:00,,cancelled
2100,5,1,4,4,2026-02-12 04:14:00,2026-02-12 05:46:30,resolved
2101,2,4,5,9,2026-03-31 14:42:00,2026-04-05 00:54:07,resolved
2102,5,2,1,8,2026-04-23 22:28:00,2026-04-24 03:04:21,resolved
2103,5,3,4,2,2026-01-14 08:19:00,2026-01-14 17:21:24,resolved
2104,4,2,1,5,2026-05-24 22:02:00,2026-05-24 23:47:43,resolved
2105,1,3,2,9,2026-01-28 01:57:00,,cancelled
2106,3,2,2,3,2026-02-22 13:33:00,2026-02-22 16:43:48,resolved
2107,2,3,4,8,2026-01-18 18:32:00,2026-01-19 23:09:40,resolved
2108,4,4,3,7,2026-01-01 12:31:00,,cancelled
2109,4,1,5,7,2026-06-25 20:06:00,2026-06-25 20:50:59,resolved
2110,2,4,3,4,2026-06-11 16:26:00,2026-06-15 19:59:58,resolved
2111,4,2,5,4,2026-05-18 01:24:00,2026-05-18 16:19:52,resolved
2112,2,2,1,7,2026-04-10 09:24:00,2026-04-10 12:29:14,resolved
2113,5,1,4,3,2026-05-19 14:35:00,2026-05-19 15:56:49,resolved
2114,2,1,2,2,2026-02-07 13:27:00,2026-02-07 14:51:26,resolved
2115,1,1,1,9,2026-05-09 03:33:00,2026-05-09 04:50:11,resolved
2116,5,4,4,7,2026-05-07 23:04:00,2026-05-10 10:14:24,resolved
2117,3,3,2,5,2026-02-03 17:49:00,2026-02-03 19:21:23,resolved
2118,2,1,3,3,2026-01-08 02:33:00,,in_progress
2119,2,2,2,7,2026-03-15 17:05:00,2026-03-15 21:30:58,resolved
2120,5,4,4,7,2026-05-04 10:27:00,2026-05-06 23:59:06,resolved
2121,3,3,1,8,2026-05-21 06:04:00,2026-05-22 02:50:20,resolved
2122,3,4,1,4,2026-02-11 05:17:00,2026-02-12 03:48:26,resolved
2123,3,4,2,8,2026-03-28 20:54:00,,cancelled
2124,1,3,3,6,2026-02-04 07:21:00,2026-02-05 02:58:16,resolved
2125,1,1,4,10,2026-01-14 10:19:00,2026-01-14 11:49:49,resolved
2126,4,3,2,2,2026-03-21 07:35:00,2026-03-21 22:56:46,resolved
2127,3,2,5,10,2026-05-19 14:28:00,2026-05-19 18:10:05,resolved
2128,1,4,5,7,2026-04-28 02:04:00,2026-04-30 18:29:43,resolved
2129,4,4,1,2,2026-01-04 20:42:00,2026-01-08 14:48:46,resolved
2130,3,3,2,2,2026-05-14 17:36:00,2026-05-16 13:08:28,resolved
2131,3,3,1,6,2026-03-29 07:35:00,2026-03-29 13:39:17,resolved
2132,1,1,4,7,2026-05-27 18:08:00,,cancelled
2133,2,3,3,5,2026-05-10 07:29:00,2026-05-11 00:17:41,resolved
2134,3,2,2,1,2026-04-10 01:42:00,2026-04-10 03:02:49,resolved
2135,2,2,5,6,2026-04-16 09:22:00,2026-04-17 00:26:26,resolved
2136,2,2,1,10,2026-05-02 17:34:00,2026-05-02 19:52:46,resolved
2137,1,1,4,8,2026-01-20 08:11:00,2026-01-20 09:47:49,resolved
2138,1,3,5,4,2026-06-23 19:46:00,2026-06-25 05:51:19,resolved
2139,3,1,4,3,2026-05-25 03:08:00,,in_progress
2140,3,3,2,2,2026-06-16 13:01:00,2026-06-16 21:48:59,resolved
2141,2,4,3,8,2026-02-19 23:08:00,2026-02-20 11:46:51,resolved
2142,1,4,2,4,2026-03-16 04:21:00,2026-03-17 05:11:26,resolved
2143,4,2,3,4,2026-01-22 02:10:00,2026-01-22 04:33:52,resolved
2144,1,4,5,1,2026-05-01 19:50:00,2026-05-01 20:41:56,resolved
2145,4,4,3,5,2026-03-01 17:30:00,2026-03-06 17:52:20,resolved
2146,5,2,4,1,2026-02-21 12:44:00,,cancelled
2147,2,4,1,2,2026-03-24 11:08:00,2026-03-25 23:46:39,resolved
2148,2,4,3,9,2026-04-09 09:50:00,2026-04-13 06:46:15,resolved
2149,1,4,5,2,2026-03-31 18:26:00,2026-04-02 21:36:42,resolved
2150,2,1,5,3,2026-02-05 00:17:00,2026-02-05 01:48:02,resolved
2151,5,1,3,1,2026-03-21 03:22:00,2026-03-21 03:45:11,resolved
2152,2,3,5,7,2026-02-05 22:53:00,2026-02-06 14:42:51,resolved
2153,4,4,1,8,2026-06-03 03:19:00,2026-06-03 15:15:11,resolved
2154,1,4,3,8,2026-05-04 19:08:00,2026-05-09 23:27:41,resolved
2155,1,2,2,2,2026-06-27 19:01:00,2026-06-27 23:52:01,resolved
2156,5,1,3,7,2026-06-18 03:54:00,2026-06-18 05:00:39,resolved
2157,1,2,1,4,2026-06-03 20:16:00,2026-06-03 21:48:58,resolved
2158,4,1,2,9,2026-02-17 11:31:00,2026-02-17 12:27:53,resolved
2159,2,4,5,5,2026-05-28 19:11:00,,cancelled
2160,5,2,1,10,2026-03-21 16:16:00,2026-03-21 22:09:31,resolved
2161,2,4,1,10,2026-03-20 17:34:00,2026-03-25 03:19:15,resolved
2162,2,3,2,2,2026-01-18 05:00:00,,cancelled
2163,1,1,5,1,2026-04-15 05:13:00,2026-04-15 06:06:50,resolved
2164,2,2,5,4,2026-05-07 17:19:00,2026-05-07 20:14:08,resolved
2165,4,3,4,7,2026-05-26 05:13:00,2026-05-27 11:31:00,resolved
2166,2,2,3,10,2026-06-26 09:44:00,2026-06-26 15:20:07,resolved
2167,4,3,3,5,2026-05-31 01:21:00,2026-06-01 13:04:46,resolved
2168,1,4,4,1,2026-06-13 01:26:00,2026-06-15 01:07:02,resolved
2169,2,1,2,10,2026-03-26 14:12:00,2026-03-26 15:42:39,resolved
2170,1,4,5,9,2026-05-01 10:53:00,2026-05-03 16:29:40,resolved
2171,3,4,2,8,2026-01-18 15:03:00,2026-01-20 19:24:31,resolved
2172,4,3,1,5,2026-05-30 20:32:00,2026-05-30 22:59:17,resolved
2173,2,4,5,6,2026-04-04 00:53:00,2026-04-05 06:53:10,resolved
2174,5,1,3,7,2026-05-06 02:45:00,2026-05-06 03:24:27,resolved
2175,3,4,2,8,2026-01-01 23:42:00,2026-01-03 02:23:49,resolved
2176,2,4,3,3,2026-01-20 00:27:00,2026-01-22 06:31:16,resolved
2177,2,3,1,5,2026-06-22 19:33:00,2026-06-23 15:18:38,resolved
2178,2,3,4,3,2026-05-16 09:37:00,2026-05-16 23:27:53,resolved
2179,2,3,1,2,2026-06-18 11:02:00,2026-06-18 23:12:12,resolved
2180,3,1,3,6,2026-06-13 14:21:00,2026-06-13 15:33:24,resolved
2181,5,2,2,4,2026-04-24 01:19:00,2026-04-24 01:51:01,resolved
2182,2,3,1,6,2026-06-13 22:01:00,2026-06-15 07:55:58,resolved
2183,2,2,3,9,2026-06-20 12:01:00,,in_progress
2184,5,1,4,6,2026-06-03 00:54:00,2026-06-03 02:10:39,resolved
2185,4,3,4,9,2026-05-15 23:43:00,2026-05-16 21:06:49,resolved
2186,3,3,5,10,2026-02-18 17:39:00,2026-02-19 16:18:04,resolved
2187,1,3,2,9,2026-03-06 14:33:00,2026-03-07 05:03:59,resolved
2188,5,4,5,7,2026-01-09 18:58:00,2026-01-10 11:10:44,resolved
2189,5,2,2,3,2026-06-09 14:57:00,2026-06-09 15:36:29,resolved
2190,3,3,4,5,2026-02-24 13:52:00,2026-02-25 11:34:12,resolved
2191,5,4,3,9,2026-02-15 13:02:00,,cancelled
2192,3,2,3,4,2026-03-27 23:34:00,2026-03-28 04:14:59,resolved
2193,3,4,4,1,2026-06-09 21:24:00,2026-06-15 11:23:43,resolved
2194,1,4,2,8,2026-04-20 22:47:00,,cancelled
2195,3,1,1,10,2026-06-23 18:10:00,2026-06-23 18:28:01,resolved
2196,3,2,3,5,2026-04-15 01:28:00,2026-04-15 08:30:50,resolved
2197,2,1,2,1,2026-06-22 10:34:00,2026-06-22 11:16:11,resolved
2198,4,4,1,3,2026-04-25 21:09:00,2026-04-25 21:31:10,resolved
2199,3,1,2,2,2026-03-12 19:11:00,,cancelled
2200,2,4,4,10,2026-02-06 13:03:00,,in_progress
2201,5,4,3,7,2026-02-25 15:18:00,2026-02-26 06:32:45,resolved
2202,2,1,4,9,2026-04-09 06:18:00,2026-04-09 07:32:37,resolved
2203,3,4,5,3,2026-01-08 11:31:00,2026-01-10 10:42:16,resolved
2204,4,3,2,9,2026-02-10 06:43:00,2026-02-11 21:57:40,resolved
2205,5,1,4,8,2026-05-31 05:52:00,2026-05-31 07:02:46,resolved
2206,1,1,5,2,2026-03-23 02:51:00,,cancelled
2207,4,3,4,6,2026-03-19 13:30:00,2026-03-20 23:42:10,resolved
2208,2,4,5,8,2026-02-07 10:47:00,,in_progress
2209,2,1,4,5,2026-02-10 01:45:00,,cancelled
2210,4,4,1,7,2026-03-13 23:25:00,2026-03-14 19:22:37,resolved
2211,4,1,2,10,2026-06-11 03:39:00,2026-06-11 04:02:56,resolved
2212,5,3,4,1,2026-03-20 10:56:00,2026-03-20 12:01:47,resolved
2213,1,2,3,4,2026-06-15 17:25:00,2026-06-15 21:52:09,resolved
2214,5,4,3,3,2026-01-31 08:02:00,,cancelled
2215,2,2,4,8,2026-06-13 17:22:00,2026-06-14 08:26:02,resolved
2216,3,2,5,5,2026-05-17 03:35:00,2026-05-17 18:28:01,resolved
2217,5,1,4,9,2026-04-15 14:16:00,2026-04-15 15:59:13,resolved
2218,1,1,2,3,2026-06-26 13:05:00,2026-06-26 14:12:10,resolved
2219,4,4,2,10,2026-05-30 12:56:00,2026-05-31 16:36:02,resolved
2220,4,4,5,5,2026-06-10 13:36:00,2026-06-12 08:56:40,resolved
2221,3,3,3,2,2026-01-15 00:06:00,2026-01-15 15:41:58,resolved
2222,4,4,1,2,2026-05-10 20:28:00,2026-05-13 16:51:50,resolved
2223,4,2,4,8,2026-02-05 06:12:00,2026-02-05 10:21:14,resolved
2224,3,4,5,1,2026-03-12 23:40:00,2026-03-14 20:48:19,resolved
2225,4,3,1,10,2026-02-18 21:45:00,2026-02-19 08:30:28,resolved
2226,2,4,3,6,2026-05-24 13:28:00,2026-05-26 14:29:14,resolved
2227,2,4,2,7,2026-03-21 00:27:00,2026-03-21 16:57:48,resolved
2228,4,3,4,3,2026-03-06 08:49:00,2026-03-08 05:34:44,resolved
2229,1,2,1,5,2026-03-15 18:57:00,2026-03-16 02:17:51,resolved
2230,1,4,2,3,2026-02-18 03:08:00,2026-02-19 16:51:38,resolved
2231,2,2,4,7,2026-05-01 23:54:00,2026-05-02 00:34:57,resolved
2232,2,4,4,4,2026-06-27 11:41:00,,cancelled
2233,2,2,5,1,2026-01-22 02:10:00,2026-01-22 07:11:12,resolved
2234,4,1,1,4,2026-02-20 02:42:00,,in_progress
2235,5,3,5,6,2026-06-13 19:30:00,2026-06-14 05:17:06,resolved
2236,3,1,3,2,2026-06-28 04:55:00,2026-06-28 06:04:32,resolved
2237,2,2,5,5,2026-02-20 20:16:00,2026-02-21 02:18:40,resolved
2238,4,4,5,4,2026-01-11 13:52:00,2026-01-16 18:02:26,resolved
2239,4,3,1,9,2026-01-29 19:33:00,,cancelled
2240,2,2,1,4,2026-02-02 02:09:00,2026-02-02 13:47:41,resolved
2241,1,2,5,4,2026-02-12 08:34:00,2026-02-12 10:00:32,resolved
2242,2,3,3,1,2026-04-21 01:52:00,2026-04-21 12:03:44,resolved
2243,3,1,5,3,2026-03-12 00:06:00,2026-03-12 00:45:38,resolved
2244,1,2,1,6,2026-02-14 09:45:00,2026-02-14 10:52:19,resolved
2245,1,2,4,5,2026-05-23 10:06:00,2026-05-23 14:16:21,resolved
2246,1,1,1,5,2026-06-19 09:33:00,,in_progress
2247,3,4,3,3,2026-04-23 02:10:00,2026-04-24 07:43:56,resolved
2248,5,4,1,7,2026-05-08 18:09:00,2026-05-09 10:26:07,resolved
2249,2,1,4,5,2026-06-03 23:54:00,2026-06-04 02:32:45,resolved
2250,5,3,1,8,2026-06-16 01:45:00,2026-06-16 05:33:22,resolved
2251,3,2,3,2,2026-04-28 01:31:00,2026-04-28 08:35:56,resolved
2252,5,2,2,1,2026-06-25 03:48:00,,cancelled
2253,3,4,5,2,2026-03-13 20:37:00,2026-03-15 17:10:28,resolved
2254,4,1,5,9,2026-04-19 13:49:00,,cancelled
2255,5,2,1,6,2026-03-04 03:26:00,,in_progress
2256,4,1,5,5,2026-02-14 05:47:00,2026-02-14 07:31:55,resolved
2257,3,4,2,7,2026-04-13 19:48:00,2026-04-16 06:15:42,resolved
2258,3,4,2,5,2026-03-13 15:51:00,2026-03-18 12:02:22,resolved
2259,1,3,1,4,2026-01-10 01:19:00,,cancelled
2260,2,4,2,5,2026-02-15 21:30:00,2026-02-17 06:26:08,resolved
2261,5,2,5,6,2026-03-11 01:27:00,2026-03-11 02:48:56,resolved
2262,2,4,1,7,2026-01-22 10:18:00,2026-01-24 00:38:54,resolved
2263,3,3,3,6,2026-03-15 11:04:00,2026-03-15 23:17:04,resolved
2264,3,2,1,9,2026-06-24 13:43:00,2026-06-24 20:40:14,resolved
2265,1,2,4,8,2026-03-26 09:30:00,2026-03-26 21:31:32,resolved
2266,2,3,2,2,2026-01-29 10:19:00,2026-01-30 05:39:34,resolved
2267,2,2,4,5,2026-02-08 19:57:00,2026-02-08 20:45:41,resolved
2268,3,2,5,6,2026-03-26 11:10:00,,cancelled
2269,3,1,2,6,2026-06-22 09:00:00,,cancelled
2270,2,3,4,4,2026-03-03 11:59:00,2026-03-03 21:36:04,resolved
2271,3,1,2,1,2026-03-06 21:31:00,2026-03-06 22:03:06,resolved
2272,1,2,3,8,2026-03-06 05:08:00,2026-03-06 10:29:22,resolved
2273,1,4,4,2,2026-05-30 16:07:00,2026-06-02 23:54:37,resolved
2274,1,3,2,7,2026-03-24 20:28:00,2026-03-24 22:50:58,resolved
2275,2,4,5,4,2026-02-16 03:14:00,2026-02-16 13:51:28,resolved
2276,4,3,4,10,2026-05-14 10:02:00,2026-05-14 21:50:07,resolved
2277,4,4,2,2,2026-05-12 09:07:00,2026-05-14 15:05:20,resolved
2278,1,3,1,1,2026-05-10 05:53:00,,cancelled
2279,3,4,5,10,2026-06-13 10:41:00,2026-06-13 19:24:37,resolved
2280,1,3,4,3,2026-02-25 14:25:00,,cancelled
2281,4,1,2,1,2026-01-30 11:36:00,2026-01-30 13:04:02,resolved
2282,4,2,4,10,2026-02-08 09:16:00,2026-02-08 14:10:50,resolved
2283,2,3,5,6,2026-03-28 01:44:00,2026-03-28 23:13:13,resolved
2284,5,4,5,6,2026-01-30 18:01:00,2026-02-05 14:49:44,resolved
2285,4,2,2,3,2026-05-18 07:51:00,,in_progress
2286,1,4,5,3,2026-01-22 01:26:00,2026-01-23 23:08:28,resolved
2287,5,2,1,2,2026-04-20 22:28:00,2026-04-20 23:37:58,resolved
2288,3,4,3,8,2026-05-01 20:40:00,2026-05-04 00:44:32,resolved
2289,5,4,4,6,2026-04-27 18:47:00,,cancelled
2290,3,2,5,3,2026-03-04 22:29:00,2026-03-05 04:54:38,resolved
2291,4,1,4,7,2026-06-13 14:37:00,2026-06-13 15:19:15,resolved
2292,3,4,5,10,2026-03-11 05:10:00,2026-03-12 05:45:26,resolved
2293,1,3,5,1,2026-05-18 16:52:00,2026-05-19 14:23:28,resolved
2294,1,1,2,8,2026-04-16 11:40:00,2026-04-16 13:10:19,resolved
2295,2,3,1,8,2026-03-24 12:14:00,2026-03-24 23:03:57,resolved
2296,1,4,4,10,2026-03-05 12:06:00,2026-03-07 18:29:06,resolved
2297,4,4,1,4,2026-06-10 02:27:00,,cancelled
2298,1,4,3,10,2026-01-03 21:07:00,2026-01-04 03:26:05,resolved
2299,4,4,5,2,2026-04-21 01:28:00,,cancelled
2300,3,3,2,6,2026-05-09 04:27:00,2026-05-09 16:06:16,resolved
2301,5,4,5,7,2026-04-25 16:04:00,,cancelled
2302,4,2,3,3,2026-04-25 21:51:00,2026-04-26 00:04:37,resolved
2303,2,4,5,7,2026-02-24 14:27:00,2026-02-25 22:59:36,resolved
2304,3,3,3,4,2026-05-24 18:12:00,2026-05-26 17:08:07,resolved
2305,2,4,5,7,2026-03-23 01:21:00,2026-03-24 14:37:22,resolved
2306,1,3,4,10,2026-03-24 21:38:00,2026-03-25 07:37:38,resolved
2307,4,4,5,8,2026-06-10 15:30:00,2026-06-12 02:21:25,resolved
2308,1,3,1,8,2026-01-21 04:18:00,2026-01-21 19:55:02,resolved
2309,2,1,4,9,2026-01-02 09:13:00,2026-01-02 13:03:57,resolved
2310,4,4,5,4,2026-06-27 09:02:00,2026-06-28 18:06:23,resolved
2311,2,3,3,2,2026-02-02 02:49:00,2026-02-02 03:42:33,resolved
2312,4,3,1,10,2026-05-17 18:38:00,2026-05-18 16:14:06,resolved
2313,3,2,2,7,2026-06-25 20:19:00,2026-06-25 23:04:37,resolved
2314,2,4,3,10,2026-02-04 10:38:00,2026-02-04 16:08:51,resolved
2315,3,2,3,5,2026-03-12 20:28:00,,cancelled
2316,2,3,4,6,2026-04-07 18:28:00,2026-04-08 11:13:01,resolved
2317,2,4,4,10,2026-06-13 06:39:00,,in_progress
2318,2,3,3,1,2026-02-04 15:55:00,2026-02-04 16:58:23,resolved
2319,3,2,2,10,2026-04-14 02:01:00,2026-04-14 06:24:56,resolved
2320,5,2,5,5,2026-02-17 11:39:00,,in_progress
2321,3,1,3,6,2026-01-31 08:58:00,2026-01-31 10:32:28,resolved
2322,1,2,5,10,2026-06-07 00:30:00,2026-06-07 03:14:18,resolved
2323,4,3,3,1,2026-05-11 01:22:00,,cancelled
2324,3,4,3,7,2026-06-28 18:28:00,2026-07-01 00:15:56,resolved
2325,2,3,3,10,2026-02-03 10:39:00,2026-02-04 08:53:55,resolved
2326,4,1,4,6,2026-05-04 00:08:00,2026-05-04 01:06:01,resolved
2327,5,4,5,3,2026-05-28 10:20:00,2026-05-28 15:56:36,resolved
2328,4,2,2,9,2026-04-30 10:49:00,2026-04-30 15:06:57,resolved
2329,5,2,1,3,2026-02-13 15:24:00,2026-02-14 02:59:44,resolved
2330,2,1,3,7,2026-05-21 02:57:00,2026-05-21 03:54:09,resolved
2331,2,2,2,9,2026-05-26 21:49:00,2026-05-27 08:29:54,resolved
2332,5,1,5,8,2026-05-08 10:48:00,2026-05-08 12:16:58,resolved
2333,4,1,4,5,2026-03-17 07:39:00,2026-03-17 10:10:53,resolved
2334,3,1,5,8,2026-01-22 02:08:00,2026-01-22 03:48:18,resolved
2335,4,1,4,10,2026-05-09 23:47:00,2026-05-10 01:11:43,resolved
2336,5,4,5,6,2026-02-06 01:27:00,2026-02-07 15:14:17,resolved
2337,2,4,4,8,2026-02-11 06:36:00,2026-02-12 17:34:43,resolved
2338,1,3,3,3,2026-01-28 21:24:00,,in_progress
2339,3,4,5,7,2026-02-05 13:28:00,2026-02-05 20:26:11,resolved
2340,3,1,1,2,2026-02-12 00:23:00,2026-02-12 01:23:30,resolved
2341,1,2,3,2,2026-05-15 08:55:00,2026-05-15 10:56:18,resolved
2342,4,1,3,5,2026-04-03 16:10:00,2026-04-03 18:41:51,resolved
2343,1,3,4,2,2026-03-07 16:25:00,2026-03-08 04:42:17,resolved
2344,5,3,2,1,2026-05-25 03:04:00,2026-05-26 17:35:00,resolved
2345,2,2,4,10,2026-05-26 13:46:00,2026-05-27 05:07:34,resolved
2346,2,3,1,8,2026-01-08 10:50:00,2026-01-10 04:30:46,resolved
2347,5,1,1,2,2026-04-16 12:54:00,2026-04-16 13:36:08,resolved
2348,1,3,3,1,2026-04-17 09:55:00,2026-04-17 12:23:57,resolved
2349,4,4,4,1,2026-02-21 16:53:00,2026-02-27 06:33:50,resolved
2350,1,2,3,5,2026-04-27 16:45:00,2026-04-28 00:08:51,resolved
2351,4,4,3,6,2026-03-27 02:01:00,2026-03-29 02:25:21,resolved
2352,1,4,1,5,2026-05-22 20:59:00,2026-05-25 17:00:42,resolved
2353,1,4,3,5,2026-03-04 04:42:00,2026-03-06 23:55:11,resolved
2354,4,3,2,9,2026-06-09 05:43:00,2026-06-10 08:25:37,resolved
2355,3,1,2,9,2026-03-15 22:49:00,2026-03-15 23:38:07,resolved
2356,4,3,3,10,2026-02-24 23:15:00,2026-02-25 07:32:12,resolved
2357,4,2,2,5,2026-04-05 19:10:00,2026-04-06 08:06:16,resolved
2358,5,1,4,1,2026-06-16 20:13:00,2026-06-16 21:45:19,resolved
2359,5,1,2,3,2026-01-26 06:02:00,2026-01-26 06:55:39,resolved
2360,5,4,2,5,2026-04-21 09:22:00,2026-04-23 15:20:54,resolved
2361,5,3,4,2,2026-05-17 16:03:00,2026-05-17 18:01:49,resolved
2362,3,3,1,9,2026-05-13 18:41:00,,in_progress
2363,2,1,3,2,2026-05-23 15:49:00,2026-05-23 16:46:47,resolved
2364,5,1,3,7,2026-04-05 04:33:00,2026-04-05 06:23:42,resolved
2365,4,2,4,9,2026-03-15 02:12:00,2026-03-15 03:28:01,resolved
2366,2,3,1,1,2026-03-26 14:06:00,,cancelled
2367,3,2,1,4,2026-02-24 20:34:00,2026-02-25 03:24:29,resolved
2368,3,2,5,6,2026-05-01 15:23:00,2026-05-02 03:24:55,resolved
2369,4,3,4,6,2026-02-19 07:44:00,2026-02-19 11:48:49,resolved
2370,5,1,1,7,2026-02-19 09:50:00,2026-02-19 10:42:15,resolved
2371,2,4,4,7,2026-05-06 09:34:00,2026-05-07 20:52:13,resolved
2372,1,2,3,1,2026-06-07 06:42:00,,in_progress
2373,2,4,4,3,2026-04-09 17:56:00,2026-04-15 17:13:49,resolved
2374,1,1,5,10,2026-03-16 08:46:00,2026-03-16 09:08:22,resolved
2375,1,4,3,8,2026-03-25 09:49:00,2026-03-26 10:19:56,resolved
2376,1,1,4,9,2026-05-29 21:35:00,,cancelled
2377,3,1,2,8,2026-05-09 08:01:00,2026-05-09 09:42:05,resolved
2378,2,2,5,9,2026-05-08 07:49:00,2026-05-08 13:58:50,resolved
2379,1,3,3,4,2026-01-19 04:26:00,2026-01-19 20:08:08,resolved
2380,3,4,3,4,2026-06-22 08:13:00,2026-06-23 06:57:04,resolved
2381,4,1,5,3,2026-03-06 07:47:00,2026-03-06 09:22:14,resolved
2382,5,4,3,4,2026-04-06 12:31:00,2026-04-09 00:03:15,resolved
2383,1,3,1,3,2026-01-05 13:57:00,2026-01-05 21:55:30,resolved
2384,5,3,2,7,2026-06-15 07:24:00,2026-06-16 17:37:07,resolved
2385,4,1,3,6,2026-05-12 15:42:00,2026-05-12 19:36:09,resolved
2386,3,2,2,4,2026-05-23 21:51:00,2026-05-24 03:26:49,resolved
2387,3,3,1,1,2026-05-19 01:27:00,2026-05-20 22:15:28,resolved
2388,5,4,4,3,2026-04-08 08:55:00,2026-04-11 03:42:18,resolved
2389,4,2,3,3,2026-03-29 17:27:00,2026-03-30 04:43:37,resolved
2390,5,4,5,10,2026-05-23 04:32:00,,cancelled
2391,4,4,1,5,2026-03-07 16:50:00,2026-03-11 15:16:55,resolved
2392,2,3,2,8,2026-05-25 21:14:00,,in_progress
2393,1,3,5,4,2026-04-22 10:25:00,2026-04-23 15:46:18,resolved
2394,4,3,5,3,2026-05-08 19:30:00,2026-05-09 17:51:27,resolved
2395,2,3,2,6,2026-05-21 18:46:00,2026-05-22 02:08:56,resolved
2396,3,2,5,4,2026-04-14 07:28:00,2026-04-14 11:46:38,resolved
2397,3,4,5,10,2026-06-21 12:21:00,2026-06-24 17:23:32,resolved
2398,5,1,1,3,2026-06-05 00:10:00,,cancelled
2399,1,3,4,1,2026-04-01 14:59:00,,cancelled
2400,1,4,3,4,2026-05-13 04:22:00,,in_progress
2401,5,1,2,3,2026-02-09 07:39:00,2026-02-09 10:25:00,resolved
2402,1,1,3,3,2026-01-09 21:32:00,2026-01-09 21:58:59,resolved
2403,2,2,4,8,2026-03-30 10:33:00,2026-03-30 13:30:04,resolved
2404,4,4,5,10,2026-01-29 04:55:00,2026-01-31 13:20:32,resolved
2405,1,2,2,6,2026-06-16 07:15:00,2026-06-16 09:22:24,resolved
2406,1,4,3,6,2026-06-11 14:34:00,2026-06-14 05:52:01,resolved
2407,4,1,2,4,2026-02-28 20:54:00,2026-02-28 23:43:44,resolved
2408,2,1,4,9,2026-03-29 08:57:00,2026-03-29 10:27:25,resolved
2409,4,3,1,5,2026-04-11 17:18:00,,in_progress
2410,4,4,1,10,2026-01-24 22:12:00,2026-01-25 15:18:42,resolved
2411,4,4,2,5,2026-01-02 15:56:00,,cancelled
2412,2,2,3,3,2026-01-03 21:13:00,,cancelled
2413,3,2,5,7,2026-06-06 03:32:00,2026-06-06 07:49:52,resolved
2414,2,3,4,8,2026-03-05 11:53:00,,in_progress
2415,2,3,2,3,2026-02-26 18:01:00,2026-02-27 00:03:26,resolved
2416,1,3,4,9,2026-01-03 12:37:00,2026-01-03 15:38:40,resolved
2417,2,2,2,5,2026-03-25 22:29:00,2026-03-26 09:55:19,resolved
2418,2,4,1,4,2026-06-20 19:45:00,2026-06-22 06:39:54,resolved
2419,2,3,1,8,2026-06-22 13:33:00,2026-06-23 18:15:16,resolved
2420,3,1,2,9,2026-04-03 05:06:00,,cancelled
2421,2,1,3,7,2026-03-22 02:57:00,2026-03-22 04:24:59,resolved
2422,4,2,5,10,2026-02-07 11:45:00,2026-02-07 13:40:12,resolved
2423,4,4,4,8,2026-03-03 01:21:00,2026-03-06 14:37:32,resolved
2424,4,2,1,1,2026-06-14 22:37:00,,cancelled
2425,1,4,3,7,2026-06-14 03:52:00,2026-06-15 15:30:25,resolved
2426,3,1,5,2,2026-05-04 09:47:00,2026-05-04 11:13:44,resolved
2427,5,3,3,8,2026-05-14 12:43:00,2026-05-14 13:46:23,resolved
2428,5,3,1,6,2026-01-14 11:45:00,,cancelled
2429,2,3,4,3,2026-01-11 12:42:00,2026-01-11 15:22:46,resolved
2430,2,4,4,2,2026-04-23 23:55:00,2026-04-26 01:57:29,resolved
2431,5,3,4,3,2026-05-31 15:55:00,,cancelled
2432,1,3,2,1,2026-01-17 06:28:00,2026-01-17 10:08:26,resolved
2433,3,4,4,4,2026-05-04 06:10:00,2026-05-05 07:44:28,resolved
2434,3,1,3,2,2026-01-03 02:15:00,2026-01-03 03:04:12,resolved
2435,1,3,5,4,2026-05-03 03:34:00,2026-05-04 01:36:59,resolved
2436,3,4,5,7,2026-05-24 18:19:00,,cancelled
2437,5,4,4,9,2026-05-29 16:28:00,2026-06-02 05:15:54,resolved
2438,2,3,3,10,2026-06-23 16:06:00,2026-06-24 03:53:57,resolved
2439,1,4,1,3,2026-01-18 19:52:00,,cancelled
2440,1,3,3,8,2026-06-06 16:51:00,2026-06-07 04:53:23,resolved
2441,4,2,5,7,2026-04-18 02:47:00,2026-04-18 07:19:19,resolved
2442,1,2,5,6,2026-02-22 02:57:00,2026-02-22 16:21:33,resolved
2443,1,3,5,9,2026-05-01 04:09:00,2026-05-01 10:59:04,resolved
2444,4,2,5,6,2026-03-28 09:49:00,2026-03-28 13:56:09,resolved
2445,3,2,2,3,2026-02-26 06:11:00,2026-02-26 07:50:34,resolved
2446,3,4,1,8,2026-04-02 00:42:00,2026-04-02 03:38:18,resolved
2447,3,4,5,5,2026-04-13 17:21:00,,cancelled
2448,3,2,1,8,2026-03-29 13:31:00,2026-03-29 15:02:51,resolved
2449,4,2,5,8,2026-05-10 11:11:00,2026-05-10 12:17:34,resolved
2450,1,1,5,8,2026-01-22 20:53:00,2026-01-22 21:25:47,resolved
2451,3,1,5,2,2026-03-09 16:11:00,2026-03-09 19:31:05,resolved
2452,5,3,4,5,2026-06-10 06:41:00,2026-06-10 16:16:02,resolved
2453,1,4,1,5,2026-06-19 01:31:00,2026-06-20 23:55:41,resolved
2454,2,3,5,10,2026-06-14 06:23:00,,in_progress
2455,3,2,3,7,2026-01-09 13:19:00,2026-01-09 20:10:38,resolved
2456,3,3,3,2,2026-06-04 17:59:00,2026-06-05 14:07:58,resolved
2457,1,3,3,8,2026-01-04 10:25:00,2026-01-05 08:18:00,resolved
2458,3,3,1,3,2026-05-28 17:57:00,2026-05-29 06:12:50,resolved
2459,4,3,1,4,2026-05-05 04:43:00,2026-05-05 09:01:30,resolved
2460,4,4,2,10,2026-02-11 08:37:00,2026-02-15 14:34:02,resolved
2461,4,1,2,8,2026-06-08 07:17:00,2026-06-08 09:02:28,resolved
2462,4,4,1,1,2026-01-09 13:30:00,2026-01-10 21:54:03,resolved
2463,1,2,5,5,2026-04-22 18:29:00,2026-04-23 06:38:16,resolved
2464,2,3,4,1,2026-04-07 11:35:00,,cancelled
2465,3,3,5,6,2026-02-06 05:32:00,2026-02-06 08:32:32,resolved
2466,1,3,4,2,2026-04-08 15:41:00,2026-04-08 19:07:04,resolved
2467,1,4,3,4,2026-01-24 14:44:00,2026-01-25 01:25:02,resolved
2468,3,2,2,8,2026-02-09 19:59:00,2026-02-10 11:16:08,resolved
2469,4,4,2,2,2026-04-16 15:18:00,2026-04-21 13:40:03,resolved
2470,2,3,4,10,2026-02-23 14:14:00,2026-02-23 18:17:05,resolved
2471,3,2,1,9,2026-04-09 15:00:00,2026-04-09 16:08:32,resolved
2472,2,3,5,4,2026-02-13 20:57:00,2026-02-14 19:24:24,resolved
2473,2,3,5,7,2026-04-29 01:28:00,2026-04-29 12:09:21,resolved
2474,4,1,1,10,2026-01-15 05:40:00,2026-01-15 07:32:09,resolved
2475,2,4,5,2,2026-03-27 08:53:00,2026-03-29 12:32:54,resolved
2476,4,3,1,6,2026-04-19 21:15:00,2026-04-21 14:45:40,resolved
2477,1,3,5,4,2026-06-20 12:39:00,2026-06-21 09:57:13,resolved
2478,1,4,3,3,2026-04-15 23:43:00,2026-04-18 15:47:50,resolved
2479,4,3,3,3,2026-03-13 11:26:00,2026-03-14 08:08:50,resolved
2480,4,4,4,7,2026-06-16 22:19:00,2026-06-19 09:07:28,resolved
2481,5,4,2,6,2026-01-04 20:28:00,2026-01-04 21:12:12,resolved
2482,3,3,5,2,2026-05-28 04:13:00,,in_progress
2483,5,3,3,3,2026-01-28 14:51:00,2026-01-28 18:17:23,resolved
2484,4,1,3,3,2026-05-27 21:56:00,2026-05-27 23:00:26,resolved
2485,2,1,5,9,2026-03-13 16:34:00,2026-03-13 19:24:18,resolved
2486,3,4,2,8,2026-05-06 11:59:00,2026-05-11 19:28:19,resolved
2487,5,1,5,7,2026-01-07 10:50:00,,in_progress
2488,3,3,4,7,2026-04-09 00:34:00,2026-04-09 19:30:09,resolved
2489,5,2,1,1,2026-03-15 06:06:00,2026-03-15 07:18:29,resolved
2490,2,2,3,7,2026-04-28 20:03:00,2026-04-28 21:33:55,resolved
2491,5,3,1,4,2026-04-04 04:15:00,2026-04-04 16:43:08,resolved
2492,2,3,3,8,2026-04-29 13:38:00,2026-04-29 23:15:37,resolved
2493,5,2,4,2,2026-01-30 21:24:00,2026-01-30 22:14:08,resolved
2494,5,2,5,7,2026-01-02 18:02:00,2026-01-03 00:36:41,resolved
2495,1,2,4,10,2026-02-11 16:07:00,2026-02-11 23:16:40,resolved
2496,4,3,2,8,2026-01-26 18:34:00,2026-01-27 03:31:19,resolved
2497,5,2,1,7,2026-04-18 15:15:00,2026-04-18 16:41:10,resolved
2498,3,4,1,8,2026-02-27 02:14:00,2026-03-03 02:52:11,resolved
2499,5,2,2,4,2026-03-23 02:22:00,2026-03-23 06:13:39,resolved
2500,1,4,2,2,2026-04-15 07:14:00,2026-04-16 05:24:17,resolved
2501,5,1,2,2,2026-04-20 22:01:00,2026-04-20 22:50:02,resolved
2502,4,3,5,7,2026-04-18 16:00:00,2026-04-19 00:20:11,resolved
2503,1,3,4,8,2026-04-22 14:59:00,2026-04-23 07:23:03,resolved
2504,3,1,3,7,2026-04-16 18:49:00,,in_progress
2505,5,4,5,8,2026-03-18 21:39:00,2026-03-21 05:56:19,resolved
2506,1,4,5,2,2026-04-19 12:23:00,2026-04-21 19:29:45,resolved
2507,3,4,5,1,2026-03-29 08:33:00,2026-04-04 00:28:34,resolved
2508,2,3,4,2,2026-05-06 07:06:00,2026-05-06 21:24:52,resolved
2509,4,3,2,4,2026-02-09 10:11:00,2026-02-09 12:51:52,resolved
2510,1,4,2,7,2026-03-09 08:20:00,,cancelled
2511,4,4,5,3,2026-05-10 23:48:00,,in_progress
2512,3,4,2,9,2026-03-17 17:12:00,2026-03-21 08:38:15,resolved
2513,1,2,5,10,2026-03-01 04:20:00,2026-03-01 19:08:30,resolved
2514,5,1,2,7,2026-03-03 15:09:00,,cancelled
2515,2,1,5,5,2026-02-06 22:13:00,2026-02-07 01:21:34,resolved
2516,5,4,4,2,2026-04-04 20:27:00,2026-04-06 11:53:52,resolved
2517,1,2,4,1,2026-04-05 20:17:00,2026-04-05 20:54:41,resolved
2518,5,3,3,2,2026-06-07 14:13:00,2026-06-07 23:40:49,resolved
2519,5,2,2,5,2026-05-03 23:35:00,2026-05-04 06:30:32,resolved
2520,4,2,1,1,2026-03-30 16:15:00,2026-03-31 04:46:40,resolved
2521,3,1,2,8,2026-01-27 02:22:00,2026-01-27 03:26:19,resolved
2522,4,2,2,3,2026-03-22 05:29:00,2026-03-22 19:08:49,resolved
2523,3,2,3,4,2026-01-02 14:32:00,2026-01-02 20:28:36,resolved
2524,5,3,2,10,2026-01-19 17:52:00,,in_progress
2525,4,4,1,9,2026-06-14 08:47:00,2026-06-20 03:28:28,resolved
2526,3,2,1,4,2026-03-05 03:07:00,2026-03-05 05:10:00,resolved
2527,5,4,1,9,2026-04-11 11:56:00,,cancelled
2528,2,3,5,9,2026-04-03 20:29:00,,cancelled
2529,2,4,4,9,2026-04-19 15:06:00,,cancelled
2530,1,4,2,9,2026-04-01 07:42:00,2026-04-02 17:19:40,resolved
2531,2,2,3,8,2026-02-17 14:59:00,2026-02-17 18:53:57,resolved
2532,2,3,4,9,2026-06-26 18:34:00,2026-06-27 06:02:10,resolved
2533,1,2,2,9,2026-01-05 15:12:00,2026-01-05 23:49:04,resolved
2534,3,1,2,1,2026-01-14 22:47:00,,cancelled
2535,1,1,2,7,2026-03-23 11:59:00,2026-03-23 12:18:39,resolved
2536,4,3,4,3,2026-05-30 01:30:00,2026-05-31 05:03:00,resolved
2537,5,4,3,1,2026-01-29 21:02:00,2026-01-30 09:48:37,resolved
2538,1,1,1,10,2026-06-16 23:24:00,2026-06-16 23:59:49,resolved
2539,3,4,1,2,2026-03-18 05:11:00,2026-03-23 22:48:27,resolved
2540,3,2,5,9,2026-02-04 02:35:00,2026-02-04 15:15:10,resolved
2541,3,1,2,9,2026-04-02 13:32:00,,cancelled
2542,2,4,4,7,2026-02-20 02:38:00,2026-02-20 04:24:14,resolved
2543,3,2,2,3,2026-01-09 17:49:00,,cancelled
2544,4,4,4,3,2026-04-10 06:53:00,2026-04-12 08:34:06,resolved
2545,4,3,5,3,2026-05-29 03:00:00,,cancelled
2546,2,4,2,4,2026-01-01 12:26:00,,cancelled
2547,4,1,5,8,2026-01-10 08:35:00,2026-01-10 09:21:53,resolved
2548,3,4,1,10,2026-03-16 05:50:00,2026-03-17 07:10:55,resolved
2549,3,4,1,1,2026-01-16 22:09:00,2026-01-20 11:16:28,resolved
2550,4,4,1,1,2026-03-29 13:47:00,2026-03-31 03:58:09,resolved
2551,5,2,4,2,2026-02-18 00:55:00,2026-02-18 01:50:11,resolved
2552,1,4,1,10,2026-02-06 21:25:00,2026-02-09 07:36:43,resolved
2553,3,3,5,4,2026-05-21 03:14:00,2026-05-21 07:03:40,resolved
2554,1,1,2,2,2026-02-23 19:22:00,,in_progress
2555,5,1,5,9,2026-05-28 13:59:00,2026-05-28 16:06:58,resolved
2556,4,3,4,5,2026-03-05 11:56:00,2026-03-06 05:28:28,resolved
2557,2,3,4,10,2026-01-20 19:21:00,2026-01-20 20:13:04,resolved
2558,2,4,5,3,2026-06-24 08:13:00,2026-06-26 21:25:43,resolved
2559,1,4,5,7,2026-06-02 14:04:00,2026-06-05 09:49:37,resolved
2560,1,3,4,8,2026-03-17 09:59:00,,cancelled
2561,5,4,5,2,2026-04-25 12:24:00,2026-04-26 02:27:18,resolved
2562,5,3,1,2,2026-03-15 23:31:00,2026-03-15 23:56:03,resolved
2563,2,4,3,4,2026-04-29 20:46:00,2026-04-30 07:17:31,resolved
2564,3,4,3,6,2026-06-13 08:34:00,2026-06-14 01:04:00,resolved
2565,3,3,1,8,2026-01-10 12:12:00,2026-01-11 06:01:19,resolved
2566,1,2,5,7,2026-03-03 16:01:00,2026-03-03 16:58:22,resolved
2567,4,4,3,3,2026-04-18 14:04:00,2026-04-19 02:33:03,resolved
2568,3,2,3,4,2026-05-17 16:37:00,2026-05-17 20:54:06,resolved
2569,5,4,3,3,2026-04-15 03:52:00,2026-04-17 01:50:34,resolved
2570,3,3,2,1,2026-02-20 12:20:00,2026-02-20 21:09:15,resolved
2571,3,3,2,9,2026-04-29 11:51:00,2026-04-30 20:26:49,resolved
2572,3,4,5,3,2026-06-22 03:03:00,2026-06-22 18:48:04,resolved
2573,4,2,3,7,2026-06-25 00:28:00,2026-06-25 03:18:18,resolved
2574,3,1,5,7,2026-05-10 17:16:00,2026-05-10 18:47:27,resolved
2575,4,3,3,8,2026-05-23 23:20:00,2026-05-24 17:11:36,resolved
2576,2,3,3,7,2026-06-07 16:16:00,2026-06-09 12:51:22,resolved
2577,5,4,2,2,2026-04-06 00:57:00,2026-04-08 02:08:52,resolved
2578,4,3,3,10,2026-03-04 06:06:00,2026-03-04 16:44:22,resolved
2579,2,4,1,2,2026-03-22 07:08:00,2026-03-24 04:38:06,resolved
2580,2,4,4,3,2026-04-11 14:36:00,2026-04-12 15:44:57,resolved
2581,3,4,2,10,2026-02-18 09:58:00,2026-02-19 20:52:27,resolved
2582,3,2,3,9,2026-06-24 11:34:00,2026-06-24 18:42:18,resolved
2583,5,1,3,2,2026-02-03 03:03:00,2026-02-03 05:58:58,resolved
2584,4,2,1,2,2026-06-29 01:16:00,2026-06-29 07:02:22,resolved
2585,4,3,3,10,2026-05-07 10:30:00,2026-05-07 18:51:54,resolved
2586,2,2,2,4,2026-06-04 14:43:00,2026-06-05 00:50:04,resolved
2587,3,1,2,1,2026-05-14 19:26:00,2026-05-14 20:26:08,resolved
2588,2,1,5,4,2026-03-30 20:23:00,2026-03-30 20:58:04,resolved
2589,2,4,3,9,2026-06-19 20:34:00,,in_progress
2590,5,3,1,3,2026-06-28 17:39:00,2026-06-29 06:00:23,resolved
2591,1,1,1,6,2026-04-18 10:36:00,2026-04-18 12:11:57,resolved
2592,3,4,1,1,2026-06-24 01:46:00,2026-06-25 03:03:56,resolved
2593,3,4,2,2,2026-04-11 22:18:00,2026-04-14 11:14:52,resolved
2594,2,1,1,3,2026-05-20 19:13:00,2026-05-20 20:27:02,resolved
2595,1,2,1,7,2026-02-01 18:06:00,2026-02-01 19:54:06,resolved
2596,1,1,2,10,2026-04-27 04:43:00,2026-04-27 05:43:03,resolved
2597,1,1,2,3,2026-01-30 13:06:00,2026-01-30 13:35:45,resolved
2598,4,1,3,6,2026-04-24 09:38:00,2026-04-24 10:38:01,resolved
2599,5,4,1,2,2026-01-05 10:34:00,,in_progress
2600,4,2,2,6,2026-03-28 09:44:00,2026-03-28 14:05:58,resolved
2601,1,1,4,8,2026-06-20 07:43:00,,cancelled
2602,5,4,4,2,2026-05-25 20:33:00,2026-05-26 06:49:50,resolved
2603,5,4,1,2,2026-06-03 15:02:00,2026-06-06 08:15:27,resolved
2604,3,3,2,8,2026-03-21 23:30:00,2026-03-23 04:21:42,resolved
2605,2,1,2,10,2026-06-26 03:17:00,,in_progress
2606,1,1,4,4,2026-06-09 07:10:00,2026-06-09 07:41:05,resolved
2607,4,2,4,4,2026-04-12 12:43:00,2026-04-12 13:27:02,resolved
2608,3,3,4,8,2026-06-10 12:12:00,2026-06-11 06:48:26,resolved
2609,4,3,3,4,2026-05-13 09:44:00,2026-05-14 06:17:11,resolved
2610,2,1,1,8,2026-03-10 08:13:00,2026-03-10 09:19:24,resolved
2611,3,4,4,1,2026-04-09 13:21:00,2026-04-09 19:52:40,resolved
2612,4,1,4,8,2026-06-30 07:06:00,2026-06-30 07:25:10,resolved
2613,5,4,5,7,2026-03-30 21:22:00,2026-04-02 10:15:08,resolved
2614,3,1,4,9,2026-02-19 05:05:00,2026-02-19 05:32:28,resolved
2615,4,2,3,7,2026-03-03 03:47:00,2026-03-03 08:04:17,resolved
2616,2,3,2,6,2026-05-23 21:43:00,,cancelled
2617,3,1,4,5,2026-03-15 08:48:00,2026-03-15 10:14:17,resolved
2618,3,1,5,8,2026-01-12 15:36:00,2026-01-12 16:03:21,resolved
2619,3,2,5,4,2026-05-18 05:58:00,,in_progress
2620,4,1,3,7,2026-01-30 07:56:00,,cancelled
2621,2,3,2,4,2026-06-29 00:57:00,2026-07-01 00:32:56,resolved
2622,2,1,2,6,2026-04-23 21:57:00,2026-04-23 23:47:12,resolved
2623,5,2,3,9,2026-04-18 13:11:00,2026-04-18 13:59:12,resolved
2624,2,1,3,2,2026-02-17 13:57:00,2026-02-17 15:38:33,resolved
2625,3,3,3,8,2026-03-01 16:04:00,2026-03-02 02:38:31,resolved
2626,4,2,1,3,2026-05-27 15:15:00,2026-05-27 19:48:59,resolved
2627,3,3,1,8,2026-06-30 01:44:00,2026-06-30 03:01:25,resolved
2628,4,1,5,10,2026-05-10 14:45:00,,in_progress
2629,5,1,4,5,2026-01-14 10:51:00,2026-01-14 11:57:43,resolved
2630,4,4,4,3,2026-02-12 04:33:00,2026-02-12 19:14:28,resolved
2631,2,1,5,3,2026-02-07 22:48:00,2026-02-07 23:42:31,resolved
2632,4,2,1,3,2026-02-08 04:07:00,2026-02-08 05:55:29,resolved
2633,1,4,5,1,2026-06-30 12:25:00,2026-07-02 19:39:34,resolved
2634,4,3,5,8,2026-05-08 04:20:00,,cancelled
2635,4,2,5,3,2026-06-02 00:31:00,2026-06-02 04:54:40,resolved
2636,2,2,3,8,2026-04-03 23:56:00,,cancelled
2637,1,4,4,7,2026-03-28 13:58:00,2026-03-29 19:31:47,resolved
2638,4,2,3,8,2026-06-18 05:06:00,2026-06-18 10:35:53,resolved
2639,2,3,2,10,2026-03-30 22:09:00,,cancelled
2640,2,2,2,8,2026-04-25 13:52:00,2026-04-25 17:46:35,resolved
2641,3,3,2,6,2026-01-21 15:40:00,2026-01-23 02:17:16,resolved
2642,5,2,4,5,2026-05-16 23:39:00,2026-05-17 00:31:03,resolved
2643,2,4,3,9,2026-06-30 14:46:00,,in_progress
2644,5,1,1,9,2026-06-25 06:22:00,2026-06-25 07:46:38,resolved
2645,1,4,5,10,2026-01-29 02:59:00,2026-01-29 17:40:44,resolved
2646,1,3,1,7,2026-03-05 01:23:00,,cancelled
2647,4,1,3,6,2026-04-25 11:45:00,2026-04-25 12:09:57,resolved
2648,4,2,1,6,2026-03-20 02:19:00,2026-03-20 09:51:40,resolved
2649,5,3,4,10,2026-01-29 09:21:00,2026-01-29 14:56:05,resolved
2650,3,3,1,10,2026-03-14 09:40:00,2026-03-14 19:35:00,resolved
2651,4,1,3,1,2026-03-12 18:21:00,2026-03-12 19:12:33,resolved
2652,3,3,5,5,2026-05-07 09:13:00,2026-05-07 18:49:40,resolved
2653,2,4,5,3,2026-01-31 10:36:00,2026-02-02 08:34:14,resolved
2654,1,2,4,7,2026-02-12 13:35:00,2026-02-12 17:49:12,resolved
2655,4,4,3,6,2026-02-17 08:22:00,2026-02-18 23:02:01,resolved
2656,2,3,3,10,2026-05-03 01:13:00,2026-05-04 04:24:12,resolved
2657,5,2,4,9,2026-03-14 11:30:00,2026-03-14 17:15:42,resolved
2658,3,2,3,1,2026-03-16 16:29:00,,cancelled
2659,5,2,1,2,2026-04-18 22:40:00,2026-04-18 23:54:21,resolved
2660,5,1,2,5,2026-03-10 18:12:00,2026-03-10 18:32:22,resolved
2661,5,2,4,9,2026-01-27 10:11:00,2026-01-27 20:34:45,resolved
2662,2,4,5,10,2026-01-21 11:16:00,2026-01-26 09:45:22,resolved
2663,2,1,4,7,2026-05-06 04:33:00,2026-05-06 05:16:18,resolved
2664,4,4,2,7,2026-05-16 02:24:00,2026-05-17 15:18:56,resolved
2665,3,4,1,6,2026-02-13 11:24:00,2026-02-15 15:39:40,resolved
2666,4,1,4,4,2026-06-06 18:19:00,2026-06-06 19:55:26,resolved
2667,5,1,2,2,2026-04-07 19:03:00,2026-04-07 19:35:49,resolved
2668,3,3,4,2,2026-02-24 19:57:00,2026-02-24 21:16:48,resolved
2669,1,1,1,5,2026-03-31 07:14:00,2026-03-31 08:23:35,resolved
2670,1,2,5,1,2026-01-06 19:25:00,,in_progress
2671,3,4,4,5,2026-02-19 18:48:00,2026-02-25 06:44:26,resolved
2672,2,1,1,10,2026-06-15 03:03:00,2026-06-15 04:51:38,resolved
2673,2,2,1,1,2026-05-19 19:51:00,,cancelled
2674,2,2,3,2,2026-05-16 14:48:00,2026-05-17 04:36:22,resolved
2675,2,3,3,7,2026-06-26 14:31:00,2026-06-26 22:56:57,resolved
2676,3,1,3,9,2026-01-07 11:23:00,2026-01-07 11:58:45,resolved
2677,4,3,4,8,2026-04-24 20:48:00,,cancelled
2678,4,1,2,7,2026-02-25 16:11:00,2026-02-25 16:32:25,resolved
2679,3,2,3,6,2026-03-20 02:55:00,,cancelled
2680,4,1,2,4,2026-01-31 20:20:00,2026-01-31 21:56:49,resolved
2681,2,1,1,9,2026-03-12 17:48:00,,cancelled
2682,1,4,4,10,2026-01-17 01:35:00,,cancelled
2683,4,4,1,7,2026-03-27 05:46:00,2026-03-28 04:12:34,resolved
2684,2,1,4,1,2026-05-22 18:33:00,2026-05-22 19:39:56,resolved
2685,2,1,5,6,2026-03-31 20:57:00,2026-03-31 22:36:22,resolved
2686,2,1,3,7,2026-04-26 03:58:00,2026-04-26 04:41:32,resolved
2687,1,1,4,9,2026-06-04 18:50:00,,cancelled
2688,4,4,5,7,2026-02-20 19:18:00,,in_progress
2689,4,1,2,7,2026-03-03 19:12:00,2026-03-03 19:37:57,resolved
2690,2,3,3,3,2026-01-27 19:51:00,2026-01-29 17:49:11,resolved
2691,3,2,3,1,2026-01-25 07:36:00,2026-01-25 10:48:57,resolved
2692,5,4,2,7,2026-03-17 19:39:00,2026-03-19 13:55:00,resolved
2693,2,1,5,3,2026-06-26 06:32:00,2026-06-26 08:02:49,resolved
2694,5,2,5,7,2026-04-11 13:04:00,,cancelled
2695,1,2,5,8,2026-06-24 07:14:00,2026-06-24 11:59:27,resolved
2696,2,2,3,8,2026-03-12 01:37:00,,cancelled
2697,2,1,4,4,2026-02-13 20:43:00,2026-02-13 21:26:29,resolved
2698,1,3,5,6,2026-01-27 22:22:00,2026-01-28 04:30:42,resolved
2699,3,2,5,4,2026-03-21 15:38:00,,in_progress
2700,3,2,2,1,2026-03-11 03:25:00,2026-03-11 12:41:27,resolved
2701,5,3,1,6,2026-02-27 11:51:00,2026-02-28 05:13:20,resolved
2702,1,4,1,2,2026-05-27 15:04:00,,cancelled
2703,2,2,1,8,2026-03-14 18:06:00,2026-03-14 20:00:06,resolved
2704,1,4,5,1,2026-05-05 00:15:00,2026-05-10 15:58:10,resolved
2705,4,2,4,5,2026-03-27 07:53:00,2026-03-27 10:49:02,resolved
2706,4,2,5,3,2026-06-26 23:08:00,,in_progress
2707,5,4,3,6,2026-06-12 16:51:00,,cancelled
2708,5,1,4,9,2026-01-11 22:39:00,2026-01-11 23:38:28,resolved
2709,5,2,2,5,2026-02-05 15:07:00,2026-02-05 22:27:09,resolved
2710,3,2,5,10,2026-04-26 01:40:00,2026-04-26 10:12:32,resolved
2711,1,4,1,10,2026-05-09 19:30:00,2026-05-13 21:45:12,resolved
2712,2,3,3,10,2026-04-23 06:51:00,,in_progress
2713,5,1,4,2,2026-01-23 14:11:00,2026-01-23 15:08:40,resolved
2714,4,2,5,1,2026-05-24 09:59:00,2026-05-24 13:20:52,resolved
2715,2,1,4,3,2026-06-27 23:05:00,2026-06-28 02:39:45,resolved
2716,1,2,2,6,2026-01-21 09:40:00,,cancelled
2717,3,1,2,9,2026-02-20 20:36:00,2026-02-20 21:49:40,resolved
2718,4,4,4,3,2026-05-24 14:48:00,2026-05-29 09:25:49,resolved
2719,2,3,3,6,2026-04-11 01:37:00,2026-04-11 12:47:05,resolved
2720,3,3,1,1,2026-01-15 18:31:00,2026-01-16 02:56:56,resolved
2721,4,1,3,10,2026-03-16 14:45:00,2026-03-16 16:15:58,resolved
2722,1,1,1,10,2026-04-28 21:59:00,2026-04-28 23:07:37,resolved
2723,4,1,2,8,2026-05-04 00:49:00,2026-05-04 03:36:24,resolved
2724,1,4,3,8,2026-05-15 06:06:00,2026-05-18 11:04:04,resolved
2725,5,4,5,1,2026-01-10 12:53:00,2026-01-11 04:10:19,resolved
2726,4,3,1,2,2026-06-04 22:50:00,2026-06-06 16:10:34,resolved
2727,2,4,4,6,2026-05-15 08:16:00,2026-05-21 03:41:14,resolved
2728,4,1,1,6,2026-05-23 13:49:00,2026-05-23 17:05:25,resolved
2729,2,4,5,4,2026-04-25 08:35:00,2026-04-27 16:33:46,resolved
2730,4,3,5,9,2026-04-10 05:24:00,2026-04-10 15:20:20,resolved
2731,1,3,3,10,2026-01-05 08:06:00,,in_progress
2732,5,2,3,1,2026-05-13 08:18:00,2026-05-13 10:12:10,resolved
2733,4,2,2,5,2026-01-14 02:02:00,2026-01-14 04:55:57,resolved
2734,4,1,3,2,2026-03-20 11:04:00,,in_progress
2735,5,2,2,5,2026-01-19 00:22:00,,cancelled
2736,5,1,1,9,2026-05-31 16:53:00,2026-05-31 17:56:55,resolved
2737,2,2,3,5,2026-06-17 00:29:00,2026-06-17 01:16:46,resolved
2738,3,2,2,8,2026-06-10 04:03:00,2026-06-10 10:16:08,resolved
2739,1,1,2,3,2026-04-04 20:11:00,2026-04-04 22:52:09,resolved
2740,4,4,5,3,2026-06-07 16:08:00,2026-06-11 17:54:22,resolved
2741,4,3,5,10,2026-03-25 10:12:00,2026-03-26 15:10:00,resolved
2742,5,3,2,6,2026-03-30 05:47:00,2026-03-30 23:38:48,resolved
2743,2,4,4,9,2026-04-27 09:20:00,2026-04-29 08:05:40,resolved
2744,4,1,4,7,2026-02-22 07:53:00,2026-02-22 08:27:44,resolved
2745,3,2,3,4,2026-01-26 10:08:00,2026-01-26 15:17:43,resolved
2746,4,1,4,8,2026-05-24 00:21:00,,cancelled
2747,5,2,3,5,2026-02-03 16:24:00,2026-02-03 19:02:59,resolved
2748,1,3,2,4,2026-06-17 18:50:00,2026-06-17 19:24:07,resolved
2749,3,3,5,9,2026-01-09 18:03:00,2026-01-09 22:04:53,resolved
2750,2,1,1,5,2026-06-23 14:40:00,2026-06-23 17:22:15,resolved
2751,5,3,4,5,2026-04-21 07:37:00,2026-04-21 16:53:53,resolved
2752,1,3,2,2,2026-02-05 04:18:00,2026-02-06 02:34:25,resolved
2753,1,4,2,7,2026-05-13 06:17:00,,cancelled
2754,2,1,4,10,2026-01-25 19:02:00,2026-01-25 21:27:18,resolved
2755,1,2,5,5,2026-01-27 21:28:00,2026-01-27 22:05:47,resolved
2756,2,3,1,4,2026-02-06 15:19:00,2026-02-07 03:50:52,resolved
2757,3,4,5,5,2026-03-14 18:15:00,2026-03-16 21:55:53,resolved
2758,2,4,2,7,2026-01-04 03:49:00,2026-01-05 17:22:52,resolved
2759,3,4,4,5,2026-03-26 07:35:00,,cancelled
2760,2,2,2,10,2026-06-17 06:04:00,2026-06-17 08:14:28,resolved
2761,3,2,1,1,2026-05-21 16:01:00,2026-05-21 18:38:46,resolved
2762,4,4,2,1,2026-04-06 17:45:00,2026-04-09 03:53:14,resolved
2763,3,1,3,1,2026-02-05 10:49:00,2026-02-05 11:09:07,resolved
2764,2,3,4,7,2026-04-20 00:49:00,2026-04-20 15:43:46,resolved
2765,1,2,3,10,2026-04-27 23:08:00,2026-04-28 01:53:24,resolved
2766,3,3,2,3,2026-05-04 22:27:00,2026-05-05 10:26:46,resolved
2767,5,2,4,5,2026-02-27 12:09:00,2026-02-27 14:32:00,resolved
2768,1,1,3,4,2026-05-29 01:41:00,2026-05-29 02:10:15,resolved
2769,4,2,4,1,2026-01-12 05:50:00,2026-01-12 09:05:34,resolved
2770,2,4,1,1,2026-01-28 15:13:00,,cancelled
2771,5,1,2,2,2026-03-15 01:22:00,2026-03-15 02:22:51,resolved
2772,1,2,1,8,2026-05-16 04:37:00,2026-05-16 14:33:06,resolved
2773,5,4,5,9,2026-01-31 07:38:00,2026-02-01 22:23:13,resolved
2774,1,4,4,10,2026-06-22 07:27:00,2026-06-24 09:45:37,resolved
2775,3,2,1,9,2026-05-18 19:01:00,2026-05-18 23:24:24,resolved
2776,4,4,3,2,2026-01-24 00:54:00,2026-01-29 23:12:58,resolved
2777,5,2,5,6,2026-06-29 12:12:00,2026-06-29 15:38:54,resolved
2778,3,4,3,1,2026-02-04 01:01:00,2026-02-05 03:43:31,resolved
2779,5,4,2,6,2026-05-28 20:56:00,2026-05-29 20:36:33,resolved
2780,2,1,1,10,2026-05-19 13:00:00,,cancelled
2781,3,2,3,4,2026-06-03 21:08:00,2026-06-04 02:31:28,resolved
2782,4,1,1,5,2026-03-26 03:01:00,,cancelled
2783,3,2,4,9,2026-05-26 00:21:00,2026-05-26 07:50:30,resolved
2784,5,3,3,5,2026-05-19 21:19:00,2026-05-20 19:41:46,resolved
2785,4,1,4,1,2026-01-08 19:34:00,,cancelled
2786,3,3,2,10,2026-02-11 03:25:00,2026-02-11 21:45:35,resolved
2787,5,4,3,4,2026-03-30 02:55:00,2026-03-30 21:42:24,resolved
2788,3,1,3,6,2026-03-19 07:19:00,2026-03-19 07:49:11,resolved
2789,5,4,4,3,2026-01-17 02:53:00,2026-01-18 14:00:43,resolved
2790,2,2,3,8,2026-06-15 18:27:00,2026-06-16 00:23:49,resolved
2791,1,3,3,7,2026-04-10 09:02:00,,in_progress
2792,5,1,4,4,2026-03-19 03:25:00,2026-03-19 04:39:26,resolved
2793,3,4,1,4,2026-02-24 11:10:00,2026-02-26 10:08:32,resolved
2794,3,1,3,9,2026-02-01 11:48:00,,in_progress
2795,2,2,2,6,2026-01-05 11:26:00,2026-01-05 13:58:45,resolved
2796,1,1,4,6,2026-05-26 13:22:00,2026-05-26 14:37:10,resolved
2797,3,3,2,5,2026-02-07 18:18:00,2026-02-09 12:12:33,resolved
2798,2,1,3,8,2026-04-22 04:06:00,,cancelled
2799,1,1,2,9,2026-03-17 05:58:00,2026-03-17 07:01:50,resolved
2800,5,1,2,5,2026-01-26 10:08:00,2026-01-26 11:35:06,resolved
2801,1,1,1,6,2026-03-06 03:54:00,,cancelled
2802,4,3,1,4,2026-02-24 14:45:00,2026-02-25 12:14:48,resolved
2803,4,2,3,10,2026-04-17 15:06:00,2026-04-18 05:30:12,resolved
2804,2,1,5,9,2026-06-19 08:12:00,2026-06-19 09:02:42,resolved
2805,4,4,1,10,2026-02-03 10:29:00,2026-02-08 02:22:08,resolved
2806,1,2,3,5,2026-06-30 04:16:00,2026-06-30 05:04:30,resolved
2807,2,1,1,5,2026-01-10 17:45:00,2026-01-10 19:15:46,resolved
2808,5,1,2,1,2026-06-05 10:17:00,2026-06-05 11:19:41,resolved
2809,5,4,3,10,2026-01-24 19:21:00,,in_progress
2810,2,2,2,4,2026-03-06 04:28:00,2026-03-06 04:54:36,resolved
2811,5,3,5,2,2026-01-11 18:37:00,2026-01-12 12:05:12,resolved
2812,3,3,2,9,2026-03-30 21:46:00,2026-03-30 22:15:50,resolved
2813,2,1,3,4,2026-02-11 17:54:00,2026-02-11 19:22:04,resolved
2814,2,3,5,7,2026-06-09 18:28:00,2026-06-11 04:54:24,resolved
2815,2,2,2,3,2026-02-28 22:51:00,2026-03-01 09:09:24,resolved
2816,2,3,4,1,2026-03-14 20:54:00,2026-03-14 21:24:21,resolved
2817,1,4,5,8,2026-05-29 13:59:00,,cancelled
2818,1,3,1,10,2026-03-25 16:54:00,2026-03-26 04:02:11,resolved
2819,4,3,5,8,2026-02-28 14:44:00,2026-03-01 16:36:19,resolved
2820,4,3,5,5,2026-05-01 15:00:00,2026-05-01 15:37:07,resolved
2821,4,2,4,8,2026-05-28 17:43:00,2026-05-28 21:24:20,resolved
2822,1,3,4,4,2026-01-05 00:40:00,2026-01-05 19:45:32,resolved
2823,2,1,5,7,2026-02-10 15:49:00,2026-02-10 16:29:19,resolved
2824,3,1,4,7,2026-06-10 23:57:00,,cancelled
2825,5,4,5,10,2026-01-23 15:35:00,,in_progress
2826,4,3,4,10,2026-03-06 12:36:00,2026-03-06 13:06:06,resolved
2827,1,3,1,7,2026-05-05 11:29:00,2026-05-06 16:53:20,resolved
2828,5,2,5,3,2026-02-25 21:08:00,,in_progress
2829,4,3,4,6,2026-04-30 16:21:00,,cancelled
2830,3,4,3,3,2026-04-18 00:17:00,2026-04-20 03:35:15,resolved
2831,2,2,3,9,2026-03-19 12:29:00,2026-03-19 19:49:30,resolved
2832,4,2,3,7,2026-05-12 00:18:00,2026-05-12 06:03:36,resolved
2833,1,1,1,7,2026-02-14 07:27:00,2026-02-14 10:10:05,resolved
2834,4,3,4,1,2026-01-06 09:17:00,2026-01-07 03:01:17,resolved
2835,3,2,4,1,2026-05-17 07:29:00,2026-05-17 14:30:50,resolved
2836,4,2,4,8,2026-03-08 09:37:00,2026-03-08 12:25:07,resolved
2837,4,2,1,5,2026-06-06 02:49:00,2026-06-06 17:20:29,resolved
2838,3,1,5,6,2026-01-13 04:13:00,2026-01-13 05:03:20,resolved
2839,5,2,3,8,2026-04-02 05:12:00,2026-04-02 16:15:13,resolved
2840,1,1,4,1,2026-04-08 18:09:00,2026-04-08 19:27:44,resolved
2841,3,3,5,9,2026-06-30 04:31:00,2026-07-02 02:31:17,resolved
2842,5,4,4,5,2026-05-01 16:01:00,2026-05-02 22:15:57,resolved
2843,3,4,2,1,2026-01-27 05:52:00,,cancelled
2844,3,2,2,6,2026-02-17 13:02:00,2026-02-17 16:35:28,resolved
2845,2,1,4,1,2026-01-08 16:36:00,2026-01-08 20:12:52,resolved
2846,5,3,1,7,2026-01-01 14:54:00,2026-01-01 16:52:00,resolved
2847,5,3,2,7,2026-01-06 11:33:00,2026-01-06 21:12:03,resolved
2848,4,2,2,8,2026-03-11 02:56:00,2026-03-11 07:27:52,resolved
2849,1,2,5,4,2026-06-19 17:11:00,2026-06-19 20:26:54,resolved
2850,2,1,1,6,2026-01-03 18:39:00,2026-01-03 19:37:27,resolved
2851,3,3,2,5,2026-03-24 16:11:00,2026-03-25 06:42:58,resolved
2852,1,3,3,9,2026-02-07 22:09:00,2026-02-08 10:42:50,resolved
2853,2,2,1,10,2026-05-28 06:55:00,2026-05-28 08:14:40,resolved
2854,4,2,5,4,2026-05-25 01:08:00,2026-05-25 02:39:41,resolved
2855,4,3,5,3,2026-05-09 03:35:00,2026-05-09 05:31:03,resolved
2856,5,3,1,5,2026-01-17 22:14:00,2026-01-18 20:25:21,resolved
2857,4,1,3,2,2026-02-12 00:51:00,2026-02-12 02:17:32,resolved
2858,3,1,1,6,2026-03-22 15:31:00,2026-03-22 16:36:16,resolved
2859,2,3,3,9,2026-06-21 01:23:00,2026-06-22 21:51:08,resolved
2860,3,2,1,6,2026-04-16 00:50:00,2026-04-16 08:22:10,resolved
2861,5,3,5,4,2026-05-19 07:54:00,2026-05-20 01:52:12,resolved
2862,2,1,2,7,2026-01-21 13:41:00,2026-01-21 14:22:34,resolved
2863,5,3,3,1,2026-03-30 23:17:00,2026-04-01 16:07:35,resolved
2864,4,2,3,10,2026-05-29 14:45:00,2026-05-29 21:38:57,resolved
2865,1,1,5,8,2026-05-15 11:51:00,2026-05-15 12:42:30,resolved
2866,5,4,5,6,2026-06-03 06:38:00,2026-06-08 03:17:08,resolved
2867,2,3,1,7,2026-02-21 06:54:00,2026-02-21 21:40:09,resolved
2868,4,3,4,6,2026-05-15 23:37:00,2026-05-16 08:40:15,resolved
2869,3,4,3,5,2026-05-31 04:49:00,2026-06-01 05:39:52,resolved
2870,4,2,5,5,2026-06-26 09:55:00,,cancelled
2871,3,2,5,10,2026-03-30 20:00:00,2026-03-31 00:30:31,resolved
2872,1,1,2,4,2026-04-01 20:25:00,2026-04-01 22:15:53,resolved
2873,2,4,2,10,2026-04-25 21:42:00,2026-04-26 00:11:58,resolved
2874,5,4,3,6,2026-06-13 17:56:00,2026-06-15 02:20:21,resolved
2875,4,2,1,5,2026-02-03 04:05:00,2026-02-03 09:40:30,resolved
2876,1,1,5,5,2026-04-04 15:58:00,2026-04-04 17:19:32,resolved
2877,1,3,1,7,2026-06-14 11:38:00,2026-06-15 02:24:35,resolved
2878,3,4,1,3,2026-02-09 16:20:00,2026-02-11 08:00:25,resolved
2879,4,3,2,1,2026-03-21 05:19:00,2026-03-21 20:08:51,resolved
2880,2,1,2,8,2026-02-06 17:39:00,2026-02-06 18:51:16,resolved
2881,3,2,5,8,2026-04-27 01:26:00,2026-04-27 16:47:42,resolved
2882,5,1,2,1,2026-05-10 15:38:00,2026-05-10 17:27:27,resolved
2883,2,2,1,6,2026-05-09 19:17:00,2026-05-09 23:41:30,resolved
2884,5,1,5,6,2026-02-19 17:06:00,2026-02-19 19:47:43,resolved
2885,2,2,2,2,2026-06-02 03:20:00,2026-06-02 10:11:24,resolved
2886,5,4,3,1,2026-03-24 15:19:00,2026-03-25 16:59:58,resolved
2887,1,2,5,4,2026-06-20 07:44:00,2026-06-20 18:06:09,resolved
2888,1,4,4,4,2026-04-26 22:43:00,2026-04-27 23:08:58,resolved
2889,5,2,3,1,2026-04-09 09:41:00,2026-04-09 11:31:50,resolved
2890,2,4,2,3,2026-05-23 01:16:00,,in_progress
2891,1,1,3,5,2026-05-09 00:38:00,2026-05-09 04:25:52,resolved
2892,4,3,5,4,2026-03-06 13:31:00,2026-03-06 18:03:59,resolved
2893,4,1,1,7,2026-01-31 01:45:00,,in_progress
2894,3,4,1,1,2026-02-12 15:28:00,2026-02-17 09:58:09,resolved
2895,2,2,5,2,2026-02-18 10:22:00,2026-02-18 14:18:15,resolved
2896,2,1,3,5,2026-05-20 12:57:00,2026-05-20 13:23:28,resolved
2897,5,1,1,10,2026-05-07 15:15:00,2026-05-07 16:01:41,resolved
2898,3,4,2,10,2026-03-30 07:52:00,2026-03-31 00:56:48,resolved
2899,5,3,1,2,2026-06-19 22:48:00,,cancelled
2900,4,4,4,4,2026-02-19 14:31:00,,cancelled
2901,4,3,3,5,2026-01-14 04:03:00,2026-01-15 14:38:28,resolved
2902,3,3,2,9,2026-01-14 21:01:00,2026-01-15 14:57:43,resolved
2903,2,4,5,5,2026-04-29 04:22:00,2026-04-30 10:56:53,resolved
2904,4,4,1,9,2026-06-10 13:07:00,2026-06-12 19:57:18,resolved
2905,4,1,4,9,2026-03-13 19:32:00,,cancelled
2906,2,3,4,8,2026-01-26 00:22:00,2026-01-26 09:25:53,resolved
2907,3,4,2,10,2026-06-09 02:16:00,2026-06-09 23:39:16,resolved
2908,3,4,5,9,2026-03-02 13:37:00,2026-03-04 06:44:19,resolved
2909,2,1,4,7,2026-03-11 11:45:00,2026-03-11 13:15:54,resolved
2910,4,3,5,3,2026-01-10 23:38:00,2026-01-11 22:04:43,resolved
2911,3,1,2,3,2026-06-22 15:27:00,2026-06-22 16:39:07,resolved
2912,2,2,5,3,2026-02-20 11:02:00,,cancelled
2913,4,4,1,6,2026-06-04 02:36:00,2026-06-05 20:43:08,resolved
2914,3,3,1,4,2026-03-24 12:38:00,2026-03-25 11:00:22,resolved
2915,5,2,1,6,2026-01-18 14:54:00,,in_progress
2916,5,1,2,5,2026-02-28 21:45:00,2026-03-01 01:13:45,resolved
2917,2,4,2,8,2026-04-16 11:44:00,2026-04-17 06:42:32,resolved
2918,4,3,2,9,2026-04-28 09:57:00,2026-04-29 03:01:23,resolved
2919,3,4,5,8,2026-04-10 23:06:00,2026-04-14 06:40:57,resolved
2920,5,4,2,2,2026-06-06 01:29:00,2026-06-07 08:22:48,resolved
2921,2,3,5,4,2026-01-21 15:45:00,2026-01-21 20:32:47,resolved
2922,4,2,1,2,2026-03-03 05:34:00,2026-03-03 08:47:00,resolved
2923,3,4,4,6,2026-06-12 00:52:00,,cancelled
2924,5,1,3,6,2026-04-21 21:47:00,,cancelled
2925,2,2,5,8,2026-06-12 17:10:00,2026-06-13 00:31:12,resolved
2926,3,3,3,5,2026-03-20 14:02:00,2026-03-22 13:20:33,resolved
2927,5,2,5,7,2026-06-29 18:53:00,2026-06-29 23:35:51,resolved
2928,4,3,3,6,2026-02-19 00:07:00,2026-02-20 13:36:10,resolved
2929,3,4,4,8,2026-01-17 04:28:00,2026-01-18 11:08:16,resolved
2930,1,2,3,6,2026-01-18 11:08:00,2026-01-18 15:02:18,resolved
2931,4,1,4,5,2026-03-10 08:19:00,,in_progress
2932,5,2,2,2,2026-01-27 14:09:00,2026-01-28 05:00:35,resolved
2933,2,1,4,8,2026-02-25 11:38:00,2026-02-25 12:29:57,resolved
2934,5,3,1,1,2026-03-28 17:38:00,2026-03-29 09:39:57,resolved
2935,4,1,3,3,2026-03-19 19:56:00,2026-03-19 20:19:09,resolved
2936,4,4,1,5,2026-01-20 03:15:00,2026-01-24 09:55:52,resolved
2937,3,4,2,9,2026-03-06 05:53:00,2026-03-08 04:29:42,resolved
2938,5,1,2,9,2026-04-05 09:18:00,2026-04-05 11:06:00,resolved
2939,3,3,4,5,2026-03-28 04:22:00,,cancelled
2940,2,3,2,4,2026-01-26 12:45:00,2026-01-27 03:21:41,resolved
2941,2,2,4,8,2026-06-25 15:09:00,2026-06-25 21:08:32,resolved
2942,4,3,1,8,2026-01-19 17:09:00,2026-01-20 13:08:45,resolved
2943,1,4,4,1,2026-03-04 00:28:00,2026-03-06 08:12:03,resolved
2944,1,1,5,5,2026-01-20 07:14:00,2026-01-20 09:05:44,resolved
2945,5,4,2,8,2026-06-14 19:50:00,2026-06-15 08:58:33,resolved
2946,1,2,4,8,2026-04-30 11:41:00,2026-04-30 18:02:45,resolved
2947,3,3,1,8,2026-02-02 21:18:00,2026-02-03 13:41:39,resolved
2948,3,3,3,4,2026-01-25 14:11:00,2026-01-26 01:40:14,resolved
2949,5,2,2,7,2026-04-14 11:19:00,2026-04-14 18:20:25,resolved
2950,2,3,3,3,2026-03-22 10:36:00,2026-03-23 04:52:16,resolved
2951,4,3,2,6,2026-01-24 20:12:00,2026-01-25 02:57:32,resolved
2952,2,1,5,9,2026-03-24 10:21:00,2026-03-24 11:00:47,resolved
2953,1,3,4,7,2026-01-16 23:19:00,2026-01-17 03:46:54,resolved
2954,3,3,2,6,2026-03-23 05:54:00,2026-03-23 14:03:33,resolved
2955,4,4,5,8,2026-02-16 09:52:00,2026-02-20 01:08:29,resolved
2956,5,3,3,9,2026-04-04 10:47:00,2026-04-04 18:26:43,resolved
2957,2,2,1,6,2026-04-12 18:46:00,2026-04-12 22:35:36,resolved
2958,4,2,5,10,2026-06-07 19:29:00,2026-06-07 20:30:21,resolved
2959,2,3,4,1,2026-06-16 03:37:00,,cancelled
2960,1,1,4,10,2026-04-01 10:01:00,2026-04-01 13:52:54,resolved
2961,3,2,4,4,2026-04-02 02:29:00,2026-04-02 08:10:56,resolved
2962,3,3,5,6,2026-03-01 05:37:00,,cancelled
2963,2,3,4,4,2026-04-25 18:35:00,2026-04-25 19:30:35,resolved
2964,5,3,2,5,2026-05-28 01:49:00,,in_progress
2965,5,3,3,6,2026-04-19 20:52:00,2026-04-21 17:27:18,resolved
2966,1,1,5,8,2026-02-25 04:01:00,2026-02-25 06:23:45,resolved
2967,5,4,3,1,2026-01-14 21:36:00,2026-01-20 17:40:08,resolved
2968,1,2,5,9,2026-05-14 21:02:00,,cancelled
2969,4,2,1,4,2026-05-24 23:16:00,2026-05-25 04:39:48,resolved
2970,3,4,4,4,2026-02-10 10:47:00,2026-02-14 04:56:49,resolved
2971,1,1,2,1,2026-05-21 09:22:00,2026-05-21 10:06:51,resolved
2972,4,4,5,1,2026-02-10 20:22:00,2026-02-13 01:09:05,resolved
2973,1,3,3,9,2026-04-17 04:54:00,2026-04-18 07:37:40,resolved
2974,3,3,2,8,2026-03-28 07:48:00,2026-03-28 20:27:58,resolved
2975,5,4,3,4,2026-06-13 01:03:00,2026-06-13 03:27:24,resolved
2976,3,4,3,4,2026-01-04 15:51:00,2026-01-09 11:12:06,resolved
2977,2,2,3,4,2026-02-05 22:01:00,,in_progress
2978,2,3,2,5,2026-03-15 21:52:00,2026-03-16 15:14:17,resolved
2979,5,4,1,4,2026-01-04 09:38:00,,cancelled
2980,1,3,2,4,2026-06-12 14:31:00,2026-06-14 01:29:11,resolved
2981,4,3,5,7,2026-02-02 16:03:00,,cancelled
2982,5,3,1,9,2026-02-10 15:08:00,2026-02-11 11:55:01,resolved
2983,5,3,2,4,2026-05-17 23:39:00,2026-05-18 19:21:54,resolved
2984,5,4,3,2,2026-04-24 19:54:00,2026-04-25 04:58:14,resolved
2985,2,1,1,9,2026-05-29 11:59:00,2026-05-29 13:34:30,resolved
2986,5,1,5,2,2026-03-09 20:56:00,2026-03-09 22:47:12,resolved
2987,1,1,2,1,2026-01-09 22:44:00,2026-01-10 00:16:18,resolved
2988,4,4,4,10,2026-01-11 03:14:00,2026-01-13 18:04:58,resolved
2989,5,4,2,6,2026-02-20 16:31:00,2026-02-25 16:30:34,resolved
2990,4,4,1,5,2026-03-09 04:05:00,2026-03-10 21:15:27,resolved
2991,2,1,5,10,2026-06-06 01:50:00,,cancelled
2992,1,4,2,8,2026-06-25 22:58:00,,cancelled
2993,5,4,1,9,2026-01-05 23:23:00,2026-01-07 05:31:02,resolved
2994,5,4,1,1,2026-03-31 00:11:00,2026-03-31 23:12:26,resolved
2995,1,4,3,6,2026-06-23 09:16:00,2026-06-24 07:14:35,resolved
2996,1,4,4,3,2026-02-17 22:11:00,2026-02-19 14:49:35,resolved
2997,1,1,2,1,2026-01-20 08:14:00,2026-01-20 09:51:28,resolved
2998,2,1,4,5,2026-02-24 05:56:00,2026-02-24 06:37:13,resolved
2999,4,4,5,3,2026-01-28 17:27:00,2026-01-31 13:07:44,resolved
3000,2,4,4,5,2026-06-16 16:02:00,2026-06-17 08:58:19,resolved
3001,3,2,2,2,2026-05-20 16:35:00,2026-05-20 21:29:33,resolved
3002,4,2,4,8,2026-02-04 19:12:00,2026-02-04 19:44:45,resolved
3003,5,1,5,5,2026-05-04 20:02:00,2026-05-04 21:10:29,resolved
3004,1,1,3,6,2026-01-28 21:13:00,2026-01-28 22:52:04,resolved
3005,4,2,2,9,2026-04-15 17:34:00,2026-04-15 21:37:13,resolved
3006,3,4,2,3,2026-03-19 21:03:00,2026-03-22 11:41:36,resolved
3007,5,2,1,10,2026-06-10 22:20:00,2026-06-11 02:54:47,resolved
3008,1,2,2,7,2026-01-10 19:25:00,2026-01-11 01:34:01,resolved
3009,4,4,5,5,2026-03-21 13:05:00,2026-03-23 03:38:07,resolved
3010,1,2,1,7,2026-06-09 08:31:00,2026-06-09 15:50:31,resolved
3011,4,3,3,8,2026-03-17 03:08:00,,cancelled
3012,4,1,5,1,2026-06-28 21:18:00,2026-06-28 22:30:31,resolved
3013,4,2,5,5,2026-03-12 01:05:00,2026-03-12 04:24:33,resolved
3014,1,1,1,5,2026-01-26 11:04:00,2026-01-26 12:10:04,resolved
3015,3,3,1,6,2026-06-13 17:00:00,2026-06-14 11:02:48,resolved
3016,1,2,5,5,2026-03-24 18:39:00,2026-03-25 06:59:07,resolved
3017,2,4,4,4,2026-02-04 21:41:00,2026-02-10 04:20:07,resolved
3018,3,4,4,3,2026-05-11 14:10:00,2026-05-15 02:13:50,resolved
3019,3,1,1,10,2026-02-15 18:41:00,2026-02-15 19:22:02,resolved
3020,2,1,5,8,2026-04-08 07:17:00,2026-04-08 08:44:24,resolved
3021,5,4,4,6,2026-04-15 16:05:00,2026-04-17 12:08:52,resolved
3022,5,4,3,1,2026-06-06 08:18:00,2026-06-09 16:33:38,resolved
3023,1,1,1,8,2026-02-05 14:20:00,,cancelled
3024,4,1,1,4,2026-05-24 08:53:00,,cancelled
3025,5,2,2,1,2026-05-25 14:02:00,2026-05-26 05:32:41,resolved
3026,5,4,2,6,2026-04-17 00:08:00,,cancelled
3027,5,1,1,6,2026-05-13 17:56:00,2026-05-13 21:27:11,resolved
3028,3,1,4,3,2026-02-17 14:58:00,2026-02-17 15:50:11,resolved
3029,2,3,4,7,2026-01-20 02:03:00,2026-01-20 08:20:50,resolved
3030,5,3,5,1,2026-03-01 21:05:00,2026-03-02 18:36:36,resolved
3031,3,4,2,4,2026-05-13 12:16:00,2026-05-18 17:59:14,resolved
3032,1,1,4,1,2026-06-24 16:34:00,2026-06-24 17:42:13,resolved
3033,4,2,2,2,2026-05-05 02:12:00,2026-05-05 06:18:57,resolved
3034,2,2,1,7,2026-05-19 14:34:00,2026-05-19 16:46:55,resolved
3035,3,3,5,10,2026-05-02 02:10:00,2026-05-02 08:01:01,resolved
3036,1,3,4,9,2026-05-30 20:03:00,2026-06-01 08:16:29,resolved
3037,4,4,2,2,2026-06-20 19:30:00,2026-06-23 09:15:08,resolved
3038,1,1,4,5,2026-01-20 16:31:00,2026-01-20 19:05:20,resolved
3039,1,1,1,8,2026-01-01 07:19:00,2026-01-01 07:52:12,resolved
3040,2,1,3,7,2026-01-19 17:35:00,2026-01-19 18:42:53,resolved
3041,1,1,3,2,2026-03-15 02:27:00,2026-03-15 04:58:26,resolved
3042,2,1,1,8,2026-04-26 09:38:00,2026-04-26 11:25:28,resolved
3043,4,1,2,3,2026-01-17 00:33:00,2026-01-17 01:15:51,resolved
3044,4,3,1,7,2026-04-01 14:08:00,2026-04-02 23:17:22,resolved
3045,1,2,3,1,2026-06-21 20:58:00,2026-06-21 21:20:38,resolved
3046,4,1,1,6,2026-01-08 07:30:00,2026-01-08 08:28:14,resolved
3047,2,1,3,2,2026-03-31 12:27:00,2026-03-31 13:00:37,resolved
3048,1,4,2,5,2026-03-18 21:55:00,2026-03-20 06:00:27,resolved
3049,5,4,5,4,2026-05-28 03:59:00,2026-05-29 09:18:30,resolved
3050,3,1,4,4,2026-01-13 14:06:00,2026-01-13 14:46:46,resolved
3051,4,2,5,3,2026-04-05 11:19:00,2026-04-05 12:03:54,resolved
3052,1,1,5,7,2026-01-24 09:28:00,2026-01-24 12:37:59,resolved
3053,2,4,2,10,2026-03-22 00:58:00,2026-03-24 14:18:34,resolved
3054,4,1,4,2,2026-04-17 05:16:00,2026-04-17 06:32:21,resolved
3055,4,1,2,3,2026-03-31 02:31:00,2026-03-31 03:55:27,resolved
3056,3,1,4,8,2026-02-20 05:40:00,2026-02-20 06:34:24,resolved
3057,1,1,4,7,2026-05-01 15:36:00,2026-05-01 18:05:29,resolved
3058,5,4,3,8,2026-03-29 11:25:00,2026-03-30 06:42:41,resolved
3059,5,1,1,9,2026-03-16 08:44:00,2026-03-16 09:42:18,resolved
3060,1,2,3,3,2026-04-01 19:07:00,2026-04-02 08:50:35,resolved
3061,4,1,2,5,2026-03-09 18:59:00,2026-03-09 19:27:55,resolved
3062,5,1,1,5,2026-05-14 06:09:00,2026-05-14 07:24:46,resolved
3063,4,4,5,8,2026-03-19 10:01:00,2026-03-21 05:42:49,resolved
3064,1,4,4,1,2026-01-05 19:37:00,,in_progress
3065,3,1,5,1,2026-05-04 03:39:00,2026-05-04 07:05:37,resolved
3066,2,3,2,2,2026-03-14 01:25:00,,in_progress
3067,1,3,4,3,2026-02-27 15:57:00,2026-02-28 10:36:15,resolved
3068,3,3,2,6,2026-02-18 10:51:00,2026-02-18 16:28:36,resolved
3069,2,1,2,8,2026-04-14 20:10:00,,cancelled
3070,5,4,1,8,2026-04-07 14:09:00,2026-04-09 19:01:54,resolved
3071,3,3,2,3,2026-03-01 17:42:00,2026-03-01 23:41:08,resolved
3072,1,4,4,6,2026-03-28 21:49:00,2026-03-29 07:41:30,resolved
3073,5,2,5,9,2026-06-22 18:00:00,2026-06-22 19:36:44,resolved
3074,1,3,5,6,2026-03-02 22:34:00,2026-03-04 11:49:00,resolved
3075,3,1,2,4,2026-01-21 09:09:00,2026-01-21 10:38:06,resolved
3076,4,2,1,5,2026-06-06 11:20:00,2026-06-06 20:12:42,resolved
3077,3,4,1,1,2026-02-05 12:37:00,2026-02-07 09:39:29,resolved
3078,1,2,3,5,2026-06-09 11:35:00,2026-06-09 22:05:50,resolved
3079,2,4,3,4,2026-01-11 06:37:00,2026-01-16 15:33:43,resolved
3080,5,1,5,6,2026-05-22 09:11:00,2026-05-22 09:36:16,resolved
3081,3,1,4,3,2026-06-29 00:13:00,2026-06-29 00:51:10,resolved
3082,5,4,4,4,2026-03-13 07:26:00,2026-03-17 04:01:21,resolved
3083,3,3,5,10,2026-03-10 08:08:00,2026-03-11 05:33:15,resolved
3084,2,4,3,8,2026-01-07 23:54:00,2026-01-13 12:09:32,resolved
3085,3,2,3,7,2026-05-13 18:45:00,2026-05-14 10:12:17,resolved
3086,5,3,1,8,2026-06-27 07:41:00,2026-06-28 16:37:02,resolved
3087,1,1,3,4,2026-04-19 21:44:00,2026-04-19 23:19:50,resolved
3088,5,1,2,10,2026-05-09 06:17:00,2026-05-09 07:51:30,resolved
3089,3,3,2,1,2026-06-07 03:27:00,,cancelled
3090,3,4,1,8,2026-01-19 06:17:00,2026-01-23 01:47:34,resolved
3091,5,4,2,1,2026-01-18 06:12:00,2026-01-19 08:03:26,resolved
3092,5,1,2,3,2026-04-23 01:56:00,2026-04-23 03:02:14,resolved
3093,5,1,2,1,2026-05-18 16:38:00,2026-05-18 20:28:52,resolved
3094,5,1,3,7,2026-01-16 15:10:00,2026-01-16 16:50:55,resolved
3095,3,1,1,2,2026-05-02 00:07:00,2026-05-02 00:38:04,resolved
3096,4,4,3,6,2026-02-12 06:16:00,2026-02-13 04:49:24,resolved
3097,5,4,3,1,2026-01-20 02:59:00,2026-01-20 03:47:47,resolved
3098,2,2,2,5,2026-03-25 23:03:00,,in_progress
3099,5,3,5,7,2026-05-26 09:49:00,,cancelled
3100,1,2,4,5,2026-02-24 05:31:00,2026-02-24 09:26:48,resolved
3101,4,1,3,7,2026-06-07 19:17:00,2026-06-07 20:21:49,resolved
3102,1,3,3,2,2026-04-21 00:14:00,2026-04-21 21:42:34,resolved
3103,3,4,3,10,2026-02-03 14:01:00,2026-02-09 06:26:00,resolved
3104,1,2,4,5,2026-01-04 15:33:00,2026-01-04 22:15:20,resolved
3105,1,1,1,2,2026-05-02 19:49:00,2026-05-02 20:35:44,resolved
3106,2,2,4,1,2026-03-17 19:14:00,2026-03-18 01:42:48,resolved
3107,3,1,1,8,2026-03-25 02:48:00,2026-03-25 03:40:13,resolved
3108,2,3,4,6,2026-03-09 08:07:00,,cancelled
3109,4,4,1,9,2026-06-18 07:00:00,,cancelled
3110,4,2,5,2,2026-03-28 17:53:00,,cancelled
3111,1,2,1,10,2026-06-25 09:39:00,2026-06-25 10:44:00,resolved
3112,1,2,3,8,2026-04-15 03:10:00,2026-04-15 15:43:53,resolved
3113,1,2,5,1,2026-05-19 13:33:00,2026-05-19 13:51:00,resolved
3114,5,2,1,3,2026-06-26 18:27:00,2026-06-26 19:13:05,resolved
3115,4,2,4,1,2026-05-16 13:02:00,,cancelled
3116,1,1,3,10,2026-06-20 16:06:00,2026-06-20 16:56:53,resolved
3117,4,3,2,5,2026-06-01 11:27:00,2026-06-01 20:52:36,resolved
3118,3,4,4,1,2026-01-06 18:06:00,2026-01-09 14:08:23,resolved
3119,1,2,5,3,2026-03-13 11:45:00,2026-03-13 12:48:09,resolved
3120,5,3,4,9,2026-01-16 11:29:00,2026-01-16 19:07:21,resolved
3121,4,4,4,6,2026-01-18 18:56:00,2026-01-23 07:13:48,resolved
3122,2,3,2,9,2026-01-27 22:06:00,2026-01-28 18:30:03,resolved
3123,3,4,1,2,2026-03-20 01:18:00,2026-03-23 15:24:48,resolved
3124,2,3,3,9,2026-06-06 16:12:00,,cancelled
3125,1,4,3,4,2026-02-01 05:38:00,2026-02-03 10:58:18,resolved
3126,2,2,4,3,2026-03-05 15:03:00,2026-03-06 02:20:06,resolved
3127,5,3,5,6,2026-03-30 02:27:00,,cancelled
3128,2,1,2,6,2026-06-26 04:30:00,2026-06-26 07:25:27,resolved
3129,5,3,1,3,2026-06-05 20:41:00,,in_progress
3130,3,3,2,6,2026-05-28 04:24:00,2026-05-28 10:38:38,resolved
3131,1,2,5,2,2026-03-29 20:27:00,2026-03-30 00:42:48,resolved
3132,4,2,2,8,2026-03-24 19:17:00,2026-03-25 01:29:34,resolved
3133,5,4,1,5,2026-04-16 14:27:00,,cancelled
3134,3,3,4,8,2026-04-19 17:16:00,2026-04-19 23:58:16,resolved
3135,4,4,4,1,2026-06-27 21:27:00,,cancelled
3136,1,4,4,10,2026-01-18 08:44:00,2026-01-19 07:20:13,resolved
3137,4,4,2,6,2026-03-17 19:44:00,2026-03-20 09:57:29,resolved
3138,1,2,3,3,2026-01-25 04:25:00,,cancelled
3139,3,2,1,6,2026-01-14 18:56:00,2026-01-14 21:17:52,resolved
3140,3,2,3,3,2026-03-21 16:07:00,2026-03-22 02:57:16,resolved
3141,3,1,4,7,2026-04-27 23:03:00,2026-04-27 23:49:28,resolved
3142,4,1,3,3,2026-05-07 00:18:00,,cancelled
3143,4,4,5,8,2026-06-14 19:11:00,2026-06-15 17:32:24,resolved
3144,5,3,4,6,2026-01-21 18:07:00,2026-01-21 22:47:12,resolved
3145,2,4,3,3,2026-05-03 03:25:00,2026-05-05 09:20:44,resolved
3146,1,2,5,10,2026-01-21 02:33:00,2026-01-21 09:48:56,resolved
3147,3,2,4,10,2026-05-08 17:27:00,2026-05-09 00:44:00,resolved
3148,2,1,1,10,2026-02-23 10:09:00,2026-02-23 11:10:13,resolved
3149,1,4,5,2,2026-03-16 20:21:00,2026-03-18 05:13:30,resolved
3150,3,1,3,1,2026-06-30 11:46:00,2026-06-30 12:36:27,resolved
3151,1,3,5,7,2026-05-01 14:52:00,2026-05-01 16:33:17,resolved
3152,4,3,2,10,2026-05-07 13:52:00,2026-05-07 16:51:30,resolved
3153,5,1,2,10,2026-06-24 22:13:00,2026-06-24 22:41:28,resolved
3154,3,3,5,2,2026-01-29 11:11:00,2026-01-30 19:27:55,resolved
3155,5,4,2,10,2026-05-20 18:59:00,2026-05-21 06:56:22,resolved
3156,1,2,3,9,2026-06-03 06:27:00,2026-06-03 11:39:18,resolved
3157,3,1,2,2,2026-03-18 23:22:00,2026-03-19 03:16:00,resolved
3158,2,4,2,9,2026-04-06 09:29:00,2026-04-08 14:55:34,resolved
3159,1,2,2,3,2026-06-21 09:37:00,2026-06-21 15:25:51,resolved
3160,4,1,5,7,2026-06-05 22:36:00,,cancelled
3161,4,3,2,9,2026-01-02 21:23:00,,cancelled
3162,5,2,3,8,2026-04-14 01:37:00,2026-04-14 07:09:40,resolved
3163,2,2,4,9,2026-03-14 04:54:00,2026-03-14 17:25:48,resolved
3164,5,2,1,7,2026-05-04 18:29:00,2026-05-05 08:58:58,resolved
3165,1,3,3,10,2026-04-24 21:59:00,2026-04-26 08:36:55,resolved
3166,5,1,5,2,2026-01-09 00:40:00,2026-01-09 02:04:04,resolved
3167,1,3,3,5,2026-06-23 05:47:00,2026-06-23 11:39:38,resolved
3168,4,3,3,3,2026-01-12 20:33:00,2026-01-13 02:55:11,resolved
3169,1,4,2,9,2026-03-09 10:28:00,,cancelled
3170,5,3,1,4,2026-02-10 17:20:00,2026-02-10 19:19:44,resolved
3171,1,3,2,2,2026-03-30 08:58:00,2026-03-30 16:35:59,resolved
3172,2,1,4,2,2026-02-05 10:38:00,2026-02-05 12:15:31,resolved
3173,2,2,1,4,2026-05-16 10:09:00,2026-05-16 15:39:28,resolved
3174,4,1,3,7,2026-03-24 07:08:00,2026-03-24 11:01:47,resolved
3175,4,1,4,3,2026-05-08 17:58:00,2026-05-08 18:27:53,resolved
3176,2,1,4,3,2026-01-24 17:27:00,2026-01-24 17:55:47,resolved
3177,4,2,4,6,2026-05-14 20:55:00,2026-05-15 10:15:24,resolved
3178,3,4,5,6,2026-03-26 10:00:00,2026-03-29 06:14:38,resolved
3179,5,1,2,8,2026-05-14 12:53:00,2026-05-14 14:11:53,resolved
3180,5,2,4,3,2026-03-10 00:59:00,2026-03-10 02:43:56,resolved
3181,2,1,2,9,2026-01-01 05:34:00,,cancelled
3182,4,2,5,2,2026-03-22 03:42:00,2026-03-22 10:45:45,resolved
3183,2,1,3,6,2026-01-20 21:57:00,2026-01-20 23:33:26,resolved
3184,5,2,1,2,2026-01-04 06:53:00,2026-01-04 22:12:31,resolved
3185,2,4,5,3,2026-04-24 06:22:00,2026-04-24 10:08:04,resolved
3186,4,1,2,9,2026-04-09 12:49:00,,cancelled
3187,5,2,3,4,2026-06-02 22:15:00,2026-06-03 00:29:55,resolved
3188,2,4,5,9,2026-02-27 13:38:00,2026-03-03 08:44:37,resolved
3189,2,1,5,8,2026-02-12 22:37:00,2026-02-13 02:18:59,resolved
3190,3,3,5,1,2026-03-30 07:33:00,2026-03-30 21:04:14,resolved
3191,2,4,5,10,2026-04-15 04:53:00,,cancelled
3192,1,3,1,6,2026-01-31 20:19:00,2026-02-01 16:18:10,resolved
3193,5,3,3,10,2026-05-17 00:55:00,2026-05-17 07:00:48,resolved
3194,1,2,3,4,2026-06-11 11:06:00,2026-06-11 21:53:33,resolved
3195,5,1,4,5,2026-01-25 11:35:00,2026-01-25 12:37:08,resolved
3196,5,2,5,6,2026-02-19 06:08:00,2026-02-19 10:04:58,resolved
3197,1,1,5,6,2026-02-17 23:22:00,2026-02-18 00:36:12,resolved
3198,4,4,2,6,2026-01-24 13:18:00,,cancelled
3199,4,2,1,8,2026-05-29 19:57:00,2026-05-29 21:03:59,resolved
3200,1,1,5,3,2026-03-07 15:30:00,2026-03-07 17:50:45,resolved
3201,3,4,2,2,2026-04-07 20:58:00,2026-04-10 08:54:57,resolved
3202,1,2,5,2,2026-05-29 08:24:00,,cancelled
3203,2,4,1,4,2026-04-10 14:20:00,2026-04-12 04:04:58,resolved
3204,5,4,4,2,2026-05-10 03:47:00,2026-05-10 14:19:45,resolved
3205,5,1,4,3,2026-06-26 07:08:00,2026-06-26 08:13:11,resolved
3206,5,4,5,2,2026-04-21 04:33:00,2026-04-22 08:21:29,resolved
3207,4,2,1,3,2026-03-15 06:36:00,2026-03-15 07:24:08,resolved
3208,3,4,2,5,2026-04-27 01:25:00,2026-05-02 23:48:51,resolved
3209,4,1,1,4,2026-02-04 23:42:00,2026-02-05 02:23:26,resolved
3210,3,1,1,4,2026-01-20 09:23:00,2026-01-20 09:52:54,resolved
3211,2,1,4,5,2026-03-22 20:34:00,2026-03-22 21:05:54,resolved
3212,5,3,4,6,2026-03-27 20:49:00,2026-03-29 07:16:25,resolved
3213,2,1,2,8,2026-01-10 23:37:00,2026-01-11 00:58:49,resolved
3214,4,1,4,3,2026-04-02 23:04:00,2026-04-03 00:40:46,resolved
3215,2,4,4,5,2026-01-14 02:14:00,2026-01-16 01:36:30,resolved
3216,2,2,2,1,2026-03-28 17:10:00,2026-03-28 20:46:23,resolved
3217,2,1,5,2,2026-05-26 08:20:00,2026-05-26 09:01:16,resolved
3218,1,4,3,5,2026-06-09 04:09:00,2026-06-11 00:25:45,resolved
3219,2,4,2,10,2026-02-05 04:59:00,2026-02-07 07:44:00,resolved
3220,3,3,5,1,2026-01-10 14:28:00,,cancelled
3221,2,2,3,8,2026-05-15 09:34:00,2026-05-15 21:49:28,resolved
3222,2,1,3,9,2026-03-28 02:45:00,2026-03-28 03:14:52,resolved
3223,1,3,1,8,2026-06-16 17:26:00,,cancelled
3224,5,4,2,5,2026-03-18 10:31:00,2026-03-21 04:45:13,resolved
3225,2,3,5,1,2026-04-16 01:50:00,2026-04-16 23:32:33,resolved
3226,5,2,4,7,2026-06-11 14:50:00,,cancelled
3227,4,1,4,7,2026-05-23 15:36:00,2026-05-23 15:54:10,resolved
3228,4,2,1,3,2026-05-07 11:42:00,2026-05-07 12:23:25,resolved
3229,3,3,5,4,2026-02-17 07:41:00,,cancelled
3230,1,1,3,6,2026-06-03 00:54:00,2026-06-03 02:12:19,resolved
3231,4,1,1,1,2026-01-03 14:58:00,2026-01-03 18:25:39,resolved
3232,1,3,2,9,2026-01-21 22:29:00,2026-01-22 02:59:49,resolved
3233,3,4,5,3,2026-06-28 10:03:00,2026-06-29 16:17:20,resolved
3234,4,2,3,5,2026-01-28 03:46:00,2026-01-28 10:28:38,resolved
3235,3,2,2,9,2026-06-16 23:20:00,2026-06-17 04:03:46,resolved
3236,5,2,3,9,2026-04-17 04:29:00,2026-04-17 19:59:11,resolved
3237,2,4,2,10,2026-03-03 06:40:00,2026-03-03 16:34:20,resolved
3238,5,1,1,1,2026-04-22 07:08:00,2026-04-22 07:53:50,resolved
3239,3,3,4,5,2026-02-16 14:04:00,2026-02-17 00:50:38,resolved
3240,1,2,4,9,2026-02-17 16:20:00,2026-02-18 05:58:48,resolved
3241,5,2,4,2,2026-05-25 01:36:00,,cancelled
3242,5,3,2,3,2026-02-10 13:21:00,2026-02-11 19:38:03,resolved
3243,4,4,2,2,2026-05-06 21:05:00,,cancelled
3244,3,1,1,8,2026-03-07 08:08:00,2026-03-07 09:07:38,resolved
3245,2,2,2,10,2026-03-11 10:10:00,2026-03-11 11:39:35,resolved
3246,3,3,5,1,2026-05-08 02:26:00,2026-05-08 05:08:52,resolved
3247,4,2,4,9,2026-06-16 04:42:00,,in_progress
3248,2,3,5,5,2026-04-24 05:40:00,2026-04-24 11:11:36,resolved
3249,4,3,5,2,2026-03-31 09:03:00,2026-04-01 10:23:33,resolved
3250,1,4,1,4,2026-04-27 00:03:00,2026-04-29 16:22:17,resolved
3251,4,4,2,8,2026-05-05 02:27:00,2026-05-06 02:21:15,resolved
3252,5,3,1,2,2026-06-23 23:00:00,,cancelled
3253,2,4,3,3,2026-01-13 03:52:00,2026-01-15 04:52:20,resolved
3254,1,1,1,4,2026-01-09 14:20:00,2026-01-09 15:40:18,resolved
3255,2,4,2,4,2026-05-06 01:25:00,2026-05-06 04:21:17,resolved
3256,2,4,1,8,2026-04-11 03:03:00,2026-04-13 18:15:50,resolved
3257,1,1,4,8,2026-02-14 08:46:00,2026-02-14 10:00:11,resolved
3258,4,3,2,1,2026-05-27 20:43:00,2026-05-28 04:56:44,resolved
3259,4,3,5,4,2026-04-25 00:05:00,2026-04-25 07:06:10,resolved
3260,2,2,5,4,2026-03-11 13:40:00,,in_progress
3261,1,4,1,1,2026-05-03 11:07:00,2026-05-05 14:30:02,resolved
3262,2,1,5,5,2026-03-30 23:02:00,2026-03-31 00:45:36,resolved
3263,1,1,1,4,2026-01-14 09:50:00,,in_progress
3264,3,3,1,3,2026-05-20 02:14:00,2026-05-21 22:22:57,resolved
3265,2,4,2,1,2026-02-26 18:04:00,2026-02-28 01:21:55,resolved
3266,1,4,1,8,2026-04-10 19:03:00,2026-04-12 18:36:36,resolved
3267,4,4,2,3,2026-03-14 06:53:00,2026-03-17 03:00:41,resolved
3268,1,2,2,4,2026-05-07 10:39:00,2026-05-07 14:22:23,resolved
3269,3,3,4,6,2026-05-24 08:59:00,2026-05-25 11:58:15,resolved
3270,1,2,5,1,2026-03-16 05:07:00,2026-03-16 07:41:26,resolved
3271,3,3,5,9,2026-02-19 17:47:00,2026-02-20 23:04:19,resolved
3272,3,4,4,8,2026-03-04 00:00:00,2026-03-04 15:49:17,resolved
3273,4,1,1,1,2026-06-26 09:50:00,2026-06-26 11:21:49,resolved
3274,1,4,1,4,2026-01-25 15:44:00,2026-01-27 09:18:28,resolved
3275,2,3,4,7,2026-03-25 20:30:00,,cancelled
3276,2,2,4,6,2026-06-30 12:56:00,2026-06-30 13:57:36,resolved
3277,2,1,3,3,2026-03-20 14:08:00,2026-03-20 15:20:52,resolved
3278,3,4,4,2,2026-02-26 04:12:00,2026-02-27 19:47:16,resolved
3279,5,3,5,2,2026-06-08 22:55:00,2026-06-10 06:32:49,resolved
3280,1,1,1,8,2026-01-08 11:34:00,2026-01-08 12:12:10,resolved
3281,2,2,3,6,2026-02-04 19:00:00,2026-02-05 05:29:06,resolved
3282,4,3,2,1,2026-03-31 07:50:00,2026-03-31 21:10:38,resolved
3283,1,4,3,8,2026-06-30 00:15:00,2026-07-02 18:02:14,resolved
3284,2,3,3,2,2026-04-08 17:02:00,,cancelled
3285,5,1,2,6,2026-06-05 02:20:00,2026-06-05 03:55:30,resolved
3286,3,3,5,6,2026-06-28 06:30:00,2026-06-28 19:19:40,resolved
3287,1,2,2,8,2026-04-10 02:31:00,2026-04-10 11:21:59,resolved
3288,3,1,1,10,2026-02-17 21:51:00,2026-02-17 22:42:39,resolved
3289,1,4,1,8,2026-04-29 20:53:00,2026-05-02 07:14:22,resolved
3290,4,4,2,7,2026-01-06 08:54:00,,cancelled
3291,4,3,3,2,2026-03-21 05:16:00,2026-03-21 12:50:33,resolved
3292,2,3,2,3,2026-06-25 12:42:00,2026-06-27 00:45:47,resolved
3293,5,1,3,7,2026-02-23 04:20:00,2026-02-23 05:12:41,resolved
3294,3,1,4,4,2026-03-22 20:21:00,2026-03-22 21:49:37,resolved
3295,5,3,3,8,2026-02-09 05:19:00,2026-02-09 16:56:54,resolved
3296,3,4,4,8,2026-02-17 05:04:00,2026-02-21 12:31:40,resolved
3297,4,3,5,2,2026-03-11 19:16:00,2026-03-11 21:33:28,resolved
3298,4,4,5,7,2026-03-20 15:26:00,2026-03-22 13:28:18,resolved
3299,2,4,3,10,2026-01-29 23:31:00,2026-01-31 21:34:51,resolved
3300,3,2,3,8,2026-06-07 07:50:00,,cancelled
3301,4,2,3,4,2026-05-17 04:51:00,2026-05-17 06:10:59,resolved
3302,1,1,4,8,2026-06-21 06:31:00,2026-06-21 08:11:12,resolved
3303,1,3,3,3,2026-03-12 09:16:00,,cancelled
3304,4,3,5,7,2026-04-01 10:25:00,2026-04-01 22:18:26,resolved
3305,5,4,3,5,2026-04-07 02:05:00,2026-04-07 07:40:20,resolved
3306,1,1,5,4,2026-01-29 05:40:00,,cancelled
3307,4,4,1,9,2026-03-22 06:14:00,2026-03-22 22:48:12,resolved
3308,1,4,4,7,2026-04-22 08:06:00,2026-04-25 01:20:09,resolved
3309,1,1,2,4,2026-02-08 12:44:00,,in_progress
3310,3,4,1,3,2026-05-09 17:21:00,2026-05-11 22:02:32,resolved
3311,1,3,1,2,2026-01-10 18:09:00,2026-01-11 14:39:00,resolved
3312,2,4,4,2,2026-05-02 17:14:00,2026-05-08 02:30:23,resolved
3313,4,2,1,10,2026-02-25 04:22:00,2026-02-25 06:49:57,resolved
3314,5,3,4,10,2026-01-09 07:53:00,2026-01-09 16:03:02,resolved
3315,2,1,2,7,2026-02-02 03:35:00,,cancelled
3316,4,2,2,3,2026-02-05 10:12:00,2026-02-05 16:36:43,resolved
3317,4,2,3,3,2026-01-16 22:23:00,2026-01-17 05:49:48,resolved
3318,5,1,4,6,2026-05-09 09:20:00,2026-05-09 09:50:25,resolved
3319,3,1,1,4,2026-05-11 05:08:00,2026-05-11 05:30:55,resolved
3320,4,3,2,7,2026-05-03 18:51:00,2026-05-05 01:31:24,resolved
3321,1,4,2,9,2026-02-12 04:35:00,,in_progress
3322,1,1,5,4,2026-06-03 06:33:00,2026-06-03 07:23:34,resolved
3323,2,1,3,8,2026-05-05 01:57:00,2026-05-05 03:44:43,resolved
3324,3,3,5,10,2026-02-17 01:56:00,2026-02-17 17:06:51,resolved
3325,1,3,4,9,2026-06-13 19:23:00,2026-06-14 01:09:28,resolved
3326,4,3,2,7,2026-01-05 19:39:00,2026-01-06 01:07:15,resolved
3327,5,2,5,4,2026-05-03 19:58:00,2026-05-04 09:10:40,resolved
3328,2,2,3,9,2026-02-24 01:21:00,2026-02-24 05:50:45,resolved
3329,4,4,3,9,2026-05-16 15:44:00,2026-05-18 19:34:46,resolved
3330,4,3,2,3,2026-03-22 06:13:00,2026-03-22 17:39:19,resolved
3331,2,3,4,2,2026-03-31 07:33:00,2026-03-31 21:24:39,resolved
3332,4,3,1,5,2026-03-02 06:32:00,,in_progress
3333,5,2,2,7,2026-06-05 19:15:00,2026-06-06 11:11:14,resolved
3334,1,2,4,9,2026-03-31 12:04:00,2026-03-31 13:56:08,resolved
3335,4,1,1,10,2026-03-28 09:46:00,2026-03-28 11:39:37,resolved
3336,5,1,1,10,2026-04-05 23:36:00,2026-04-06 00:58:57,resolved
3337,1,2,2,9,2026-05-22 16:07:00,2026-05-22 22:34:50,resolved
3338,1,4,4,6,2026-01-29 10:01:00,,cancelled
3339,2,2,1,2,2026-01-08 03:20:00,2026-01-08 09:04:00,resolved
3340,1,3,1,6,2026-03-13 21:51:00,2026-03-15 04:10:23,resolved
3341,3,3,5,7,2026-03-19 16:20:00,2026-03-20 14:09:37,resolved
3342,1,4,1,4,2026-04-01 19:26:00,2026-04-03 07:03:25,resolved
3343,4,2,1,9,2026-03-13 23:20:00,2026-03-14 02:15:08,resolved
3344,5,1,5,4,2026-05-21 03:17:00,2026-05-21 04:33:22,resolved
3345,1,1,3,2,2026-04-21 02:23:00,2026-04-21 02:53:06,resolved
3346,5,4,1,5,2026-03-06 02:04:00,2026-03-09 23:02:40,resolved
3347,1,1,5,7,2026-02-04 01:25:00,2026-02-04 01:56:10,resolved
3348,5,3,1,8,2026-03-19 00:00:00,2026-03-19 01:02:19,resolved
3349,3,3,2,9,2026-02-18 09:37:00,2026-02-18 15:41:21,resolved
3350,4,1,4,1,2026-01-03 04:03:00,2026-01-03 05:25:13,resolved
3351,2,2,3,8,2026-03-10 01:23:00,2026-03-10 02:12:54,resolved
3352,4,4,4,10,2026-05-06 07:06:00,2026-05-09 00:41:29,resolved
3353,1,4,3,6,2026-05-05 21:05:00,,cancelled
3354,5,1,1,1,2026-03-12 16:32:00,,cancelled
3355,1,4,1,1,2026-01-14 22:21:00,2026-01-16 15:05:05,resolved
3356,3,4,2,8,2026-01-25 16:19:00,,cancelled
3357,5,1,3,10,2026-06-04 16:40:00,,cancelled
3358,3,4,4,6,2026-03-19 13:48:00,2026-03-22 01:02:44,resolved
3359,3,3,5,9,2026-02-17 11:32:00,2026-02-18 22:04:56,resolved
3360,5,3,1,6,2026-02-03 16:01:00,2026-02-05 11:28:45,resolved
3361,2,4,2,9,2026-04-02 02:37:00,2026-04-03 05:57:50,resolved
3362,3,2,1,5,2026-01-24 17:37:00,2026-01-25 03:10:01,resolved
3363,1,4,1,1,2026-01-01 19:14:00,2026-01-01 22:57:12,resolved
3364,5,4,3,10,2026-03-17 18:10:00,2026-03-20 03:50:25,resolved
3365,1,1,2,8,2026-05-18 15:16:00,2026-05-18 19:08:38,resolved
3366,1,4,3,6,2026-05-07 12:26:00,2026-05-09 22:52:32,resolved
3367,2,2,4,6,2026-03-24 07:21:00,2026-03-24 08:48:08,resolved
3368,1,3,5,4,2026-01-25 14:16:00,2026-01-26 01:11:11,resolved
3369,3,4,4,9,2026-01-10 04:24:00,2026-01-10 09:34:50,resolved
3370,1,1,5,8,2026-01-20 22:13:00,2026-01-20 23:53:14,resolved
3371,1,3,4,3,2026-05-02 04:47:00,2026-05-02 11:22:38,resolved
3372,3,1,3,9,2026-02-02 14:22:00,,in_progress
3373,1,3,1,3,2026-05-31 04:22:00,2026-05-31 13:50:36,resolved
3374,1,4,2,5,2026-06-15 00:44:00,2026-06-19 18:10:48,resolved
3375,5,4,1,8,2026-05-18 10:13:00,2026-05-24 05:56:02,resolved
3376,5,1,2,3,2026-05-20 14:04:00,2026-05-20 15:31:39,resolved
3377,4,3,1,2,2026-03-19 09:06:00,2026-03-20 00:49:36,resolved
3378,1,3,4,7,2026-06-22 13:26:00,2026-06-22 16:42:06,resolved
3379,1,4,2,10,2026-04-06 14:23:00,,cancelled
3380,4,4,3,6,2026-02-04 03:44:00,,cancelled
3381,2,3,5,5,2026-03-14 21:50:00,2026-03-15 15:53:12,resolved
3382,3,1,2,6,2026-04-29 18:19:00,2026-04-29 19:21:34,resolved
3383,3,4,3,8,2026-05-08 08:05:00,2026-05-10 03:28:51,resolved
3384,5,1,2,5,2026-05-26 04:14:00,2026-05-26 05:13:46,resolved
3385,3,3,4,10,2026-05-12 09:48:00,2026-05-13 00:54:18,resolved
3386,2,2,4,3,2026-06-21 11:43:00,2026-06-21 16:10:37,resolved
3387,2,4,1,5,2026-03-10 21:14:00,2026-03-11 03:25:37,resolved
3388,2,3,5,3,2026-01-27 08:01:00,2026-01-28 01:48:31,resolved
3389,5,1,3,10,2026-03-02 04:54:00,2026-03-02 08:48:51,resolved
3390,3,2,5,7,2026-02-18 14:49:00,2026-02-18 19:54:43,resolved
3391,4,3,1,8,2026-02-08 09:08:00,2026-02-08 20:31:51,resolved
3392,5,4,1,8,2026-03-15 13:44:00,2026-03-20 11:14:39,resolved
3393,3,1,2,10,2026-02-16 20:34:00,2026-02-16 21:24:45,resolved
3394,1,4,4,1,2026-01-15 20:33:00,2026-01-21 10:57:01,resolved
3395,1,2,5,3,2026-06-07 09:43:00,,cancelled
3396,3,3,1,2,2026-02-09 20:49:00,2026-02-10 14:19:23,resolved
3397,3,2,1,6,2026-02-11 13:32:00,2026-02-11 19:50:29,resolved
3398,1,2,2,10,2026-01-28 19:15:00,2026-01-29 01:12:27,resolved
3399,2,2,5,8,2026-03-03 19:44:00,2026-03-03 21:56:14,resolved
3400,3,1,5,8,2026-03-08 08:50:00,,cancelled
3401,2,3,2,9,2026-05-11 20:37:00,2026-05-12 02:17:10,resolved
3402,5,1,1,2,2026-02-27 02:32:00,2026-02-27 04:40:00,resolved
3403,1,2,1,10,2026-05-16 21:46:00,2026-05-17 00:09:21,resolved
3404,4,1,4,7,2026-02-04 21:44:00,2026-02-04 23:34:47,resolved
3405,5,1,4,10,2026-01-22 09:40:00,,cancelled
3406,4,3,3,2,2026-06-03 10:36:00,2026-06-03 23:10:41,resolved
3407,5,1,1,3,2026-04-23 18:56:00,2026-04-23 20:01:41,resolved
3408,5,2,2,9,2026-03-11 22:54:00,2026-03-12 02:26:11,resolved
3409,2,4,3,3,2026-01-31 17:03:00,2026-02-05 00:03:10,resolved
3410,4,2,5,9,2026-01-27 20:48:00,,in_progress
3411,5,2,3,6,2026-05-09 06:54:00,2026-05-09 10:05:52,resolved
3412,5,3,3,4,2026-06-16 21:50:00,,in_progress
3413,1,4,2,9,2026-03-06 06:15:00,2026-03-06 22:08:43,resolved
3414,4,3,3,4,2026-04-02 13:21:00,2026-04-04 13:17:56,resolved
3415,1,4,2,7,2026-05-18 17:13:00,2026-05-19 05:27:26,resolved
3416,5,1,5,8,2026-01-31 01:13:00,2026-01-31 01:43:45,resolved
3417,2,4,4,3,2026-04-14 12:53:00,2026-04-14 21:18:53,resolved
3418,3,4,1,5,2026-01-10 22:02:00,2026-01-12 05:04:47,resolved
3419,1,4,5,6,2026-04-25 21:01:00,,cancelled
3420,5,2,4,4,2026-01-26 10:53:00,2026-01-26 21:03:27,resolved
3421,5,3,2,2,2026-02-08 10:22:00,2026-02-09 23:28:57,resolved
3422,5,1,1,9,2026-03-10 08:30:00,2026-03-10 09:04:48,resolved
3423,3,1,2,2,2026-02-23 00:57:00,,cancelled
3424,3,1,5,6,2026-04-18 19:06:00,2026-04-18 20:48:36,resolved
3425,4,4,4,1,2026-02-15 00:27:00,2026-02-15 15:51:55,resolved
3426,5,4,5,4,2026-02-08 06:38:00,2026-02-10 19:06:35,resolved
3427,1,3,5,2,2026-03-01 04:15:00,2026-03-01 17:29:11,resolved
3428,1,2,1,1,2026-01-17 15:15:00,2026-01-17 16:16:48,resolved
3429,1,4,3,10,2026-02-23 08:03:00,2026-02-24 00:59:20,resolved
3430,2,1,5,5,2026-03-28 22:11:00,2026-03-28 23:59:57,resolved
3431,1,3,4,6,2026-01-06 07:11:00,2026-01-07 00:13:09,resolved
3432,3,4,3,6,2026-01-17 12:11:00,,cancelled
3433,5,2,3,7,2026-05-30 20:13:00,2026-05-30 23:23:50,resolved
3434,2,4,2,10,2026-05-12 00:22:00,2026-05-13 19:58:06,resolved
3435,3,2,4,10,2026-03-02 02:19:00,,in_progress
3436,1,4,3,7,2026-06-01 11:53:00,2026-06-03 09:05:29,resolved
3437,4,2,4,7,2026-02-20 08:26:00,2026-02-20 13:11:03,resolved
3438,1,2,2,3,2026-05-22 20:08:00,2026-05-23 00:45:50,resolved
3439,2,1,4,5,2026-04-26 20:50:00,2026-04-26 21:28:22,resolved
3440,1,4,1,9,2026-02-24 02:25:00,,in_progress
3441,4,4,2,5,2026-01-11 16:16:00,2026-01-16 01:07:08,resolved
3442,4,4,5,5,2026-05-22 02:20:00,2026-05-23 13:13:22,resolved
3443,5,3,3,8,2026-01-27 10:02:00,2026-01-29 09:32:37,resolved
3444,1,3,5,8,2026-05-02 04:25:00,2026-05-03 01:49:30,resolved
3445,3,4,4,5,2026-01-02 09:35:00,2026-01-02 19:56:10,resolved
3446,2,2,5,3,2026-06-17 17:28:00,2026-06-17 19:21:58,resolved
3447,3,3,5,10,2026-03-24 02:30:00,2026-03-25 10:06:02,resolved
3448,5,1,1,2,2026-06-15 12:15:00,2026-06-15 13:42:09,resolved
3449,2,2,3,1,2026-04-01 08:47:00,2026-04-01 10:02:38,resolved
3450,1,3,3,1,2026-05-04 10:48:00,,in_progress
3451,1,3,1,7,2026-06-02 16:19:00,2026-06-02 20:19:16,resolved
3452,1,3,3,9,2026-04-10 14:30:00,2026-04-11 20:02:29,resolved
3453,5,3,4,7,2026-01-31 03:00:00,2026-01-31 22:35:08,resolved
3454,2,1,5,9,2026-04-21 09:58:00,2026-04-21 11:26:14,resolved
3455,4,4,5,9,2026-06-06 00:41:00,,cancelled
3456,2,4,4,8,2026-03-22 16:15:00,,in_progress
3457,3,4,1,5,2026-05-03 06:04:00,2026-05-06 11:40:06,resolved
3458,4,2,4,2,2026-02-26 04:45:00,,cancelled
3459,2,1,3,5,2026-01-07 01:43:00,,cancelled
3460,2,2,3,5,2026-04-05 10:15:00,2026-04-05 13:12:24,resolved
3461,4,3,1,10,2026-01-25 04:44:00,,cancelled
3462,1,2,4,4,2026-02-28 15:59:00,2026-02-28 20:47:48,resolved
3463,1,1,4,5,2026-05-10 08:06:00,2026-05-10 09:37:24,resolved
3464,4,2,2,1,2026-01-26 15:18:00,2026-01-26 23:48:59,resolved
3465,3,1,3,9,2026-06-29 03:51:00,2026-06-29 05:01:21,resolved
3466,3,3,1,8,2026-02-09 14:55:00,2026-02-10 04:09:02,resolved
3467,1,2,2,10,2026-05-28 19:19:00,2026-05-29 00:10:15,resolved
3468,2,1,3,6,2026-02-11 08:42:00,2026-02-11 09:16:00,resolved
3469,3,1,2,6,2026-01-24 16:59:00,2026-01-24 18:51:36,resolved
3470,4,3,3,4,2026-05-28 10:54:00,2026-05-28 12:56:55,resolved
3471,4,2,2,6,2026-01-14 16:16:00,2026-01-14 19:08:40,resolved
3472,3,1,1,2,2026-06-18 04:35:00,2026-06-18 06:18:00,resolved
3473,5,4,1,10,2026-06-22 12:35:00,2026-06-24 05:28:07,resolved
3474,5,2,1,1,2026-01-03 12:27:00,2026-01-03 14:17:00,resolved
3475,2,4,3,5,2026-02-13 22:16:00,2026-02-14 07:02:51,resolved
3476,5,2,3,7,2026-05-02 11:48:00,2026-05-02 16:30:52,resolved
3477,2,2,2,3,2026-04-06 00:34:00,2026-04-06 01:25:32,resolved
3478,5,2,4,9,2026-03-15 22:22:00,2026-03-16 03:51:45,resolved
3479,1,3,3,8,2026-01-20 09:23:00,2026-01-20 12:02:01,resolved
3480,1,1,3,6,2026-03-11 01:27:00,2026-03-11 03:17:15,resolved
3481,1,4,1,5,2026-04-13 17:19:00,2026-04-15 23:54:00,resolved
3482,1,3,4,8,2026-03-29 02:00:00,2026-03-29 03:14:04,resolved
3483,3,4,3,1,2026-02-06 07:29:00,2026-02-06 23:01:17,resolved
3484,5,1,1,3,2026-03-19 00:46:00,2026-03-19 01:58:22,resolved
3485,2,1,3,9,2026-04-01 03:38:00,2026-04-01 05:09:39,resolved
3486,5,3,2,3,2026-02-03 20:35:00,2026-02-04 18:27:29,resolved
3487,3,2,1,7,2026-03-21 12:16:00,,cancelled
3488,2,3,5,8,2026-04-01 17:01:00,2026-04-03 07:17:43,resolved
3489,2,2,2,6,2026-04-29 12:38:00,2026-04-30 03:56:12,resolved
3490,4,2,1,9,2026-02-16 20:21:00,,cancelled
3491,2,2,5,2,2026-02-19 19:36:00,,in_progress
3492,5,2,4,8,2026-02-26 17:11:00,2026-02-26 21:06:49,resolved
3493,3,1,4,1,2026-03-22 07:07:00,2026-03-22 07:28:29,resolved
3494,2,1,1,6,2026-06-08 14:16:00,,cancelled
3495,5,3,4,9,2026-01-20 12:04:00,,in_progress
3496,1,4,2,10,2026-05-27 20:20:00,2026-05-30 10:52:13,resolved
3497,4,1,2,4,2026-04-14 06:58:00,,in_progress
3498,3,4,5,8,2026-06-02 17:01:00,2026-06-04 07:42:01,resolved
3499,2,2,3,2,2026-04-27 02:40:00,2026-04-27 16:31:48,resolved
3500,4,4,1,9,2026-04-01 17:33:00,2026-04-02 15:34:39,resolved
3501,3,1,1,6,2026-02-25 21:48:00,,in_progress
3502,2,3,1,1,2026-01-22 17:22:00,2026-01-23 01:32:02,resolved
3503,2,1,3,7,2026-02-19 00:02:00,2026-02-19 00:34:31,resolved
3504,2,4,5,4,2026-04-19 13:29:00,2026-04-20 08:49:42,resolved
3505,2,4,5,4,2026-02-12 02:12:00,2026-02-14 05:25:43,resolved
3506,5,4,1,5,2026-03-28 05:06:00,2026-04-01 23:29:24,resolved
3507,2,2,2,5,2026-01-30 20:39:00,,cancelled
3508,1,4,3,5,2026-03-28 11:41:00,2026-03-30 09:57:59,resolved
3509,1,3,4,10,2026-06-07 03:15:00,2026-06-07 11:12:42,resolved
3510,5,1,2,7,2026-04-24 21:03:00,2026-04-24 23:56:44,resolved
3511,5,2,2,10,2026-01-19 18:43:00,2026-01-20 00:47:23,resolved
3512,4,2,2,6,2026-01-03 10:07:00,2026-01-03 13:58:53,resolved
3513,1,2,1,7,2026-04-22 09:13:00,2026-04-22 11:37:11,resolved
3514,4,2,4,3,2026-05-06 23:35:00,2026-05-07 01:56:58,resolved
3515,4,1,3,3,2026-01-23 00:28:00,2026-01-23 01:41:50,resolved
3516,4,4,3,6,2026-04-22 20:09:00,2026-04-23 12:35:44,resolved
3517,4,1,5,3,2026-06-04 05:59:00,2026-06-04 07:21:14,resolved
3518,3,1,5,10,2026-06-07 17:31:00,2026-06-07 18:14:26,resolved
3519,1,3,4,2,2026-05-01 04:07:00,,cancelled
3520,5,1,2,9,2026-03-07 17:16:00,2026-03-07 19:00:59,resolved
3521,3,1,3,4,2026-05-17 15:39:00,2026-05-17 17:20:12,resolved
3522,1,1,4,9,2026-02-18 05:58:00,2026-02-18 06:29:59,resolved
3523,5,2,5,7,2026-01-01 00:43:00,,cancelled
3524,4,3,3,6,2026-05-07 17:33:00,2026-05-07 18:09:28,resolved
3525,5,3,5,8,2026-01-10 04:34:00,2026-01-10 10:13:41,resolved
3526,5,4,4,2,2026-03-06 05:12:00,2026-03-06 13:58:58,resolved
3527,4,3,3,4,2026-04-17 22:59:00,2026-04-18 07:53:46,resolved
3528,3,3,5,4,2026-06-21 15:57:00,,cancelled
3529,1,2,1,5,2026-06-25 10:38:00,,in_progress
3530,4,3,3,4,2026-01-24 05:42:00,2026-01-24 17:08:27,resolved
3531,1,1,3,5,2026-06-04 01:31:00,,in_progress
3532,1,1,2,5,2026-02-17 02:38:00,2026-02-17 04:09:34,resolved
3533,1,3,3,8,2026-05-15 05:37:00,2026-05-15 08:53:29,resolved
3534,4,2,4,7,2026-01-14 05:07:00,2026-01-14 11:21:28,resolved
3535,2,4,3,10,2026-02-03 03:54:00,2026-02-04 06:35:17,resolved
3536,4,4,3,8,2026-01-10 06:54:00,2026-01-13 01:16:29,resolved
3537,5,2,2,10,2026-03-25 09:19:00,2026-03-25 16:10:12,resolved
3538,3,4,1,8,2026-03-18 22:26:00,2026-03-21 01:29:41,resolved
3539,1,3,2,5,2026-05-07 08:01:00,2026-05-08 05:17:03,resolved
3540,4,2,4,5,2026-02-24 21:59:00,2026-02-25 02:55:09,resolved
3541,1,1,1,9,2026-02-16 06:04:00,2026-02-16 09:59:01,resolved
3542,3,2,3,8,2026-05-21 10:57:00,2026-05-22 01:42:54,resolved
3543,3,1,2,7,2026-05-14 22:47:00,2026-05-14 23:40:21,resolved
3544,2,3,2,9,2026-03-26 09:36:00,2026-03-26 11:59:01,resolved
3545,1,1,4,4,2026-03-22 18:03:00,2026-03-22 19:45:31,resolved
3546,1,4,1,4,2026-02-02 03:49:00,2026-02-02 07:30:07,resolved
3547,2,4,1,2,2026-04-01 07:51:00,2026-04-02 05:27:34,resolved
3548,5,2,1,2,2026-03-22 15:43:00,2026-03-22 22:03:21,resolved
3549,5,2,1,7,2026-02-22 07:30:00,2026-02-22 11:44:40,resolved
3550,2,3,5,7,2026-05-06 06:50:00,2026-05-07 16:41:17,resolved
3551,4,4,4,3,2026-04-06 23:42:00,2026-04-07 07:56:25,resolved
3552,2,4,4,4,2026-05-05 22:52:00,2026-05-06 22:57:48,resolved
3553,1,2,1,9,2026-05-14 13:35:00,2026-05-14 18:01:17,resolved
3554,1,4,4,8,2026-03-28 11:02:00,2026-03-29 20:31:15,resolved
3555,4,2,2,9,2026-03-27 10:52:00,2026-03-27 13:27:33,resolved
3556,5,4,2,1,2026-04-24 13:29:00,,cancelled
3557,5,2,5,3,2026-04-18 10:36:00,2026-04-18 11:53:01,resolved
3558,3,3,4,10,2026-01-30 07:16:00,2026-01-31 03:46:39,resolved
3559,2,1,5,3,2026-05-27 11:45:00,,cancelled
3560,5,4,2,8,2026-04-20 04:29:00,2026-04-21 09:09:21,resolved
3561,4,3,4,8,2026-05-21 07:49:00,2026-05-21 15:29:55,resolved
3562,5,4,4,7,2026-03-28 04:54:00,2026-03-29 01:27:29,resolved
3563,4,1,2,3,2026-04-03 12:02:00,,in_progress
3564,4,3,5,5,2026-04-29 07:21:00,2026-04-30 00:37:31,resolved
3565,5,3,5,3,2026-02-21 10:39:00,2026-02-22 04:20:23,resolved
3566,2,2,1,8,2026-02-15 07:55:00,2026-02-15 12:04:51,resolved
3567,5,3,5,7,2026-04-20 22:16:00,,cancelled
3568,3,1,4,1,2026-04-17 18:15:00,2026-04-17 18:34:41,resolved
3569,3,4,2,9,2026-05-27 10:17:00,,cancelled
3570,1,1,5,8,2026-03-05 22:08:00,2026-03-05 22:28:53,resolved
3571,4,4,4,7,2026-04-05 08:34:00,2026-04-10 10:22:54,resolved
3572,3,4,5,10,2026-06-18 17:36:00,2026-06-20 13:38:46,resolved
3573,5,1,1,1,2026-02-07 07:50:00,2026-02-07 09:05:32,resolved
3574,3,4,5,10,2026-04-04 10:19:00,2026-04-05 14:14:32,resolved
3575,4,3,3,5,2026-01-02 17:01:00,2026-01-02 22:57:22,resolved
3576,2,1,1,6,2026-05-21 01:49:00,2026-05-21 04:19:48,resolved
3577,2,4,3,9,2026-05-29 15:08:00,2026-05-31 02:10:34,resolved
3578,1,1,4,5,2026-05-28 00:28:00,,in_progress
3579,3,4,4,3,2026-01-25 01:02:00,2026-01-28 22:11:34,resolved
3580,1,3,4,9,2026-03-22 08:02:00,2026-03-22 09:34:49,resolved
3581,4,2,3,2,2026-03-13 00:22:00,2026-03-13 12:16:20,resolved
3582,2,1,4,8,2026-04-17 16:08:00,2026-04-17 17:16:41,resolved
3583,4,3,1,3,2026-04-04 05:15:00,2026-04-04 17:36:59,resolved
3584,5,1,2,4,2026-01-12 00:15:00,,cancelled
3585,2,3,4,1,2026-06-16 15:33:00,2026-06-16 17:43:54,resolved
3586,3,1,1,1,2026-06-02 09:22:00,2026-06-02 12:49:05,resolved
3587,2,4,1,1,2026-01-04 11:42:00,,cancelled
3588,2,4,3,5,2026-03-31 18:41:00,2026-04-01 06:43:03,resolved
3589,4,2,2,4,2026-02-05 17:56:00,,cancelled
3590,1,1,4,2,2026-03-18 17:16:00,2026-03-18 17:45:42,resolved
3591,2,2,5,3,2026-05-16 07:42:00,2026-05-16 09:41:21,resolved
3592,4,3,5,8,2026-06-25 06:34:00,2026-06-27 01:25:12,resolved
3593,4,1,3,4,2026-02-03 11:26:00,2026-02-03 15:21:54,resolved
3594,1,4,1,4,2026-03-18 01:56:00,2026-03-24 00:25:32,resolved
3595,4,1,2,9,2026-05-11 06:09:00,2026-05-11 07:53:47,resolved
3596,3,3,3,9,2026-01-01 13:21:00,2026-01-02 04:03:18,resolved
3597,2,3,3,4,2026-05-02 10:24:00,2026-05-02 20:00:47,resolved
3598,1,3,5,1,2026-05-22 18:21:00,2026-05-23 16:00:18,resolved
3599,5,3,3,4,2026-05-06 03:02:00,2026-05-06 13:40:33,resolved
3600,5,3,3,8,2026-04-06 09:49:00,2026-04-07 20:29:20,resolved
3601,4,2,1,2,2026-06-16 14:24:00,2026-06-17 02:19:58,resolved
3602,1,2,4,6,2026-03-25 11:16:00,,cancelled
3603,3,4,5,10,2026-04-12 11:29:00,2026-04-13 15:51:12,resolved
3604,4,1,1,6,2026-01-22 13:23:00,2026-01-22 14:25:56,resolved
3605,3,2,5,2,2026-06-10 16:19:00,2026-06-11 01:13:33,resolved
3606,5,4,5,10,2026-05-18 12:47:00,2026-05-23 10:46:13,resolved
3607,5,3,4,3,2026-06-22 17:20:00,,cancelled
3608,4,3,1,5,2026-04-01 14:20:00,2026-04-02 04:33:00,resolved
3609,4,4,4,1,2026-06-14 08:46:00,2026-06-19 15:18:36,resolved
3610,5,3,4,7,2026-01-22 00:53:00,2026-01-22 09:56:20,resolved
3611,4,3,4,8,2026-01-09 19:20:00,,cancelled
3612,5,1,2,2,2026-03-08 17:56:00,2026-03-08 19:07:14,resolved
3613,4,4,2,7,2026-04-28 04:48:00,2026-05-04 02:03:04,resolved
3614,3,4,2,8,2026-01-21 19:45:00,2026-01-26 03:06:14,resolved
3615,5,3,3,7,2026-03-24 00:11:00,2026-03-24 07:13:49,resolved
3616,4,2,1,5,2026-06-01 16:25:00,2026-06-01 18:40:31,resolved
3617,2,4,4,10,2026-04-30 04:42:00,2026-05-01 11:44:13,resolved
3618,1,3,5,10,2026-04-05 14:08:00,2026-04-05 18:09:54,resolved
3619,4,1,3,6,2026-05-01 18:53:00,2026-05-01 20:24:34,resolved
3620,4,1,4,1,2026-02-10 06:23:00,2026-02-10 08:50:40,resolved
3621,2,2,3,3,2026-04-01 00:27:00,,cancelled
3622,2,4,2,7,2026-04-21 10:25:00,2026-04-22 12:19:51,resolved
3623,4,3,3,2,2026-05-15 07:58:00,2026-05-15 16:58:37,resolved
3624,3,4,4,1,2026-01-26 04:55:00,2026-01-26 06:34:36,resolved
3625,1,2,5,4,2026-06-19 20:12:00,2026-06-20 01:23:31,resolved
3626,2,4,4,2,2026-02-15 22:47:00,,in_progress
3627,5,3,3,1,2026-05-25 11:19:00,2026-05-25 18:26:44,resolved
3628,4,4,1,8,2026-04-05 21:50:00,2026-04-07 00:03:31,resolved
3629,4,1,2,9,2026-05-04 15:26:00,2026-05-04 15:59:24,resolved
3630,1,4,2,4,2026-03-04 10:45:00,2026-03-08 19:15:45,resolved
3631,3,4,4,3,2026-03-02 09:14:00,2026-03-03 11:30:11,resolved
3632,5,1,3,4,2026-04-19 21:17:00,2026-04-19 22:17:42,resolved
3633,3,2,3,5,2026-06-03 05:27:00,,in_progress
3634,3,1,2,9,2026-06-27 08:18:00,2026-06-27 09:05:12,resolved
3635,5,4,1,7,2026-05-14 03:20:00,2026-05-16 00:08:15,resolved
3636,3,4,5,7,2026-03-08 04:21:00,2026-03-09 21:26:58,resolved
3637,1,1,4,3,2026-04-19 13:49:00,2026-04-19 14:46:36,resolved
3638,4,4,4,2,2026-03-29 12:10:00,2026-03-29 14:47:19,resolved
3639,1,4,3,5,2026-04-08 18:55:00,2026-04-10 08:20:31,resolved
3640,4,4,2,2,2026-02-28 20:27:00,2026-03-01 12:05:04,resolved
3641,2,4,1,5,2026-01-29 00:27:00,2026-02-02 03:52:09,resolved
3642,1,3,5,8,2026-05-28 17:06:00,2026-05-29 00:25:05,resolved
3643,1,1,1,6,2026-04-25 11:33:00,,cancelled
3644,2,2,2,6,2026-05-30 08:52:00,,in_progress
3645,1,1,5,6,2026-01-09 20:29:00,2026-01-10 00:16:15,resolved
3646,2,1,1,4,2026-06-22 01:04:00,2026-06-22 02:24:22,resolved
3647,2,1,4,9,2026-01-07 00:19:00,2026-01-07 01:20:03,resolved
3648,4,4,4,7,2026-06-04 14:30:00,2026-06-05 02:50:48,resolved
3649,5,1,4,8,2026-05-17 03:58:00,2026-05-17 05:45:26,resolved
3650,5,4,4,1,2026-02-03 15:38:00,2026-02-04 04:48:08,resolved
3651,1,3,4,8,2026-06-27 21:04:00,2026-06-28 09:35:27,resolved
3652,2,4,3,1,2026-05-09 18:08:00,2026-05-14 03:43:18,resolved
3653,3,4,3,10,2026-05-19 21:36:00,2026-05-21 09:23:34,resolved
3654,4,1,3,6,2026-04-11 02:51:00,2026-04-11 03:18:29,resolved
3655,2,3,4,9,2026-04-23 01:29:00,2026-04-23 17:00:33,resolved
3656,5,1,2,6,2026-01-21 03:35:00,2026-01-21 06:26:15,resolved
3657,5,2,3,8,2026-02-14 06:22:00,2026-02-14 10:38:13,resolved
3658,5,3,4,10,2026-02-24 21:15:00,2026-02-25 03:10:19,resolved
3659,3,2,3,9,2026-01-30 02:21:00,2026-01-30 07:05:58,resolved
3660,1,3,1,4,2026-02-20 12:23:00,,cancelled
3661,3,2,2,1,2026-01-05 10:04:00,2026-01-05 15:54:04,resolved
3662,2,4,5,9,2026-01-20 21:18:00,2026-01-22 12:09:17,resolved
3663,2,3,1,10,2026-05-02 00:52:00,2026-05-02 11:13:19,resolved
3664,4,4,4,1,2026-01-17 08:50:00,2026-01-17 11:12:35,resolved
3665,5,1,1,2,2026-03-09 17:37:00,2026-03-09 21:35:07,resolved
3666,2,2,4,9,2026-06-17 12:23:00,2026-06-17 15:06:44,resolved
3667,3,2,4,7,2026-05-04 10:54:00,,in_progress
3668,4,1,2,8,2026-05-14 21:58:00,2026-05-15 01:19:55,resolved
3669,3,4,5,8,2026-03-08 07:13:00,2026-03-09 11:25:23,resolved
3670,3,2,2,3,2026-05-02 23:47:00,2026-05-03 05:01:47,resolved
3671,1,4,1,10,2026-06-20 14:14:00,2026-06-22 05:48:38,resolved
3672,5,2,3,1,2026-02-25 19:48:00,2026-02-25 22:15:26,resolved
3673,2,4,2,2,2026-04-21 09:17:00,2026-04-23 00:02:36,resolved
3674,1,4,2,9,2026-06-28 06:43:00,2026-06-29 07:48:24,resolved
3675,4,4,5,10,2026-05-08 04:03:00,,cancelled
3676,3,4,5,4,2026-04-28 03:24:00,2026-04-28 10:32:11,resolved
3677,2,3,3,5,2026-06-08 01:59:00,2026-06-08 12:09:38,resolved
3678,5,1,2,2,2026-02-10 10:45:00,2026-02-10 14:30:52,resolved
3679,5,2,2,9,2026-01-09 02:32:00,2026-01-09 05:50:54,resolved
3680,3,3,3,9,2026-04-09 14:13:00,2026-04-10 01:46:47,resolved
3681,4,1,3,6,2026-02-04 20:34:00,2026-02-04 21:00:03,resolved
3682,4,2,2,10,2026-05-05 22:19:00,,cancelled
3683,3,1,4,1,2026-02-01 01:43:00,2026-02-01 02:10:56,resolved
3684,4,1,4,2,2026-01-10 21:09:00,2026-01-10 21:33:26,resolved
3685,2,2,1,3,2026-02-18 22:42:00,2026-02-19 09:05:53,resolved
3686,5,2,3,2,2026-02-10 13:30:00,2026-02-10 23:46:12,resolved
3687,3,2,3,6,2026-02-08 16:34:00,2026-02-08 19:00:53,resolved
3688,4,1,4,3,2026-02-14 16:17:00,,in_progress
3689,4,4,3,6,2026-06-13 23:51:00,2026-06-16 16:18:33,resolved
3690,4,4,2,2,2026-05-05 03:08:00,2026-05-06 19:42:47,resolved
3691,1,4,3,2,2026-03-15 15:14:00,2026-03-16 10:48:30,resolved
3692,2,4,4,9,2026-03-22 13:38:00,2026-03-27 07:55:15,resolved
3693,5,1,2,3,2026-01-05 11:23:00,2026-01-05 14:15:47,resolved
3694,1,2,1,2,2026-03-08 11:11:00,,in_progress
3695,2,4,2,6,2026-01-03 16:22:00,2026-01-04 01:35:08,resolved
3696,2,4,5,1,2026-06-01 11:40:00,2026-06-02 13:37:42,resolved
3697,3,2,2,2,2026-01-28 04:04:00,,cancelled
3698,1,1,3,3,2026-06-26 21:47:00,2026-06-26 22:45:11,resolved
3699,1,4,2,2,2026-03-24 10:44:00,2026-03-25 02:54:00,resolved
3700,3,3,3,2,2026-04-03 08:40:00,2026-04-04 02:11:21,resolved
3701,3,1,5,5,2026-03-13 12:50:00,2026-03-13 13:42:50,resolved
3702,5,1,1,10,2026-01-31 21:08:00,2026-02-01 00:58:14,resolved
3703,3,3,4,5,2026-01-24 17:01:00,2026-01-24 23:48:06,resolved
3704,2,2,3,4,2026-02-11 18:46:00,2026-02-11 21:38:09,resolved
3705,5,2,2,7,2026-01-24 23:55:00,,cancelled
3706,1,3,2,8,2026-06-10 21:41:00,2026-06-11 08:54:45,resolved
3707,2,2,3,1,2026-01-22 14:29:00,2026-01-22 18:57:46,resolved
3708,4,4,5,5,2026-01-13 05:33:00,,in_progress
3709,1,3,4,7,2026-03-14 11:51:00,,in_progress
3710,2,1,1,6,2026-01-30 04:22:00,2026-01-30 07:39:51,resolved
3711,4,1,4,8,2026-02-17 19:49:00,,cancelled
3712,5,4,2,4,2026-06-08 15:10:00,,cancelled
3713,1,2,1,2,2026-03-21 12:29:00,2026-03-21 14:37:42,resolved
3714,1,1,5,8,2026-02-08 07:08:00,2026-02-08 07:33:50,resolved
3715,5,4,5,8,2026-01-09 16:08:00,2026-01-11 10:39:11,resolved
3716,2,4,1,6,2026-05-18 16:03:00,2026-05-19 21:08:09,resolved
3717,1,1,2,7,2026-05-25 23:32:00,2026-05-26 00:33:59,resolved
3718,5,2,5,1,2026-06-02 09:45:00,,in_progress
3719,5,1,5,6,2026-01-13 14:17:00,,in_progress
3720,4,4,3,5,2026-05-24 12:55:00,2026-05-24 19:07:03,resolved
3721,4,2,5,4,2026-04-01 18:20:00,2026-04-01 21:42:41,resolved
3722,4,3,1,7,2026-01-16 23:49:00,2026-01-17 09:28:39,resolved
3723,2,1,3,8,2026-01-25 22:30:00,2026-01-26 01:34:12,resolved
3724,2,4,2,9,2026-05-01 11:18:00,2026-05-07 00:13:51,resolved
3725,2,4,1,4,2026-05-26 18:12:00,2026-06-01 01:25:52,resolved
3726,5,4,1,3,2026-02-12 10:49:00,2026-02-15 05:38:14,resolved
3727,4,1,5,8,2026-03-02 07:23:00,2026-03-02 10:27:41,resolved
3728,4,2,2,3,2026-05-02 23:33:00,,in_progress
3729,1,3,1,3,2026-06-05 18:24:00,,cancelled
3730,3,4,3,10,2026-04-19 01:56:00,2026-04-21 10:42:34,resolved
3731,3,2,2,3,2026-02-23 19:55:00,2026-02-24 01:57:15,resolved
3732,1,4,3,10,2026-01-05 00:35:00,,cancelled
3733,1,2,1,5,2026-06-28 23:40:00,,in_progress
3734,5,4,5,1,2026-01-24 12:43:00,2026-01-25 17:04:50,resolved
3735,1,1,3,7,2026-04-16 02:08:00,2026-04-16 03:48:29,resolved
3736,5,2,1,9,2026-02-21 04:21:00,2026-02-21 13:44:31,resolved
3737,4,2,2,3,2026-04-18 07:11:00,2026-04-18 10:59:56,resolved
3738,4,4,1,10,2026-05-29 16:33:00,2026-05-30 10:04:34,resolved
3739,2,3,4,6,2026-06-20 20:05:00,2026-06-20 23:50:10,resolved
3740,2,2,3,10,2026-01-12 15:13:00,,in_progress
3741,1,1,5,7,2026-02-16 05:11:00,2026-02-16 06:52:11,resolved
3742,1,4,2,3,2026-01-20 01:40:00,2026-01-21 23:46:08,resolved
3743,5,3,4,4,2026-01-04 05:54:00,2026-01-06 00:54:56,resolved
3744,3,2,4,3,2026-01-18 04:48:00,2026-01-18 06:54:36,resolved
3745,5,1,5,1,2026-03-21 14:45:00,,cancelled
3746,1,1,5,10,2026-02-03 01:26:00,2026-02-03 05:22:34,resolved
3747,4,2,5,10,2026-03-15 12:14:00,2026-03-15 12:52:30,resolved
3748,4,3,1,2,2026-04-08 16:35:00,,in_progress
3749,4,4,3,6,2026-04-24 18:59:00,2026-04-25 08:08:39,resolved
3750,4,4,4,10,2026-03-30 06:33:00,2026-03-31 04:58:39,resolved
3751,5,2,1,9,2026-03-27 13:57:00,2026-03-27 15:48:43,resolved
3752,4,2,1,1,2026-06-07 15:26:00,2026-06-07 20:31:24,resolved
3753,4,4,3,2,2026-04-22 08:32:00,2026-04-24 04:20:12,resolved
3754,2,3,4,5,2026-04-10 18:14:00,2026-04-11 00:51:49,resolved
3755,4,1,4,7,2026-03-26 22:05:00,2026-03-26 22:38:08,resolved
3756,5,1,3,9,2026-04-27 02:03:00,,cancelled
3757,4,3,4,4,2026-01-27 18:26:00,2026-01-28 15:55:03,resolved
3758,1,3,3,2,2026-02-28 14:04:00,2026-03-01 06:29:54,resolved
3759,5,1,4,5,2026-04-06 16:21:00,2026-04-06 16:56:55,resolved
3760,1,1,5,4,2026-06-16 15:20:00,2026-06-16 16:35:44,resolved
3761,4,1,2,9,2026-01-16 03:51:00,2026-01-16 05:39:48,resolved
3762,4,3,4,8,2026-05-08 03:03:00,2026-05-08 04:23:05,resolved
3763,4,2,3,8,2026-06-29 23:24:00,2026-06-30 10:18:34,resolved
3764,3,3,2,4,2026-05-12 14:32:00,2026-05-12 22:51:41,resolved
3765,2,3,5,8,2026-06-23 09:51:00,2026-06-23 13:59:43,resolved
3766,5,4,2,1,2026-02-11 17:52:00,2026-02-14 02:14:45,resolved
3767,5,3,4,1,2026-05-12 00:05:00,2026-05-12 02:47:57,resolved
3768,4,3,1,1,2026-02-25 20:52:00,2026-02-25 23:41:55,resolved
3769,1,2,5,5,2026-05-01 17:19:00,2026-05-01 23:17:19,resolved
3770,5,2,2,3,2026-03-14 06:31:00,2026-03-14 09:51:29,resolved
3771,2,1,3,8,2026-06-04 16:19:00,2026-06-04 17:03:43,resolved
3772,2,1,1,7,2026-06-22 20:42:00,2026-06-22 21:17:34,resolved
3773,2,1,3,3,2026-04-06 09:23:00,2026-04-06 10:58:35,resolved
3774,1,1,1,7,2026-05-11 00:58:00,2026-05-11 01:53:37,resolved
3775,1,3,5,6,2026-03-06 19:33:00,2026-03-06 20:10:59,resolved
3776,3,3,2,1,2026-02-22 20:38:00,2026-02-23 05:40:11,resolved
3777,3,2,4,9,2026-05-26 00:05:00,,cancelled
3778,5,4,5,7,2026-06-18 07:53:00,2026-06-20 09:11:15,resolved
3779,4,3,4,8,2026-01-15 02:07:00,2026-01-15 13:07:48,resolved
3780,2,2,5,8,2026-06-12 16:01:00,2026-06-12 19:44:56,resolved
3781,5,4,2,1,2026-06-12 16:34:00,2026-06-18 05:28:49,resolved
3782,1,1,3,10,2026-03-01 07:06:00,,cancelled
3783,1,4,1,2,2026-01-26 10:23:00,2026-01-31 11:11:39,resolved
3784,5,4,5,6,2026-06-27 21:10:00,,cancelled
3785,5,2,5,8,2026-06-20 07:48:00,2026-06-20 22:52:47,resolved
3786,1,1,1,3,2026-04-11 00:35:00,2026-04-11 02:52:49,resolved
3787,2,4,1,8,2026-04-20 23:28:00,,cancelled
3788,2,1,5,1,2026-05-06 07:11:00,2026-05-06 09:02:26,resolved
3789,1,1,2,8,2026-03-25 02:35:00,2026-03-25 04:04:30,resolved
3790,1,4,4,8,2026-02-09 03:32:00,2026-02-11 01:46:12,resolved
3791,3,3,1,9,2026-05-30 21:45:00,2026-05-31 14:11:03,resolved
3792,4,3,2,1,2026-03-26 09:25:00,2026-03-27 08:00:34,resolved
3793,2,3,2,6,2026-04-14 05:08:00,2026-04-14 19:02:23,resolved
3794,3,2,2,9,2026-05-18 03:09:00,2026-05-18 06:33:46,resolved
3795,1,2,1,1,2026-02-07 23:39:00,,cancelled
3796,1,3,1,7,2026-06-14 23:47:00,2026-06-15 04:17:51,resolved
3797,5,1,4,2,2026-06-17 13:20:00,2026-06-17 14:21:42,resolved
3798,4,2,4,5,2026-02-10 22:02:00,2026-02-11 08:07:05,resolved
3799,3,3,4,1,2026-06-08 01:55:00,,cancelled
3800,2,4,5,7,2026-02-10 12:48:00,2026-02-11 21:01:26,resolved
3801,5,4,5,9,2026-06-22 05:11:00,2026-06-25 01:12:03,resolved
3802,5,1,1,7,2026-01-26 03:54:00,2026-01-26 04:48:41,resolved
3803,1,2,2,9,2026-02-10 08:15:00,2026-02-10 13:44:43,resolved
3804,4,3,2,10,2026-06-09 16:03:00,,in_progress
3805,1,4,5,9,2026-06-04 01:52:00,2026-06-05 13:06:08,resolved
3806,5,4,5,6,2026-03-02 00:03:00,2026-03-04 13:36:27,resolved
3807,5,1,5,6,2026-04-18 04:21:00,2026-04-18 06:06:11,resolved
3808,4,4,3,1,2026-05-08 02:15:00,,cancelled
3809,2,2,4,6,2026-03-20 09:58:00,,cancelled
3810,2,1,3,7,2026-05-16 03:20:00,2026-05-16 03:45:09,resolved
3811,4,1,5,4,2026-04-29 14:44:00,2026-04-29 16:56:53,resolved
3812,3,1,5,8,2026-06-05 00:34:00,2026-06-05 02:00:17,resolved
3813,3,1,1,2,2026-03-11 13:46:00,,cancelled
3814,1,2,3,9,2026-03-07 23:59:00,,cancelled
3815,1,4,1,6,2026-05-07 10:15:00,2026-05-11 21:29:40,resolved
3816,5,1,5,10,2026-06-23 20:18:00,2026-06-23 22:28:47,resolved
3817,2,2,1,9,2026-05-09 04:20:00,,cancelled
3818,5,2,4,5,2026-06-07 22:36:00,2026-06-08 11:18:47,resolved
3819,5,4,4,3,2026-06-09 18:04:00,2026-06-13 18:27:00,resolved
3820,3,1,2,7,2026-03-13 02:57:00,,cancelled
3821,3,1,1,8,2026-06-12 08:31:00,2026-06-12 10:20:07,resolved
3822,4,1,3,7,2026-01-04 19:32:00,,cancelled
3823,2,3,5,7,2026-02-01 12:21:00,,in_progress
3824,1,4,4,9,2026-02-09 17:41:00,2026-02-11 18:03:43,resolved
3825,1,3,4,8,2026-02-04 06:55:00,2026-02-06 05:08:40,resolved
3826,1,2,1,1,2026-02-04 02:07:00,2026-02-04 17:24:04,resolved
3827,3,1,4,8,2026-04-06 05:46:00,2026-04-06 06:28:47,resolved
3828,3,3,4,9,2026-01-20 05:33:00,2026-01-20 18:28:05,resolved
3829,3,3,3,8,2026-06-25 18:20:00,2026-06-27 06:42:08,resolved
3830,3,1,1,6,2026-03-01 22:55:00,2026-03-02 00:14:01,resolved
3831,3,3,4,8,2026-01-19 05:04:00,2026-01-19 15:34:00,resolved
3832,2,3,3,3,2026-06-25 14:23:00,2026-06-25 22:57:06,resolved
3833,5,4,4,6,2026-06-06 06:08:00,2026-06-08 17:42:44,resolved
3834,1,1,1,10,2026-03-04 05:20:00,2026-03-04 06:53:10,resolved
3835,5,3,5,10,2026-04-15 02:21:00,2026-04-15 16:21:36,resolved
3836,4,4,1,2,2026-06-28 17:56:00,2026-07-01 05:44:06,resolved
3837,2,1,5,1,2026-02-12 14:21:00,2026-02-12 16:11:41,resolved
3838,4,2,2,6,2026-06-26 16:24:00,2026-06-26 23:21:02,resolved
3839,3,3,2,1,2026-04-01 02:50:00,2026-04-01 11:01:21,resolved
3840,4,1,4,3,2026-04-22 21:31:00,,cancelled
3841,3,3,2,8,2026-05-14 06:00:00,,in_progress
3842,1,3,3,7,2026-01-21 01:23:00,2026-01-22 03:24:49,resolved
3843,1,3,3,2,2026-06-20 01:51:00,2026-06-20 07:06:36,resolved
3844,3,4,3,5,2026-04-26 17:10:00,2026-04-28 01:20:05,resolved
3845,4,3,4,3,2026-06-07 00:10:00,2026-06-07 19:59:35,resolved
3846,1,2,2,10,2026-03-06 15:28:00,,cancelled
3847,2,4,4,9,2026-03-10 17:11:00,2026-03-11 10:58:17,resolved
3848,2,4,1,1,2026-01-05 16:31:00,2026-01-08 03:29:30,resolved
3849,2,2,4,10,2026-04-12 08:23:00,,cancelled
3850,5,4,3,2,2026-02-11 05:39:00,2026-02-13 03:23:13,resolved
3851,1,4,4,4,2026-01-19 11:33:00,,cancelled
3852,3,3,3,2,2026-03-02 03:18:00,2026-03-02 19:34:21,resolved
3853,3,3,3,4,2026-05-14 07:27:00,,in_progress
3854,1,4,3,6,2026-02-19 17:51:00,2026-02-19 20:31:47,resolved
3855,1,4,3,9,2026-03-24 06:22:00,2026-03-25 00:41:38,resolved
3856,2,4,3,3,2026-01-14 21:02:00,2026-01-16 10:50:10,resolved
3857,2,4,3,1,2026-04-01 06:05:00,,cancelled
3858,4,4,5,6,2026-04-16 23:31:00,2026-04-19 09:34:12,resolved
3859,5,1,5,6,2026-01-12 03:02:00,2026-01-12 04:08:02,resolved
3860,3,3,4,3,2026-05-16 02:50:00,2026-05-16 03:46:31,resolved
3861,2,3,5,1,2026-06-16 16:53:00,2026-06-17 14:59:46,resolved
3862,5,3,5,3,2026-05-02 23:32:00,2026-05-03 14:42:50,resolved
3863,3,3,2,9,2026-06-04 12:30:00,2026-06-05 05:44:01,resolved
3864,5,1,4,9,2026-01-21 09:27:00,2026-01-21 11:08:16,resolved
3865,5,2,4,6,2026-04-10 10:40:00,,in_progress
3866,5,1,4,5,2026-02-26 01:53:00,2026-02-26 03:03:25,resolved
3867,3,3,2,1,2026-03-17 11:36:00,2026-03-17 22:09:13,resolved
3868,3,3,2,1,2026-05-09 05:15:00,2026-05-09 10:09:25,resolved
3869,4,3,1,3,2026-06-15 09:00:00,2026-06-15 10:59:52,resolved
3870,3,4,4,5,2026-06-03 01:57:00,2026-06-08 15:50:58,resolved
3871,4,4,3,5,2026-06-05 13:55:00,2026-06-06 16:57:32,resolved
3872,3,2,1,2,2026-02-18 22:01:00,2026-02-19 03:27:27,resolved
3873,4,4,1,8,2026-02-01 18:00:00,2026-02-04 08:53:20,resolved
3874,2,3,3,9,2026-03-04 12:58:00,2026-03-05 00:26:12,resolved
3875,2,4,2,2,2026-06-26 19:16:00,2026-07-02 18:31:41,resolved
3876,4,2,2,2,2026-04-15 17:25:00,2026-04-16 04:01:22,resolved
3877,5,2,4,1,2026-03-15 04:55:00,2026-03-15 14:43:08,resolved
3878,2,3,3,1,2026-04-21 10:35:00,2026-04-21 17:14:59,resolved
3879,3,2,5,10,2026-02-15 03:43:00,2026-02-15 11:14:51,resolved
3880,5,2,1,2,2026-04-03 17:10:00,2026-04-03 17:33:18,resolved
3881,1,4,1,1,2026-01-06 09:33:00,2026-01-08 19:16:48,resolved
3882,5,1,3,3,2026-03-14 15:03:00,2026-03-14 16:56:45,resolved
3883,1,2,1,10,2026-05-29 06:37:00,,in_progress
3884,1,1,5,6,2026-02-20 22:26:00,2026-02-20 23:27:46,resolved
3885,3,1,1,1,2026-04-06 14:14:00,2026-04-06 15:44:16,resolved
3886,3,3,1,1,2026-06-20 00:40:00,2026-06-20 17:46:32,resolved
3887,4,2,1,8,2026-01-11 20:30:00,2026-01-12 07:48:26,resolved
3888,3,4,5,8,2026-03-10 22:27:00,2026-03-11 09:20:12,resolved
3889,4,3,2,6,2026-06-30 09:26:00,2026-07-01 04:24:40,resolved
3890,4,1,2,6,2026-03-02 08:24:00,2026-03-02 09:09:01,resolved
3891,3,1,2,6,2026-06-06 04:03:00,2026-06-06 04:28:58,resolved
3892,4,1,5,4,2026-04-14 02:04:00,2026-04-14 03:30:59,resolved
3893,1,2,5,5,2026-01-07 02:33:00,2026-01-07 16:48:55,resolved
3894,4,3,3,4,2026-04-07 00:57:00,2026-04-07 11:33:02,resolved
3895,2,3,1,8,2026-03-09 11:17:00,2026-03-11 08:26:57,resolved
3896,5,4,2,7,2026-01-21 22:12:00,2026-01-23 22:01:56,resolved
3897,4,2,4,5,2026-01-08 19:45:00,,in_progress
3898,4,2,1,8,2026-01-04 00:03:00,2026-01-04 03:56:54,resolved
3899,2,4,2,1,2026-02-19 11:07:00,2026-02-21 08:37:24,resolved
3900,4,2,1,8,2026-03-20 09:16:00,2026-03-20 16:32:12,resolved
3901,5,4,5,2,2026-06-27 19:07:00,2026-06-28 03:12:26,resolved
3902,4,4,4,4,2026-05-17 07:04:00,2026-05-19 10:25:20,resolved
3903,3,4,1,3,2026-06-10 07:16:00,2026-06-10 20:10:26,resolved
3904,2,4,1,2,2026-04-14 04:35:00,2026-04-19 02:15:37,resolved
3905,1,2,3,9,2026-02-07 01:38:00,,cancelled
3906,3,2,4,5,2026-01-01 16:29:00,2026-01-02 05:19:48,resolved
3907,4,3,5,3,2026-05-27 09:55:00,,cancelled
3908,3,2,3,9,2026-05-31 13:22:00,2026-05-31 19:33:05,resolved
3909,4,1,2,2,2026-04-25 18:05:00,,in_progress
3910,4,4,2,10,2026-04-16 22:54:00,2026-04-18 22:04:32,resolved
3911,5,3,1,9,2026-05-24 15:23:00,2026-05-24 20:05:43,resolved
3912,4,2,2,7,2026-03-09 20:39:00,2026-03-10 00:34:16,resolved
3913,5,3,5,3,2026-03-24 08:47:00,,cancelled
3914,2,2,2,5,2026-03-06 05:37:00,,cancelled
3915,5,4,1,7,2026-01-05 00:23:00,2026-01-07 14:32:09,resolved
3916,3,3,2,8,2026-05-22 06:19:00,,in_progress
3917,4,3,2,1,2026-01-28 05:50:00,2026-01-28 22:43:19,resolved
3918,1,1,4,7,2026-05-01 23:56:00,2026-05-02 00:33:41,resolved
3919,1,4,5,7,2026-01-26 22:10:00,2026-01-29 16:13:07,resolved
3920,5,2,4,10,2026-02-25 12:18:00,2026-02-25 18:21:44,resolved
3921,2,3,1,8,2026-01-28 06:23:00,2026-01-28 07:16:39,resolved
3922,5,4,1,1,2026-05-26 14:55:00,2026-05-26 22:19:00,resolved
3923,1,3,2,2,2026-01-26 15:02:00,2026-01-28 09:34:26,resolved
3924,3,2,1,6,2026-05-11 16:07:00,2026-05-11 20:14:35,resolved
3925,4,1,1,1,2026-05-23 19:06:00,2026-05-23 20:35:43,resolved
3926,4,1,1,5,2026-06-05 02:10:00,2026-06-05 03:13:17,resolved
3927,3,2,4,2,2026-02-27 21:38:00,,cancelled
3928,4,3,1,1,2026-05-18 10:24:00,2026-05-18 14:32:46,resolved
3929,2,3,4,6,2026-05-25 10:59:00,2026-05-27 05:59:07,resolved
3930,5,3,4,1,2026-03-18 12:41:00,2026-03-20 08:14:09,resolved
3931,2,4,5,6,2026-03-01 10:51:00,,cancelled
3932,5,2,3,5,2026-06-24 01:46:00,2026-06-24 03:48:28,resolved
3933,4,3,4,7,2026-03-31 06:34:00,2026-04-01 02:15:30,resolved
3934,4,2,5,6,2026-06-08 00:28:00,2026-06-08 14:50:44,resolved
3935,5,3,3,6,2026-01-16 17:46:00,2026-01-16 19:08:55,resolved
3936,2,3,5,9,2026-04-10 14:27:00,2026-04-12 11:31:33,resolved
3937,5,4,2,9,2026-05-30 13:34:00,2026-06-02 03:09:08,resolved
3938,5,2,4,4,2026-02-07 11:35:00,,cancelled
3939,4,1,1,2,2026-06-10 09:56:00,2026-06-10 11:18:23,resolved
3940,1,4,1,6,2026-05-29 22:53:00,2026-05-31 01:59:05,resolved
3941,3,2,1,1,2026-04-09 15:11:00,2026-04-10 04:38:17,resolved
3942,3,1,1,3,2026-03-03 05:13:00,2026-03-03 06:42:31,resolved
3943,1,2,4,9,2026-05-02 23:42:00,2026-05-03 02:34:00,resolved
3944,3,3,2,4,2026-03-11 05:40:00,2026-03-11 17:53:43,resolved
3945,3,4,2,5,2026-01-15 22:50:00,2026-01-17 14:44:54,resolved
3946,3,4,4,4,2026-01-16 12:35:00,2026-01-18 06:33:10,resolved
3947,3,2,3,5,2026-05-29 19:53:00,,in_progress
3948,4,4,2,2,2026-03-25 00:56:00,2026-03-25 08:04:12,resolved
3949,2,1,4,7,2026-02-19 02:36:00,2026-02-19 04:26:01,resolved
3950,4,1,5,7,2026-03-07 01:53:00,2026-03-07 02:32:23,resolved
3951,3,4,3,7,2026-03-24 22:34:00,2026-03-26 07:49:47,resolved
3952,2,2,1,2,2026-06-20 05:51:00,2026-06-20 17:41:20,resolved
3953,1,1,2,4,2026-03-06 12:23:00,2026-03-06 12:48:27,resolved
3954,4,4,4,10,2026-02-06 04:42:00,2026-02-08 14:08:23,resolved
3955,3,2,5,9,2026-01-18 00:47:00,2026-01-18 04:59:33,resolved
3956,5,2,4,7,2026-04-08 23:46:00,,cancelled
3957,5,3,3,10,2026-03-09 21:16:00,,cancelled
3958,3,4,3,1,2026-02-19 19:07:00,2026-02-22 07:29:51,resolved
3959,2,1,4,8,2026-05-06 17:21:00,2026-05-06 21:19:27,resolved
3960,2,2,2,8,2026-02-09 08:26:00,2026-02-09 09:03:26,resolved
3961,2,2,4,9,2026-03-21 09:30:00,2026-03-21 16:00:55,resolved
3962,4,3,1,7,2026-04-18 22:01:00,2026-04-19 07:28:38,resolved
3963,4,4,2,8,2026-04-05 13:36:00,2026-04-05 21:18:59,resolved
3964,1,1,2,1,2026-03-10 21:09:00,2026-03-10 21:52:25,resolved
3965,3,1,4,4,2026-06-04 23:11:00,2026-06-04 23:36:53,resolved
3966,3,2,3,5,2026-06-30 14:45:00,2026-06-30 15:53:56,resolved
3967,5,4,4,5,2026-04-02 10:33:00,2026-04-03 02:32:20,resolved
3968,2,3,1,6,2026-01-13 14:17:00,2026-01-14 22:10:27,resolved
3969,3,4,2,7,2026-01-20 06:46:00,2026-01-20 07:47:38,resolved
3970,5,1,5,1,2026-01-30 21:02:00,2026-01-30 22:09:55,resolved
3971,1,2,5,3,2026-06-11 02:21:00,2026-06-11 04:25:10,resolved
3972,5,1,4,2,2026-03-14 04:07:00,2026-03-14 05:34:26,resolved
3973,4,4,5,1,2026-04-09 15:19:00,2026-04-11 01:02:45,resolved
3974,1,1,2,3,2026-05-09 08:34:00,2026-05-09 08:52:12,resolved
3975,5,3,4,5,2026-01-27 21:17:00,2026-01-28 05:58:00,resolved
3976,1,2,1,10,2026-06-05 09:06:00,2026-06-05 14:48:03,resolved
3977,2,1,5,9,2026-02-07 01:41:00,2026-02-07 03:13:21,resolved
3978,4,1,3,7,2026-02-14 15:36:00,2026-02-14 18:23:33,resolved
3979,4,2,1,4,2026-06-14 03:58:00,2026-06-14 06:36:31,resolved
3980,5,3,1,8,2026-06-08 15:17:00,,in_progress
3981,3,2,4,7,2026-03-18 08:23:00,2026-03-18 10:24:41,resolved
3982,2,1,1,5,2026-03-10 10:40:00,2026-03-10 11:13:46,resolved
3983,2,1,2,6,2026-03-04 23:31:00,2026-03-05 00:41:28,resolved
3984,4,4,2,8,2026-06-05 17:24:00,2026-06-11 01:03:11,resolved
3985,3,3,4,1,2026-06-19 07:45:00,2026-06-20 04:35:55,resolved
3986,4,2,5,2,2026-06-12 06:39:00,2026-06-12 13:04:39,resolved
3987,4,3,4,8,2026-01-17 14:12:00,2026-01-18 11:11:25,resolved
3988,4,3,5,9,2026-04-04 21:10:00,,cancelled
3989,3,2,5,8,2026-06-05 09:12:00,2026-06-05 17:55:22,resolved
3990,5,3,5,6,2026-06-21 04:10:00,2026-06-21 13:41:03,resolved
3991,4,3,3,8,2026-01-02 06:15:00,2026-01-02 08:03:03,resolved
3992,5,2,4,4,2026-05-03 11:30:00,,in_progress
3993,5,3,4,2,2026-02-24 00:20:00,2026-02-24 18:41:54,resolved
3994,4,3,5,7,2026-03-29 10:53:00,2026-03-30 02:12:18,resolved
3995,4,4,2,2,2026-06-12 19:39:00,2026-06-14 15:03:06,resolved
3996,1,2,1,1,2026-01-12 03:23:00,2026-01-12 07:52:58,resolved
3997,5,3,2,2,2026-02-22 20:15:00,2026-02-23 18:18:35,resolved
3998,1,1,1,5,2026-06-09 03:04:00,,cancelled
3999,2,4,2,10,2026-03-22 22:50:00,2026-03-25 14:38:09,resolved
4000,2,4,4,5,2026-01-06 11:10:00,2026-01-07 04:49:18,resolved
4001,5,2,5,5,2026-01-08 03:05:00,2026-01-08 04:29:45,resolved
4002,1,3,3,7,2026-04-05 11:16:00,2026-04-06 23:59:17,resolved
4003,3,4,2,9,2026-05-31 07:46:00,2026-05-31 16:59:05,resolved
4004,5,1,1,7,2026-04-27 09:15:00,2026-04-27 10:55:38,resolved
4005,1,2,2,8,2026-05-08 18:35:00,2026-05-09 01:50:24,resolved
4006,3,1,4,7,2026-05-22 15:24:00,2026-05-22 16:21:07,resolved
4007,5,2,3,2,2026-03-17 01:23:00,2026-03-17 06:05:35,resolved
4008,2,3,4,7,2026-06-17 21:03:00,2026-06-18 09:46:06,resolved
4009,2,4,4,1,2026-06-20 14:59:00,2026-06-22 23:42:40,resolved
4010,4,2,1,7,2026-02-22 12:52:00,,cancelled
4011,4,4,3,5,2026-03-17 13:13:00,,cancelled
4012,1,2,3,8,2026-01-01 16:04:00,2026-01-01 20:07:49,resolved
4013,2,2,3,3,2026-02-09 17:03:00,2026-02-10 00:22:13,resolved
4014,4,3,5,7,2026-06-28 15:25:00,2026-06-28 16:44:05,resolved
4015,4,2,4,9,2026-03-28 08:24:00,,cancelled
4016,1,1,3,1,2026-01-25 23:40:00,2026-01-26 01:18:47,resolved
4017,2,1,2,4,2026-03-27 04:55:00,2026-03-27 07:16:41,resolved
4018,3,3,4,2,2026-03-27 05:55:00,2026-03-29 02:55:50,resolved
4019,2,4,1,3,2026-04-07 20:52:00,2026-04-08 18:56:35,resolved
4020,4,4,5,6,2026-01-14 19:46:00,2026-01-17 06:10:07,resolved
4021,5,2,5,5,2026-01-21 05:10:00,2026-01-21 12:17:13,resolved
4022,5,2,4,5,2026-01-11 00:11:00,,cancelled
4023,4,2,1,10,2026-04-29 01:52:00,2026-04-29 02:55:33,resolved
4024,4,3,4,3,2026-02-17 17:10:00,2026-02-17 23:01:55,resolved
4025,1,2,4,1,2026-02-07 19:08:00,,in_progress
4026,5,2,1,8,2026-04-18 20:52:00,2026-04-19 04:00:23,resolved
4027,4,1,4,6,2026-03-11 15:33:00,2026-03-11 16:36:25,resolved
4028,5,4,2,10,2026-04-16 16:08:00,2026-04-16 21:42:30,resolved
4029,2,2,3,3,2026-02-28 14:19:00,2026-03-01 05:58:35,resolved
4030,4,2,4,10,2026-02-06 18:22:00,2026-02-06 20:11:10,resolved
4031,5,1,2,6,2026-03-03 10:32:00,2026-03-03 11:10:51,resolved
4032,5,4,4,2,2026-04-07 20:49:00,2026-04-10 08:42:32,resolved
4033,2,1,3,9,2026-04-15 00:51:00,2026-04-15 02:24:54,resolved
4034,5,1,2,2,2026-01-15 02:27:00,2026-01-15 03:03:50,resolved
4035,1,2,2,7,2026-02-12 17:01:00,2026-02-12 21:08:16,resolved
4036,2,4,4,9,2026-03-08 17:01:00,2026-03-11 11:38:01,resolved
4037,2,4,1,10,2026-06-09 15:36:00,2026-06-09 18:14:53,resolved
4038,3,4,1,5,2026-03-02 04:39:00,2026-03-03 14:25:46,resolved
4039,1,2,3,5,2026-06-01 06:58:00,,cancelled
4040,2,3,2,6,2026-02-16 13:55:00,2026-02-17 02:49:38,resolved
4041,1,1,3,4,2026-06-08 16:42:00,2026-06-08 19:20:00,resolved
4042,4,4,4,3,2026-01-07 03:22:00,2026-01-12 09:31:39,resolved
4043,5,2,3,2,2026-04-18 09:14:00,2026-04-18 16:45:35,resolved
4044,2,4,2,10,2026-03-27 17:51:00,,in_progress
4045,2,2,4,9,2026-03-18 22:33:00,2026-03-19 04:39:54,resolved
4046,2,1,5,10,2026-01-24 01:10:00,2026-01-24 01:46:22,resolved
4047,4,4,5,7,2026-04-05 10:25:00,2026-04-07 00:37:04,resolved
4048,4,4,2,8,2026-01-04 19:00:00,2026-01-05 12:37:16,resolved
4049,4,2,2,4,2026-01-22 19:56:00,2026-01-22 22:58:26,resolved
4050,4,2,4,8,2026-01-21 16:27:00,2026-01-21 18:09:02,resolved
4051,2,4,5,2,2026-05-09 13:28:00,2026-05-10 02:38:07,resolved
4052,3,1,1,7,2026-01-31 08:12:00,2026-01-31 09:33:25,resolved
4053,3,1,4,7,2026-04-14 17:30:00,,in_progress
4054,2,1,1,10,2026-05-30 00:11:00,2026-05-30 01:42:26,resolved
4055,3,4,1,1,2026-02-12 20:17:00,2026-02-13 13:01:23,resolved
4056,1,4,5,8,2026-05-05 22:41:00,2026-05-08 05:42:35,resolved
4057,5,3,3,2,2026-03-05 02:27:00,2026-03-05 22:07:45,resolved
4058,3,2,2,2,2026-05-06 07:49:00,,cancelled
4059,1,3,1,8,2026-03-10 19:07:00,2026-03-11 10:24:44,resolved
4060,1,4,1,2,2026-06-14 06:13:00,2026-06-16 21:35:51,resolved
4061,4,3,4,8,2026-02-03 07:29:00,,in_progress
4062,3,3,3,6,2026-06-24 05:52:00,2026-06-24 18:29:48,resolved
4063,5,4,4,8,2026-05-10 10:53:00,2026-05-14 21:21:01,resolved
4064,5,4,3,9,2026-02-03 21:21:00,2026-02-08 02:20:52,resolved
4065,2,1,5,6,2026-04-26 12:22:00,,in_progress
4066,2,2,2,2,2026-06-08 16:30:00,2026-06-08 18:45:15,resolved
4067,4,4,1,2,2026-06-14 19:19:00,2026-06-15 03:05:58,resolved
4068,4,2,3,7,2026-02-11 10:09:00,2026-02-11 10:33:10,resolved
4069,3,4,2,6,2026-03-17 18:01:00,2026-03-18 02:51:25,resolved
4070,1,1,4,2,2026-02-27 06:07:00,,in_progress
4071,1,4,1,2,2026-02-23 13:16:00,2026-02-25 11:15:24,resolved
4072,5,2,3,3,2026-01-04 16:22:00,,cancelled
4073,1,1,4,4,2026-04-27 21:29:00,2026-04-27 23:19:15,resolved
4074,3,1,4,6,2026-02-06 06:51:00,2026-02-06 07:38:56,resolved
4075,1,3,2,3,2026-06-25 18:45:00,2026-06-26 08:07:01,resolved
4076,4,2,4,9,2026-02-02 19:54:00,2026-02-03 02:54:02,resolved
4077,5,3,1,1,2026-01-01 19:56:00,2026-01-02 22:58:11,resolved
4078,4,1,2,1,2026-06-10 06:09:00,,cancelled
4079,1,4,5,1,2026-06-24 01:36:00,2026-06-25 00:46:35,resolved
4080,5,3,5,3,2026-03-03 14:51:00,,cancelled
4081,1,3,5,5,2026-04-06 13:59:00,2026-04-07 08:16:19,resolved
4082,1,3,2,3,2026-06-13 16:42:00,2026-06-14 03:24:59,resolved
4083,1,4,2,2,2026-02-24 11:44:00,2026-02-26 00:12:57,resolved
4084,3,4,4,3,2026-06-03 03:53:00,2026-06-03 05:37:41,resolved
4085,2,4,5,2,2026-06-25 13:04:00,2026-06-28 07:27:51,resolved
4086,1,4,3,3,2026-04-29 19:30:00,2026-05-01 04:08:13,resolved
4087,3,2,1,4,2026-05-13 17:27:00,2026-05-14 04:00:38,resolved
4088,3,4,2,3,2026-01-10 02:03:00,2026-01-11 15:02:57,resolved
4089,4,1,4,2,2026-04-25 05:35:00,,cancelled
4090,1,1,2,1,2026-03-21 12:36:00,,cancelled
4091,4,1,5,3,2026-04-20 08:29:00,2026-04-20 09:21:51,resolved
4092,4,3,5,7,2026-04-18 07:16:00,2026-04-19 01:10:05,resolved
4093,4,4,5,6,2026-04-03 15:07:00,2026-04-05 18:02:45,resolved
4094,3,2,4,8,2026-02-14 12:01:00,2026-02-14 14:20:22,resolved
4095,2,2,4,5,2026-01-08 11:04:00,2026-01-08 16:06:29,resolved
4096,2,3,3,1,2026-04-02 03:13:00,2026-04-02 20:42:26,resolved
4097,3,4,3,2,2026-02-08 14:23:00,2026-02-13 11:20:53,resolved
4098,5,3,2,8,2026-05-17 20:18:00,2026-05-18 19:00:02,resolved
4099,1,4,1,4,2026-04-12 22:31:00,2026-04-16 13:09:26,resolved
4100,4,2,4,9,2026-05-24 07:18:00,2026-05-24 13:52:48,resolved
4101,5,1,5,6,2026-05-22 21:53:00,2026-05-22 22:11:59,resolved
4102,4,4,3,8,2026-06-20 17:32:00,2026-06-22 23:50:51,resolved
4103,4,1,1,7,2026-05-06 20:14:00,2026-05-07 00:05:35,resolved
4104,5,2,4,6,2026-03-13 07:50:00,2026-03-13 15:20:25,resolved
4105,2,1,2,9,2026-03-02 05:58:00,2026-03-02 07:12:29,resolved
4106,1,1,3,1,2026-03-07 07:06:00,2026-03-07 09:46:35,resolved
4107,5,2,2,7,2026-04-06 23:31:00,2026-04-07 04:03:05,resolved
4108,4,4,4,10,2026-01-08 05:06:00,2026-01-08 06:41:14,resolved
4109,1,3,4,5,2026-05-13 22:46:00,2026-05-14 20:43:40,resolved
4110,5,2,3,4,2026-02-02 18:05:00,2026-02-02 18:53:56,resolved
4111,5,4,5,5,2026-01-24 02:10:00,2026-01-24 05:57:12,resolved
4112,5,2,4,6,2026-02-16 07:58:00,2026-02-16 21:01:37,resolved
4113,4,4,4,6,2026-03-02 21:46:00,2026-03-07 08:51:14,resolved
4114,5,4,2,4,2026-01-23 23:53:00,2026-01-24 03:41:27,resolved
4115,5,2,5,7,2026-06-10 08:07:00,2026-06-10 08:59:53,resolved
4116,1,1,1,7,2026-02-15 16:26:00,,cancelled
4117,5,4,3,7,2026-06-23 06:32:00,2026-06-24 04:03:28,resolved
4118,3,3,5,2,2026-02-20 08:43:00,2026-02-20 09:07:27,resolved
4119,3,4,3,8,2026-05-26 08:08:00,2026-05-27 16:33:41,resolved
4120,4,4,5,9,2026-04-28 00:50:00,2026-04-29 19:07:03,resolved
4121,3,4,4,7,2026-05-15 18:21:00,2026-05-16 05:56:39,resolved
4122,2,2,1,5,2026-06-24 10:12:00,2026-06-24 22:28:29,resolved
4123,1,1,1,4,2026-04-20 18:42:00,2026-04-20 19:01:31,resolved
4124,5,3,2,4,2026-04-09 11:38:00,2026-04-10 08:27:07,resolved
4125,2,4,2,9,2026-02-06 19:10:00,2026-02-06 20:04:48,resolved
4126,4,4,5,9,2026-06-21 06:09:00,2026-06-23 15:31:38,resolved
4127,3,1,2,9,2026-06-08 02:36:00,,cancelled
4128,5,1,2,8,2026-06-29 16:01:00,,cancelled
4129,2,1,1,8,2026-01-30 21:28:00,2026-01-30 23:00:09,resolved
4130,4,1,5,8,2026-03-01 08:18:00,2026-03-01 09:49:38,resolved
4131,4,3,5,10,2026-03-04 20:05:00,2026-03-05 04:45:24,resolved
4132,5,4,2,9,2026-04-27 11:40:00,2026-04-29 20:34:42,resolved
4133,1,4,3,7,2026-05-26 20:26:00,,cancelled
4134,3,1,3,10,2026-03-02 11:16:00,2026-03-02 12:29:33,resolved
4135,2,2,2,2,2026-02-08 22:30:00,2026-02-09 01:27:21,resolved
4136,5,1,1,8,2026-03-01 06:28:00,2026-03-01 06:52:05,resolved
4137,1,3,3,4,2026-04-02 01:25:00,2026-04-02 05:41:58,resolved
4138,5,1,3,4,2026-06-03 01:31:00,2026-06-03 03:12:28,resolved
4139,5,2,1,7,2026-03-05 17:35:00,,cancelled
4140,3,1,5,10,2026-05-07 15:31:00,2026-05-07 16:31:57,resolved
4141,1,4,2,2,2026-06-16 11:24:00,2026-06-22 01:03:45,resolved
4142,3,3,5,2,2026-05-30 02:55:00,2026-05-30 14:22:10,resolved
4143,5,2,1,2,2026-06-23 06:51:00,2026-06-23 11:28:09,resolved
4144,5,2,3,8,2026-02-27 04:38:00,2026-02-27 16:37:12,resolved
4145,1,2,2,8,2026-02-26 11:41:00,,in_progress
4146,1,1,1,7,2026-02-26 19:52:00,2026-02-26 20:52:39,resolved
4147,4,2,1,6,2026-01-08 22:21:00,2026-01-08 23:02:54,resolved
4148,3,4,5,10,2026-04-20 13:54:00,2026-04-20 15:49:25,resolved
4149,2,4,3,7,2026-02-17 06:49:00,2026-02-20 19:25:11,resolved
4150,5,3,4,1,2026-03-20 19:33:00,2026-03-21 12:24:43,resolved
4151,1,1,2,3,2026-06-29 03:12:00,2026-06-29 04:15:56,resolved
4152,3,4,2,5,2026-03-27 02:12:00,,cancelled
4153,2,1,5,3,2026-01-25 21:56:00,2026-01-26 01:15:35,resolved
4154,4,1,5,5,2026-06-29 03:33:00,2026-06-29 06:48:36,resolved
4155,1,2,2,5,2026-04-12 07:12:00,2026-04-12 21:35:56,resolved
4156,1,2,5,10,2026-03-26 17:22:00,2026-03-26 22:13:24,resolved
4157,2,2,1,9,2026-05-21 07:12:00,2026-05-21 12:46:04,resolved
4158,2,1,2,3,2026-06-20 23:27:00,2026-06-21 00:48:51,resolved
4159,5,4,4,5,2026-04-24 18:27:00,2026-04-26 01:44:01,resolved
4160,2,4,2,8,2026-01-15 05:40:00,2026-01-16 07:10:29,resolved
4161,5,3,4,10,2026-02-24 06:09:00,2026-02-25 00:51:49,resolved
4162,5,1,2,4,2026-01-07 17:42:00,,in_progress
4163,2,2,1,8,2026-01-28 13:43:00,2026-01-28 18:42:10,resolved
4164,1,4,2,6,2026-03-03 03:47:00,2026-03-05 20:37:10,resolved
4165,1,1,1,9,2026-02-12 15:34:00,2026-02-12 15:58:51,resolved
4166,2,3,2,8,2026-03-03 23:41:00,,in_progress
4167,3,3,5,6,2026-06-05 18:51:00,,in_progress
4168,1,4,1,10,2026-01-24 05:03:00,2026-01-24 05:45:39,resolved
4169,4,3,3,3,2026-05-17 10:15:00,2026-05-18 04:34:55,resolved
4170,1,3,5,9,2026-06-20 18:48:00,2026-06-22 03:42:34,resolved
4171,4,3,4,1,2026-02-26 09:01:00,2026-02-26 18:40:21,resolved
4172,1,4,5,2,2026-04-16 15:12:00,2026-04-16 18:21:28,resolved
4173,4,3,5,2,2026-02-23 07:51:00,,cancelled
4174,2,2,1,2,2026-04-25 12:58:00,2026-04-25 15:40:36,resolved
4175,1,2,1,2,2026-05-15 10:59:00,2026-05-16 00:13:37,resolved
4176,4,1,4,4,2026-03-07 11:06:00,2026-03-07 11:59:48,resolved
4177,1,2,1,6,2026-04-26 08:53:00,2026-04-26 14:08:41,resolved
4178,3,2,5,1,2026-05-16 04:16:00,2026-05-16 05:17:01,resolved
4179,2,4,1,10,2026-05-29 21:22:00,2026-06-02 12:53:42,resolved
4180,4,3,2,2,2026-05-18 15:23:00,2026-05-19 09:29:27,resolved
4181,1,4,5,2,2026-03-13 17:06:00,2026-03-15 16:40:59,resolved
4182,2,3,3,9,2026-05-18 12:59:00,2026-05-18 17:20:41,resolved
4183,4,1,3,1,2026-02-18 21:35:00,2026-02-18 22:41:48,resolved
4184,2,2,4,2,2026-06-06 04:54:00,,in_progress
4185,3,2,4,8,2026-01-24 10:42:00,2026-01-24 11:06:49,resolved
4186,5,2,1,8,2026-06-15 22:10:00,,cancelled
4187,2,4,5,5,2026-06-17 06:57:00,2026-06-19 08:54:10,resolved
4188,2,2,2,4,2026-05-03 06:53:00,2026-05-03 18:24:04,resolved
4189,3,1,4,10,2026-01-26 06:19:00,2026-01-26 07:27:49,resolved
4190,3,1,5,9,2026-02-03 13:12:00,,cancelled
4191,3,2,4,4,2026-05-18 20:05:00,2026-05-19 11:17:51,resolved
4192,2,3,2,7,2026-03-25 16:20:00,2026-03-26 12:50:16,resolved
4193,1,3,1,3,2026-03-21 02:27:00,2026-03-21 10:17:07,resolved
4194,1,1,3,2,2026-05-04 23:41:00,2026-05-05 01:12:24,resolved
4195,5,3,5,8,2026-03-26 19:23:00,2026-03-26 20:48:29,resolved
4196,3,3,3,7,2026-02-02 09:00:00,2026-02-02 15:55:56,resolved
4197,2,1,4,9,2026-02-15 21:47:00,2026-02-15 23:14:40,resolved
4198,1,3,2,5,2026-01-08 11:27:00,2026-01-09 07:00:29,resolved
4199,3,4,3,2,2026-01-25 23:01:00,,in_progress
4200,3,2,1,4,2026-06-20 07:25:00,2026-06-20 14:12:14,resolved
4201,4,1,4,6,2026-04-23 02:43:00,2026-04-23 03:57:58,resolved
4202,2,1,2,5,2026-02-19 04:58:00,2026-02-19 06:15:30,resolved
4203,4,4,4,5,2026-05-16 06:58:00,2026-05-18 23:17:31,resolved
4204,5,1,2,1,2026-02-25 07:50:00,2026-02-25 08:42:13,resolved
4205,1,3,4,3,2026-01-17 00:55:00,2026-01-17 04:21:30,resolved
4206,5,4,1,5,2026-02-21 17:40:00,2026-02-22 19:14:37,resolved
4207,4,2,4,9,2026-06-01 21:13:00,2026-06-02 01:03:29,resolved
4208,4,3,2,1,2026-06-18 18:08:00,,cancelled
4209,2,1,3,7,2026-03-03 18:34:00,2026-03-03 22:17:55,resolved
4210,4,1,5,9,2026-01-22 17:54:00,2026-01-22 21:04:50,resolved
4211,3,1,4,3,2026-04-14 09:11:00,2026-04-14 09:45:57,resolved
4212,4,1,2,1,2026-06-07 14:06:00,2026-06-07 14:58:17,resolved
4213,3,2,1,7,2026-06-22 21:23:00,2026-06-23 09:43:58,resolved
4214,1,2,3,9,2026-05-11 01:34:00,2026-05-11 05:43:18,resolved
4215,3,2,1,4,2026-02-05 16:31:00,2026-02-05 19:13:53,resolved
4216,3,1,1,9,2026-04-28 10:38:00,2026-04-28 11:09:32,resolved
4217,5,2,3,4,2026-04-30 09:09:00,2026-04-30 14:17:24,resolved
4218,3,4,2,9,2026-01-23 15:26:00,,in_progress
4219,5,3,3,1,2026-04-28 22:44:00,2026-04-30 03:27:13,resolved
4220,1,4,5,10,2026-01-04 10:19:00,2026-01-07 18:24:34,resolved
4221,2,4,1,5,2026-06-22 01:35:00,2026-06-27 05:07:57,resolved
4222,1,2,5,2,2026-03-10 15:18:00,2026-03-10 19:26:15,resolved
4223,3,1,5,10,2026-01-29 16:05:00,2026-01-29 17:31:09,resolved
4224,1,2,5,1,2026-05-24 21:11:00,2026-05-25 03:55:29,resolved
4225,2,3,5,6,2026-02-15 14:38:00,2026-02-17 12:28:13,resolved
4226,2,2,1,9,2026-01-05 20:34:00,,cancelled
4227,5,4,1,8,2026-01-30 07:46:00,2026-02-01 00:55:10,resolved
4228,5,4,1,2,2026-02-28 20:16:00,2026-03-01 03:07:01,resolved
4229,1,3,4,2,2026-06-25 04:30:00,,cancelled
4230,4,3,2,1,2026-05-16 08:34:00,2026-05-16 11:21:07,resolved
4231,3,1,2,1,2026-03-09 11:39:00,,in_progress
4232,4,2,5,9,2026-06-18 13:39:00,2026-06-18 17:50:39,resolved
4233,1,4,2,1,2026-04-11 21:45:00,2026-04-12 20:37:37,resolved
4234,2,3,5,5,2026-02-23 09:40:00,2026-02-24 03:26:43,resolved
4235,3,3,5,8,2026-06-01 12:10:00,2026-06-03 06:59:37,resolved
4236,4,4,2,9,2026-03-21 14:49:00,,in_progress
4237,1,4,1,9,2026-05-06 14:33:00,2026-05-06 22:01:24,resolved
4238,2,4,2,10,2026-04-19 00:18:00,2026-04-20 15:20:33,resolved
4239,3,3,5,10,2026-02-01 05:26:00,2026-02-01 11:45:09,resolved
4240,1,3,1,8,2026-04-12 22:08:00,2026-04-14 18:23:11,resolved
4241,1,3,4,1,2026-01-02 13:59:00,2026-01-03 05:50:48,resolved
4242,5,3,4,4,2026-04-14 17:14:00,2026-04-15 06:55:16,resolved
4243,4,4,1,10,2026-06-29 04:12:00,2026-07-04 05:05:28,resolved
4244,1,4,3,5,2026-02-09 05:52:00,,cancelled
4245,2,2,4,9,2026-05-25 11:04:00,2026-05-26 01:04:47,resolved
4246,4,3,2,6,2026-06-17 02:46:00,2026-06-17 05:24:55,resolved
4247,1,2,3,5,2026-01-25 02:00:00,,cancelled
4248,4,2,4,7,2026-03-16 14:34:00,2026-03-16 19:55:10,resolved
4249,5,3,1,3,2026-01-11 03:46:00,2026-01-12 00:41:04,resolved
4250,5,3,5,5,2026-06-28 19:49:00,2026-06-29 02:22:16,resolved
4251,1,4,4,1,2026-04-18 13:36:00,2026-04-22 19:14:24,resolved
4252,4,4,1,8,2026-06-09 16:17:00,2026-06-11 07:47:08,resolved
4253,3,4,3,8,2026-01-10 20:27:00,,cancelled
4254,5,3,1,8,2026-01-16 14:10:00,2026-01-16 21:54:43,resolved
4255,2,3,1,1,2026-06-28 10:42:00,2026-06-29 01:13:58,resolved
4256,3,2,1,9,2026-06-17 12:14:00,2026-06-17 18:28:43,resolved
4257,5,4,1,2,2026-05-05 03:48:00,2026-05-07 23:55:31,resolved
4258,3,2,3,9,2026-06-02 01:19:00,2026-06-02 15:47:51,resolved
4259,3,2,5,3,2026-04-22 16:58:00,2026-04-23 00:32:07,resolved
4260,2,2,3,6,2026-05-22 22:58:00,,cancelled
4261,2,3,5,4,2026-06-02 16:40:00,2026-06-03 03:55:56,resolved
4262,5,4,2,3,2026-01-19 03:10:00,2026-01-20 22:06:01,resolved
4263,2,2,5,2,2026-03-20 04:57:00,,cancelled
4264,4,1,1,1,2026-06-29 02:36:00,2026-06-29 05:51:23,resolved
4265,2,3,5,5,2026-03-25 22:58:00,2026-03-26 02:32:38,resolved
4266,2,2,2,1,2026-02-09 16:11:00,2026-02-10 07:20:14,resolved
4267,4,1,2,4,2026-06-20 23:39:00,2026-06-21 02:29:11,resolved
4268,1,4,3,5,2026-04-15 09:55:00,2026-04-19 07:41:09,resolved
4269,1,4,4,2,2026-04-15 02:53:00,2026-04-15 14:25:42,resolved
4270,3,2,1,8,2026-05-20 07:55:00,,in_progress
4271,1,1,4,9,2026-04-12 04:46:00,2026-04-12 06:34:57,resolved
4272,2,3,4,5,2026-03-07 22:27:00,2026-03-09 01:42:47,resolved
4273,5,2,1,10,2026-01-05 20:17:00,2026-01-06 07:49:26,resolved
4274,3,3,2,4,2026-01-27 16:37:00,,cancelled
4275,4,2,4,2,2026-06-22 03:10:00,2026-06-22 05:22:40,resolved
4276,2,2,1,4,2026-03-08 10:22:00,2026-03-08 14:32:40,resolved
4277,2,2,2,4,2026-04-09 06:18:00,2026-04-09 10:24:52,resolved
4278,4,1,2,3,2026-05-06 06:31:00,2026-05-06 07:21:52,resolved
4279,2,2,1,2,2026-03-10 22:50:00,2026-03-10 23:38:54,resolved
4280,5,4,4,7,2026-03-28 15:34:00,2026-03-30 13:43:52,resolved
4281,1,1,4,4,2026-01-18 08:37:00,2026-01-18 11:47:01,resolved
4282,3,2,3,1,2026-04-24 11:47:00,2026-04-24 15:51:01,resolved
4283,2,3,5,9,2026-06-22 08:30:00,2026-06-22 21:07:22,resolved
4284,2,3,1,8,2026-02-25 07:04:00,,in_progress
4285,4,4,1,8,2026-01-27 16:50:00,,in_progress
4286,2,1,3,5,2026-03-07 09:02:00,2026-03-07 10:27:46,resolved
4287,4,2,1,7,2026-04-10 03:29:00,2026-04-10 09:01:15,resolved
4288,3,4,4,5,2026-03-03 08:27:00,,cancelled
4289,5,3,3,2,2026-05-31 15:23:00,2026-05-31 19:04:06,resolved
4290,5,2,3,7,2026-01-10 20:59:00,,cancelled
4291,1,4,2,8,2026-03-05 14:15:00,2026-03-06 11:19:44,resolved
4292,3,4,3,8,2026-04-22 19:53:00,2026-04-23 19:09:36,resolved
4293,3,2,4,9,2026-06-09 05:52:00,2026-06-09 08:01:46,resolved
4294,1,4,1,9,2026-06-06 18:12:00,2026-06-12 03:24:54,resolved
4295,1,2,1,10,2026-01-27 09:28:00,2026-01-27 11:04:46,resolved
4296,4,3,2,1,2026-05-23 05:34:00,2026-05-23 15:19:39,resolved
4297,3,3,3,3,2026-03-29 19:22:00,2026-03-30 21:17:00,resolved
4298,5,1,2,7,2026-06-15 08:53:00,2026-06-15 10:14:21,resolved
4299,3,4,2,4,2026-01-27 21:04:00,2026-01-29 16:36:31,resolved
4300,1,3,2,3,2026-05-17 13:05:00,2026-05-19 05:21:16,resolved
4301,4,1,5,9,2026-04-02 15:55:00,2026-04-02 19:53:18,resolved
4302,5,1,1,5,2026-05-04 14:23:00,2026-05-04 16:11:50,resolved
4303,4,1,2,5,2026-04-25 17:47:00,2026-04-25 21:39:55,resolved
4304,4,3,2,8,2026-04-16 22:19:00,2026-04-17 06:12:13,resolved
4305,1,2,5,5,2026-01-24 00:13:00,2026-01-24 06:46:47,resolved
4306,1,1,1,4,2026-06-26 12:26:00,2026-06-26 15:59:08,resolved
4307,1,2,1,10,2026-05-26 22:48:00,2026-05-27 02:14:19,resolved
4308,5,4,1,7,2026-06-24 22:51:00,2026-06-28 08:17:44,resolved
4309,1,1,2,4,2026-05-23 02:48:00,2026-05-23 03:53:40,resolved
4310,2,2,1,1,2026-01-14 07:02:00,,in_progress
4311,4,2,3,9,2026-02-22 07:52:00,,cancelled
4312,5,3,3,2,2026-03-05 04:00:00,2026-03-06 00:46:48,resolved
4313,4,4,3,3,2026-06-19 00:21:00,2026-06-19 09:29:35,resolved
4314,4,4,5,5,2026-06-13 07:10:00,2026-06-19 00:15:29,resolved
4315,2,2,5,10,2026-05-19 07:13:00,2026-05-19 10:26:52,resolved
4316,1,3,2,1,2026-06-02 09:08:00,2026-06-02 17:06:25,resolved
4317,1,1,1,10,2026-03-20 23:05:00,,cancelled
4318,4,4,5,5,2026-02-27 16:19:00,2026-03-01 15:41:58,resolved
4319,4,1,2,1,2026-05-10 23:52:00,2026-05-11 00:47:03,resolved
4320,5,4,3,5,2026-05-10 12:43:00,,cancelled
4321,5,3,4,6,2026-01-22 06:47:00,,cancelled
4322,2,1,5,3,2026-04-23 14:28:00,,cancelled
4323,4,4,5,9,2026-03-27 14:10:00,2026-03-27 23:46:28,resolved
4324,1,4,2,8,2026-06-30 06:55:00,2026-07-03 21:58:02,resolved
4325,2,4,5,6,2026-05-29 13:47:00,2026-05-29 22:43:09,resolved
4326,2,4,5,5,2026-01-31 10:31:00,2026-02-02 16:52:37,resolved
4327,2,1,4,8,2026-04-22 07:50:00,2026-04-22 08:26:24,resolved
4328,1,3,3,3,2026-03-16 12:42:00,2026-03-16 18:18:59,resolved
4329,4,4,5,8,2026-06-14 06:09:00,2026-06-18 15:00:48,resolved
4330,1,4,5,2,2026-06-23 00:55:00,2026-06-24 16:27:47,resolved
4331,5,1,4,6,2026-04-06 07:53:00,2026-04-06 11:22:11,resolved
4332,4,4,1,9,2026-02-22 22:08:00,2026-02-24 04:37:23,resolved
4333,1,1,5,3,2026-01-04 06:41:00,2026-01-04 08:04:18,resolved
4334,5,2,3,8,2026-05-24 09:20:00,2026-05-24 21:00:48,resolved
4335,2,1,3,3,2026-05-08 18:23:00,,in_progress
4336,2,1,4,7,2026-02-10 19:00:00,2026-02-10 20:45:01,resolved
4337,5,4,4,10,2026-04-11 16:16:00,2026-04-13 03:03:14,resolved
4338,4,2,1,3,2026-02-10 04:34:00,,in_progress
4339,5,2,1,9,2026-04-22 19:04:00,2026-04-23 05:17:43,resolved
4340,3,1,4,3,2026-01-10 05:05:00,2026-01-10 05:29:48,resolved
4341,1,1,2,6,2026-03-23 17:42:00,2026-03-23 18:04:47,resolved
4342,5,1,5,3,2026-05-23 08:07:00,2026-05-23 08:28:34,resolved
4343,2,4,3,8,2026-06-01 06:08:00,2026-06-07 01:09:58,resolved
4344,1,4,1,2,2026-04-27 15:14:00,2026-04-28 11:07:30,resolved
4345,3,2,1,3,2026-01-17 20:30:00,,cancelled
4346,5,3,1,1,2026-01-29 21:30:00,2026-01-30 15:38:41,resolved
4347,1,2,1,6,2026-02-26 10:19:00,2026-02-26 15:56:02,resolved
4348,1,3,4,10,2026-02-27 01:23:00,2026-02-27 22:33:46,resolved
4349,2,1,4,6,2026-01-17 03:31:00,2026-01-17 06:53:37,resolved
4350,2,1,5,6,2026-06-29 11:59:00,2026-06-29 13:02:33,resolved
4351,1,2,2,2,2026-06-12 06:33:00,2026-06-12 07:20:42,resolved
4352,5,3,3,3,2026-03-10 04:45:00,2026-03-10 16:08:17,resolved
4353,1,1,4,5,2026-03-13 19:05:00,2026-03-13 20:26:40,resolved
4354,3,4,5,7,2026-04-07 01:42:00,,cancelled
4355,3,2,3,1,2026-04-05 01:50:00,2026-04-05 04:45:22,resolved
4356,5,2,4,6,2026-03-09 04:12:00,2026-03-09 20:02:23,resolved
4357,3,2,1,7,2026-06-01 15:50:00,,cancelled
4358,3,2,5,3,2026-03-23 09:31:00,2026-03-23 21:14:41,resolved
4359,2,1,1,10,2026-01-06 20:14:00,2026-01-06 21:37:37,resolved
4360,4,1,2,8,2026-05-02 04:14:00,,cancelled
4361,5,3,1,4,2026-02-26 13:13:00,2026-02-27 05:33:24,resolved
4362,2,1,5,10,2026-02-24 12:26:00,2026-02-24 13:14:24,resolved
4363,1,3,4,4,2026-06-10 03:37:00,2026-06-10 05:56:54,resolved
4364,5,3,1,8,2026-04-03 03:30:00,2026-04-03 19:52:28,resolved
4365,4,2,5,10,2026-03-31 22:41:00,2026-04-01 13:34:37,resolved
4366,2,3,3,4,2026-01-17 13:20:00,2026-01-18 00:51:32,resolved
4367,4,1,1,2,2026-04-17 18:32:00,2026-04-17 20:12:18,resolved
4368,1,4,4,7,2026-06-01 20:22:00,,cancelled
4369,2,4,3,4,2026-04-19 22:20:00,2026-04-24 03:46:11,resolved
4370,1,4,3,7,2026-02-22 12:57:00,2026-02-23 03:46:15,resolved
4371,3,1,5,6,2026-03-21 10:31:00,2026-03-21 11:14:29,resolved
4372,3,1,1,7,2026-06-28 18:41:00,2026-06-28 22:37:43,resolved
4373,4,2,3,6,2026-05-01 14:31:00,2026-05-01 16:50:10,resolved
4374,3,2,2,6,2026-03-12 17:05:00,2026-03-12 23:52:22,resolved
4375,4,2,1,1,2026-06-18 01:09:00,2026-06-18 01:55:58,resolved
4376,2,3,3,4,2026-06-17 10:25:00,2026-06-18 04:02:09,resolved
4377,2,3,3,3,2026-02-07 11:28:00,2026-02-08 08:02:32,resolved
4378,2,2,5,7,2026-06-19 06:34:00,2026-06-19 12:49:21,resolved
4379,5,2,3,1,2026-03-27 04:57:00,2026-03-27 10:53:26,resolved
4380,1,1,5,5,2026-06-18 16:46:00,2026-06-18 18:08:10,resolved
4381,5,4,2,10,2026-05-05 12:34:00,2026-05-07 21:03:02,resolved
4382,1,4,4,5,2026-05-26 12:00:00,2026-05-26 22:30:09,resolved
4383,2,3,5,7,2026-06-21 11:00:00,2026-06-22 00:35:16,resolved
4384,2,4,5,5,2026-02-25 20:25:00,2026-02-26 07:12:32,resolved
4385,2,3,3,4,2026-04-09 15:40:00,2026-04-10 09:46:57,resolved
4386,2,3,5,3,2026-03-28 05:25:00,,in_progress
4387,4,3,2,9,2026-02-15 22:25:00,,cancelled
4388,2,4,1,7,2026-05-08 23:32:00,2026-05-14 12:48:34,resolved
4389,3,3,1,1,2026-06-13 07:29:00,2026-06-13 20:51:54,resolved
4390,4,1,4,4,2026-03-04 20:29:00,,cancelled
4391,4,3,4,5,2026-05-20 07:32:00,2026-05-21 01:26:50,resolved
4392,5,4,5,2,2026-02-03 23:27:00,2026-02-05 23:02:58,resolved
4393,5,4,1,9,2026-04-10 23:21:00,2026-04-11 06:26:09,resolved
4394,4,4,2,4,2026-04-27 00:20:00,2026-04-29 13:27:12,resolved
4395,4,1,4,9,2026-03-16 22:12:00,2026-03-16 23:01:22,resolved
4396,5,3,2,2,2026-02-08 21:17:00,2026-02-09 11:56:43,resolved
4397,4,4,2,8,2026-04-19 13:44:00,2026-04-20 15:17:01,resolved
4398,2,3,2,2,2026-02-17 15:25:00,2026-02-17 16:04:27,resolved
4399,2,2,1,2,2026-02-21 19:01:00,2026-02-22 10:30:46,resolved
4400,3,1,4,6,2026-03-04 19:51:00,2026-03-04 21:24:19,resolved
4401,2,4,5,4,2026-04-18 00:36:00,2026-04-20 07:16:55,resolved
4402,5,3,1,9,2026-06-17 09:07:00,2026-06-18 07:15:31,resolved
4403,2,1,3,8,2026-04-19 01:49:00,2026-04-19 02:24:32,resolved
4404,5,3,5,2,2026-06-25 22:14:00,2026-06-25 23:41:38,resolved
4405,5,2,4,6,2026-06-04 07:12:00,,in_progress
4406,3,1,1,3,2026-01-17 22:07:00,,in_progress
4407,4,1,1,7,2026-03-29 13:53:00,2026-03-29 14:34:03,resolved
4408,4,3,5,7,2026-01-14 20:51:00,2026-01-15 03:37:51,resolved
4409,3,3,3,6,2026-02-21 16:03:00,2026-02-22 09:37:11,resolved
4410,2,1,2,7,2026-02-07 02:36:00,2026-02-07 03:38:32,resolved
4411,2,2,1,7,2026-05-04 12:06:00,2026-05-04 16:59:58,resolved
4412,3,2,2,8,2026-04-07 23:40:00,2026-04-08 00:53:55,resolved
4413,5,3,5,5,2026-03-31 13:16:00,2026-04-01 00:06:29,resolved
4414,3,4,1,9,2026-05-24 22:08:00,2026-05-25 17:04:51,resolved
4415,4,4,3,7,2026-06-23 23:27:00,2026-06-26 11:00:38,resolved
4416,5,3,1,9,2026-01-22 11:57:00,2026-01-23 22:37:34,resolved
4417,3,2,2,5,2026-04-16 20:07:00,2026-04-16 23:46:50,resolved
4418,2,2,5,4,2026-05-25 04:00:00,2026-05-25 04:52:56,resolved
4419,2,2,3,5,2026-02-28 10:08:00,2026-02-28 15:51:00,resolved
4420,2,2,5,8,2026-01-23 01:29:00,2026-01-23 04:27:41,resolved
4421,5,1,4,4,2026-05-03 04:20:00,2026-05-03 04:58:49,resolved
4422,3,3,1,4,2026-02-08 04:13:00,2026-02-09 12:01:42,resolved
4423,2,2,4,7,2026-05-08 09:54:00,2026-05-08 12:19:15,resolved
4424,3,1,5,4,2026-05-29 15:14:00,,in_progress
4425,3,3,4,1,2026-03-15 19:05:00,2026-03-17 12:37:57,resolved
4426,5,2,3,5,2026-02-06 23:46:00,,in_progress
4427,2,1,2,3,2026-03-14 22:55:00,2026-03-15 00:11:58,resolved
4428,5,4,5,6,2026-01-21 08:51:00,,cancelled
4429,4,3,2,1,2026-05-11 09:13:00,2026-05-11 09:43:13,resolved
4430,2,4,3,7,2026-06-11 19:30:00,2026-06-12 09:05:27,resolved
4431,3,1,5,10,2026-06-25 04:16:00,2026-06-25 04:49:38,resolved
4432,3,2,5,9,2026-06-24 18:00:00,2026-06-25 02:39:24,resolved
4433,2,3,1,4,2026-02-10 20:52:00,2026-02-10 21:26:04,resolved
4434,4,2,4,4,2026-06-04 06:56:00,2026-06-04 11:19:17,resolved
4435,3,4,5,4,2026-01-08 11:21:00,2026-01-11 00:46:05,resolved
4436,2,1,2,7,2026-06-29 02:35:00,2026-06-29 03:25:57,resolved
4437,2,2,5,2,2026-03-20 21:28:00,2026-03-21 00:59:04,resolved
4438,1,2,3,2,2026-04-01 18:03:00,2026-04-01 18:58:35,resolved
4439,3,1,3,6,2026-04-26 08:51:00,2026-04-26 10:20:22,resolved
4440,3,1,3,5,2026-04-07 10:21:00,2026-04-07 11:30:16,resolved
4441,1,1,4,2,2026-03-21 06:31:00,2026-03-21 07:04:50,resolved
4442,5,4,1,5,2026-05-11 16:58:00,2026-05-14 11:05:10,resolved
4443,5,3,1,9,2026-02-09 18:39:00,2026-02-10 15:55:03,resolved
4444,5,1,2,5,2026-01-31 07:26:00,2026-01-31 08:11:28,resolved
4445,5,3,4,4,2026-04-09 19:00:00,2026-04-11 09:16:23,resolved
4446,4,4,3,3,2026-01-11 09:35:00,2026-01-16 05:27:32,resolved
4447,5,1,2,10,2026-03-02 07:28:00,2026-03-02 08:30:07,resolved
4448,1,1,4,1,2026-01-11 19:06:00,2026-01-11 19:49:56,resolved
4449,5,2,4,7,2026-04-26 06:12:00,2026-04-26 13:17:37,resolved
4450,3,1,2,2,2026-04-05 05:19:00,2026-04-05 07:11:01,resolved
4451,1,3,3,7,2026-06-20 16:27:00,2026-06-21 12:43:38,resolved
4452,3,1,5,6,2026-01-19 04:39:00,2026-01-19 05:49:53,resolved
4453,5,3,5,8,2026-02-05 21:21:00,,cancelled
4454,3,2,5,5,2026-03-15 22:08:00,2026-03-16 03:00:11,resolved
4455,3,3,1,10,2026-02-26 00:17:00,2026-02-26 20:49:43,resolved
4456,5,3,3,9,2026-06-23 22:06:00,2026-06-24 18:06:35,resolved
4457,3,2,2,1,2026-06-18 12:11:00,2026-06-18 21:10:38,resolved
4458,3,2,5,3,2026-06-05 19:07:00,2026-06-06 00:34:34,resolved
4459,5,3,3,1,2026-03-01 06:31:00,2026-03-01 21:01:11,resolved
4460,3,4,2,8,2026-05-06 09:11:00,2026-05-06 22:53:14,resolved
4461,3,2,4,6,2026-05-01 14:23:00,2026-05-02 04:59:29,resolved
4462,3,1,5,7,2026-04-01 03:19:00,,cancelled
4463,4,2,1,9,2026-02-15 18:28:00,2026-02-16 08:41:42,resolved
4464,5,3,4,5,2026-01-14 17:22:00,2026-01-15 14:35:11,resolved
4465,5,3,4,2,2026-05-14 20:38:00,2026-05-15 05:01:55,resolved
4466,5,2,1,7,2026-06-13 18:26:00,2026-06-13 19:49:22,resolved
4467,5,1,4,6,2026-03-22 14:35:00,2026-03-22 15:12:17,resolved
4468,2,1,5,8,2026-04-06 04:19:00,2026-04-06 07:23:47,resolved
4469,5,4,5,8,2026-05-22 11:23:00,2026-05-23 19:55:49,resolved
4470,1,3,1,4,2026-05-06 21:59:00,2026-05-07 12:51:32,resolved
4471,2,1,4,7,2026-03-29 08:30:00,2026-03-29 12:03:27,resolved
4472,2,2,4,8,2026-04-09 08:51:00,2026-04-09 14:06:58,resolved
4473,1,2,5,10,2026-04-16 08:47:00,2026-04-16 15:50:31,resolved
4474,4,4,5,3,2026-03-22 02:14:00,2026-03-23 20:25:17,resolved
4475,1,4,3,2,2026-04-09 03:44:00,2026-04-10 14:50:13,resolved
4476,1,3,5,7,2026-04-07 18:39:00,2026-04-07 23:40:50,resolved
4477,3,3,3,6,2026-05-22 22:38:00,2026-05-23 20:24:32,resolved
4478,4,2,1,3,2026-04-17 19:46:00,2026-04-17 20:35:40,resolved
4479,5,1,3,6,2026-04-04 14:23:00,2026-04-04 15:19:32,resolved
4480,4,1,3,5,2026-05-07 04:40:00,2026-05-07 05:13:26,resolved
4481,4,1,2,4,2026-03-13 20:04:00,,cancelled
4482,4,2,2,7,2026-05-14 09:02:00,2026-05-14 11:11:59,resolved
4483,4,2,3,5,2026-05-08 08:41:00,2026-05-08 14:00:45,resolved
4484,5,3,3,8,2026-04-20 19:13:00,2026-04-21 06:24:09,resolved
4485,4,1,1,1,2026-02-06 19:02:00,2026-02-06 22:09:43,resolved
4486,2,3,1,2,2026-06-24 22:51:00,2026-06-25 09:54:29,resolved
4487,2,1,5,5,2026-03-13 02:06:00,2026-03-13 04:17:34,resolved
4488,4,1,1,4,2026-02-24 14:41:00,2026-02-24 15:18:01,resolved
4489,2,4,5,9,2026-03-24 00:03:00,,cancelled
4490,2,1,2,10,2026-06-25 15:26:00,2026-06-25 15:44:20,resolved
4491,4,4,4,6,2026-01-27 22:08:00,2026-01-29 01:32:19,resolved
4492,2,3,3,6,2026-03-24 06:45:00,2026-03-24 17:16:31,resolved
4493,1,1,1,4,2026-06-26 09:34:00,2026-06-26 11:00:33,resolved
4494,3,4,4,4,2026-04-26 09:38:00,2026-04-26 21:25:03,resolved
4495,4,2,3,10,2026-02-21 18:47:00,2026-02-22 00:30:04,resolved
4496,5,1,4,9,2026-04-20 07:02:00,2026-04-20 09:12:18,resolved
4497,3,4,2,7,2026-01-07 01:37:00,2026-01-08 06:12:30,resolved
4498,4,4,3,6,2026-06-29 00:55:00,2026-06-29 20:55:43,resolved
4499,1,3,5,7,2026-03-30 22:52:00,,cancelled
4500,4,3,1,6,2026-04-07 18:24:00,2026-04-09 08:37:26,resolved
4501,1,1,2,3,2026-04-07 04:32:00,2026-04-07 05:34:07,resolved
4502,3,2,4,1,2026-04-29 07:48:00,,in_progress
4503,1,3,1,3,2026-02-24 05:16:00,2026-02-24 14:20:34,resolved
4504,2,2,1,1,2026-02-18 10:43:00,2026-02-18 17:59:54,resolved
4505,5,2,4,9,2026-01-26 22:17:00,2026-01-27 09:48:53,resolved
4506,5,1,4,5,2026-01-22 11:35:00,2026-01-22 12:31:17,resolved
4507,3,2,5,6,2026-05-11 02:04:00,2026-05-11 06:30:33,resolved
4508,2,3,2,9,2026-06-01 09:35:00,2026-06-03 04:48:06,resolved
4509,3,3,3,10,2026-03-01 10:40:00,2026-03-01 19:58:26,resolved
4510,3,3,5,4,2026-02-13 00:24:00,2026-02-13 17:29:03,resolved
4511,4,3,4,4,2026-05-02 20:00:00,2026-05-03 04:50:45,resolved
4512,2,1,5,9,2026-05-20 21:17:00,2026-05-20 21:55:10,resolved
4513,4,2,5,1,2026-04-04 02:30:00,2026-04-04 12:58:30,resolved
4514,2,2,4,4,2026-06-16 00:51:00,2026-06-16 06:41:28,resolved
4515,4,3,4,7,2026-04-26 01:22:00,2026-04-26 01:56:22,resolved
4516,4,4,5,1,2026-03-03 14:03:00,2026-03-05 15:40:46,resolved
4517,1,2,5,10,2026-01-09 15:15:00,2026-01-09 16:23:38,resolved
4518,2,1,1,4,2026-01-16 04:40:00,2026-01-16 05:33:16,resolved
4519,5,3,4,9,2026-06-13 18:58:00,2026-06-14 14:21:58,resolved
4520,1,2,4,8,2026-03-28 08:36:00,2026-03-28 16:01:29,resolved
4521,4,2,5,1,2026-02-02 09:19:00,2026-02-02 15:32:40,resolved
4522,3,1,5,2,2026-06-10 22:23:00,2026-06-10 23:26:22,resolved
4523,5,4,2,10,2026-04-28 07:37:00,2026-04-29 05:27:30,resolved
4524,4,4,2,8,2026-05-20 19:05:00,2026-05-22 04:38:03,resolved
4525,4,1,3,5,2026-03-17 00:25:00,2026-03-17 02:09:13,resolved
4526,2,1,2,5,2026-02-06 14:41:00,2026-02-06 16:20:47,resolved
4527,4,3,1,8,2026-01-31 23:55:00,2026-02-01 14:00:17,resolved
4528,1,3,3,2,2026-05-03 10:07:00,2026-05-05 02:38:41,resolved
4529,5,2,4,3,2026-04-09 08:56:00,2026-04-09 21:05:27,resolved
4530,3,4,3,4,2026-04-13 19:46:00,2026-04-14 09:30:06,resolved
4531,2,1,1,2,2026-05-10 10:32:00,2026-05-10 11:08:57,resolved
4532,2,3,2,10,2026-06-22 08:21:00,2026-06-23 01:37:05,resolved
4533,2,2,3,8,2026-02-17 05:01:00,2026-02-17 14:51:55,resolved
4534,2,2,1,4,2026-04-18 00:43:00,2026-04-18 04:04:00,resolved
4535,3,4,2,7,2026-06-08 22:36:00,,in_progress
4536,1,1,1,8,2026-05-16 00:34:00,2026-05-16 01:47:16,resolved
4537,4,3,5,9,2026-01-01 20:49:00,2026-01-02 15:21:18,resolved
4538,5,2,2,9,2026-04-10 02:16:00,2026-04-10 06:40:42,resolved
4539,2,2,4,8,2026-04-12 07:24:00,2026-04-12 17:04:01,resolved
4540,1,1,3,5,2026-05-08 02:18:00,2026-05-08 03:59:29,resolved
4541,1,1,4,7,2026-04-27 19:06:00,2026-04-27 20:06:27,resolved
4542,2,2,2,3,2026-05-08 03:02:00,,cancelled
4543,3,2,1,10,2026-03-22 22:19:00,2026-03-23 01:04:50,resolved
4544,4,3,1,9,2026-05-08 15:50:00,2026-05-09 17:11:17,resolved
4545,1,1,5,8,2026-06-20 00:21:00,2026-06-20 03:04:19,resolved
4546,4,4,3,10,2026-06-12 04:13:00,2026-06-15 13:24:49,resolved
4547,4,4,3,9,2026-03-13 11:49:00,2026-03-13 16:36:08,resolved
4548,4,1,5,7,2026-03-14 14:44:00,2026-03-14 15:02:27,resolved
4549,4,2,1,5,2026-06-09 01:39:00,2026-06-09 13:02:13,resolved
4550,5,3,1,5,2026-06-29 13:15:00,2026-06-30 21:31:57,resolved
4551,3,3,4,9,2026-01-03 09:46:00,,cancelled
4552,3,3,5,2,2026-02-10 22:53:00,2026-02-11 01:33:40,resolved
4553,5,4,3,7,2026-01-30 18:18:00,,cancelled
4554,2,4,5,3,2026-06-25 08:34:00,2026-06-28 04:19:51,resolved
4555,4,2,5,4,2026-01-12 17:02:00,2026-01-12 18:03:42,resolved
4556,5,3,2,10,2026-06-12 22:33:00,2026-06-13 19:00:49,resolved
4557,4,3,3,4,2026-03-18 15:46:00,2026-03-18 17:02:16,resolved
4558,2,1,1,5,2026-02-23 06:53:00,,in_progress
4559,2,3,4,4,2026-03-30 01:48:00,2026-03-31 23:48:37,resolved
4560,5,4,4,9,2026-03-08 05:36:00,,in_progress
4561,1,2,1,5,2026-06-08 09:35:00,2026-06-08 14:26:09,resolved
4562,3,3,1,6,2026-05-29 13:17:00,2026-05-30 11:27:28,resolved
4563,5,2,5,8,2026-03-22 14:19:00,2026-03-22 21:36:14,resolved
4564,4,3,5,2,2026-02-22 03:53:00,2026-02-22 09:57:52,resolved
4565,3,2,3,4,2026-02-13 13:43:00,2026-02-13 17:49:13,resolved
4566,4,3,4,9,2026-01-12 00:35:00,2026-01-12 23:03:07,resolved
4567,2,2,5,2,2026-05-05 20:43:00,2026-05-06 03:03:16,resolved
4568,4,1,3,10,2026-02-25 11:57:00,2026-02-25 12:40:43,resolved
4569,2,3,3,10,2026-06-18 12:25:00,2026-06-18 17:27:54,resolved
4570,2,1,4,2,2026-02-13 13:56:00,2026-02-13 14:31:50,resolved
4571,2,2,2,6,2026-03-21 08:10:00,2026-03-21 12:34:19,resolved
4572,4,2,1,10,2026-03-09 23:08:00,2026-03-10 05:35:21,resolved
4573,2,4,3,10,2026-02-07 16:26:00,2026-02-08 14:47:41,resolved
4574,5,1,2,3,2026-01-09 09:40:00,2026-01-09 12:53:00,resolved
4575,2,4,3,2,2026-06-21 19:57:00,2026-06-22 02:45:55,resolved
4576,1,3,4,5,2026-02-21 11:53:00,2026-02-22 20:28:56,resolved
4577,2,3,4,7,2026-01-26 08:56:00,2026-01-26 14:05:39,resolved
4578,2,3,4,5,2026-02-06 01:33:00,,cancelled
4579,5,3,1,8,2026-05-16 16:21:00,2026-05-16 16:52:42,resolved
4580,5,2,2,2,2026-01-12 10:49:00,2026-01-12 16:03:33,resolved
4581,5,4,2,2,2026-02-16 00:29:00,2026-02-16 03:41:48,resolved
4582,3,4,2,6,2026-04-08 17:51:00,2026-04-11 07:37:51,resolved
4583,4,1,5,10,2026-02-28 12:21:00,2026-02-28 13:23:08,resolved
4584,5,3,5,4,2026-01-02 15:36:00,2026-01-04 12:49:52,resolved
4585,3,1,5,4,2026-05-01 16:10:00,2026-05-01 17:47:21,resolved
4586,2,2,3,1,2026-05-26 09:45:00,2026-05-26 14:22:30,resolved
4587,5,4,5,6,2026-01-18 05:31:00,2026-01-23 01:33:23,resolved
4588,2,1,2,3,2026-05-12 23:04:00,2026-05-13 00:41:41,resolved
4589,5,3,4,1,2026-02-10 23:27:00,2026-02-11 13:29:59,resolved
4590,1,1,5,1,2026-01-18 11:55:00,2026-01-18 13:20:36,resolved
4591,2,4,1,4,2026-06-20 15:40:00,,in_progress
4592,3,1,4,9,2026-03-11 17:35:00,,in_progress
4593,2,1,2,6,2026-02-10 22:31:00,2026-02-10 23:14:13,resolved
4594,4,2,5,5,2026-03-31 18:41:00,2026-03-31 23:40:25,resolved
4595,2,2,3,5,2026-01-27 12:26:00,2026-01-27 18:14:34,resolved
4596,5,4,3,3,2026-05-03 21:57:00,2026-05-05 15:54:16,resolved
4597,5,1,1,2,2026-05-29 10:04:00,2026-05-29 12:15:21,resolved
4598,5,2,3,2,2026-01-19 22:31:00,2026-01-20 03:02:06,resolved
4599,1,2,4,1,2026-06-12 17:08:00,2026-06-12 20:58:13,resolved
4600,1,2,3,4,2026-02-12 17:08:00,2026-02-12 23:06:55,resolved
4601,5,2,3,10,2026-04-14 14:07:00,2026-04-14 18:39:17,resolved
4602,2,1,1,9,2026-04-24 02:36:00,2026-04-24 06:20:20,resolved
4603,4,2,4,4,2026-04-03 16:57:00,2026-04-03 23:48:46,resolved
4604,1,2,1,8,2026-04-09 04:58:00,,in_progress
4605,1,4,1,1,2026-06-20 04:12:00,2026-06-22 19:58:25,resolved
4606,4,1,3,10,2026-03-11 15:11:00,2026-03-11 16:35:26,resolved
4607,2,3,2,10,2026-02-18 17:24:00,2026-02-18 22:55:52,resolved
4608,4,2,3,10,2026-05-15 22:05:00,2026-05-16 01:07:12,resolved
4609,2,4,5,9,2026-05-27 22:32:00,2026-05-29 18:18:42,resolved
4610,4,2,4,1,2026-05-03 06:25:00,2026-05-03 22:21:37,resolved
4611,4,4,2,10,2026-06-05 14:51:00,2026-06-07 11:59:10,resolved
4612,2,3,3,6,2026-04-19 10:10:00,2026-04-21 04:34:30,resolved
4613,3,4,5,2,2026-05-17 14:35:00,2026-05-21 14:44:17,resolved
4614,4,2,2,4,2026-05-05 19:45:00,2026-05-06 05:13:50,resolved
4615,1,2,2,8,2026-02-06 03:48:00,2026-02-06 10:31:46,resolved
4616,5,2,3,10,2026-02-26 01:00:00,2026-02-26 13:30:06,resolved
4617,4,3,1,1,2026-05-18 21:28:00,2026-05-19 18:44:53,resolved
4618,5,1,5,5,2026-03-25 19:04:00,2026-03-25 20:15:14,resolved
4619,3,2,5,5,2026-03-15 21:54:00,2026-03-16 03:21:36,resolved
4620,1,2,2,4,2026-01-01 22:06:00,2026-01-02 05:26:32,resolved
4621,4,3,5,9,2026-06-01 05:52:00,2026-06-01 14:27:15,resolved
4622,4,1,5,10,2026-06-20 01:31:00,2026-06-20 02:27:07,resolved
4623,2,2,3,6,2026-02-06 15:00:00,2026-02-06 16:07:56,resolved
4624,2,2,2,10,2026-01-09 23:24:00,2026-01-10 02:26:06,resolved
4625,5,4,3,4,2026-02-17 18:42:00,2026-02-17 22:16:21,resolved
4626,3,4,5,3,2026-01-17 01:28:00,2026-01-18 21:52:20,resolved
4627,1,2,5,8,2026-03-30 11:58:00,,cancelled
4628,3,1,5,4,2026-03-23 03:24:00,,cancelled
4629,4,1,2,2,2026-06-04 12:53:00,2026-06-04 13:44:42,resolved
4630,3,1,4,9,2026-04-02 21:26:00,2026-04-02 21:47:14,resolved
4631,1,2,5,2,2026-06-26 02:54:00,2026-06-26 03:22:31,resolved
4632,3,2,5,10,2026-04-06 06:01:00,2026-04-06 07:51:09,resolved
4633,3,2,2,10,2026-04-12 07:13:00,2026-04-12 21:37:24,resolved
4634,1,2,1,6,2026-02-24 07:53:00,2026-02-24 13:23:20,resolved
4635,1,3,2,6,2026-05-25 00:43:00,2026-05-25 16:14:18,resolved
4636,3,4,3,1,2026-05-11 14:24:00,2026-05-13 20:01:33,resolved
4637,2,3,3,7,2026-03-17 01:13:00,2026-03-17 20:23:50,resolved
4638,3,3,4,8,2026-06-17 04:49:00,2026-06-17 16:49:38,resolved
4639,2,3,1,1,2026-02-22 16:43:00,2026-02-23 21:47:46,resolved
4640,4,1,5,8,2026-05-29 18:18:00,,cancelled
4641,4,3,5,1,2026-05-08 16:11:00,2026-05-08 21:17:34,resolved
4642,4,3,3,6,2026-02-28 14:04:00,2026-03-02 13:25:49,resolved
4643,4,3,3,9,2026-02-12 21:23:00,2026-02-13 12:44:18,resolved
4644,2,3,5,4,2026-02-06 09:49:00,2026-02-07 04:06:04,resolved
4645,4,2,5,2,2026-03-22 11:22:00,2026-03-22 17:19:43,resolved
4646,5,4,1,1,2026-01-12 17:22:00,2026-01-12 19:19:07,resolved
4647,1,2,5,8,2026-06-22 18:15:00,2026-06-22 21:49:13,resolved
4648,2,3,4,5,2026-04-26 16:34:00,2026-04-26 20:13:25,resolved
4649,2,4,4,4,2026-05-09 05:05:00,2026-05-12 13:38:21,resolved
4650,5,2,4,9,2026-06-16 15:40:00,2026-06-16 20:54:20,resolved
4651,3,4,2,5,2026-05-03 08:17:00,2026-05-06 02:22:22,resolved
4652,4,3,1,5,2026-05-13 19:53:00,2026-05-15 09:15:13,resolved
4653,5,3,4,8,2026-01-21 03:59:00,2026-01-21 17:18:36,resolved
4654,4,3,2,8,2026-06-18 21:44:00,2026-06-20 05:16:24,resolved
4655,3,1,2,7,2026-04-20 09:02:00,2026-04-20 09:29:19,resolved
4656,2,2,2,4,2026-05-02 00:58:00,2026-05-02 01:23:50,resolved
4657,4,3,3,4,2026-02-05 15:19:00,2026-02-06 08:10:23,resolved
4658,5,1,2,10,2026-06-11 21:53:00,2026-06-11 23:24:08,resolved
4659,1,4,3,1,2026-05-18 17:07:00,2026-05-23 05:58:45,resolved
4660,4,3,1,8,2026-04-23 11:23:00,2026-04-23 12:42:32,resolved
4661,4,3,1,4,2026-03-19 16:27:00,,cancelled
4662,1,4,5,5,2026-02-13 01:37:00,2026-02-13 22:07:44,resolved
4663,1,3,2,2,2026-05-08 21:42:00,,cancelled
4664,3,3,2,10,2026-02-01 07:35:00,2026-02-02 00:07:08,resolved
4665,4,1,1,10,2026-02-22 19:20:00,2026-02-22 21:05:20,resolved
4666,3,1,2,5,2026-06-21 19:13:00,2026-06-21 22:35:59,resolved
4667,5,4,2,6,2026-02-09 02:49:00,2026-02-10 00:21:46,resolved
4668,2,3,2,5,2026-01-04 21:27:00,2026-01-05 13:49:41,resolved
4669,5,4,3,2,2026-06-30 23:39:00,,cancelled
4670,5,4,4,5,2026-04-26 07:39:00,2026-04-27 07:04:36,resolved
4671,5,1,2,5,2026-04-09 11:16:00,2026-04-09 12:00:02,resolved
4672,5,3,4,7,2026-01-15 08:24:00,2026-01-16 10:13:22,resolved
4673,3,2,2,8,2026-06-05 07:57:00,2026-06-05 11:52:06,resolved
4674,3,1,4,4,2026-04-01 19:50:00,,in_progress
4675,4,2,5,10,2026-04-12 04:44:00,,cancelled
4676,4,2,5,4,2026-03-08 08:24:00,2026-03-08 14:22:29,resolved
4677,2,2,2,10,2026-01-01 10:00:00,2026-01-01 14:12:31,resolved
4678,4,2,4,8,2026-04-04 08:48:00,,in_progress
4679,2,4,1,8,2026-01-12 12:40:00,2026-01-13 08:31:50,resolved
4680,3,3,3,8,2026-06-21 10:56:00,2026-06-22 01:43:56,resolved
4681,5,1,4,6,2026-03-29 13:38:00,2026-03-29 16:02:18,resolved
4682,5,3,2,10,2026-05-05 09:11:00,2026-05-06 23:23:58,resolved
4683,4,2,4,10,2026-05-11 02:05:00,,in_progress
4684,5,2,5,10,2026-05-12 09:33:00,2026-05-12 13:06:14,resolved
4685,1,2,4,2,2026-01-19 20:42:00,2026-01-20 08:35:09,resolved
4686,4,1,1,3,2026-05-06 20:43:00,2026-05-06 22:16:32,resolved
4687,2,4,5,6,2026-05-12 20:35:00,,cancelled
4688,4,3,2,5,2026-01-17 23:38:00,2026-01-18 12:49:46,resolved
4689,5,2,1,2,2026-01-02 16:34:00,2026-01-03 00:02:47,resolved
4690,4,1,2,9,2026-02-18 01:32:00,2026-02-18 02:33:29,resolved
4691,2,3,5,3,2026-03-06 04:47:00,2026-03-07 07:53:44,resolved
4692,3,1,1,6,2026-01-02 14:52:00,,cancelled
4693,2,3,4,1,2026-02-21 10:50:00,,cancelled
4694,2,4,3,9,2026-02-18 07:05:00,2026-02-23 01:05:17,resolved
4695,5,1,4,10,2026-02-06 18:14:00,,in_progress
4696,1,2,1,2,2026-01-20 07:37:00,2026-01-20 09:55:13,resolved
4697,2,4,2,3,2026-03-11 12:50:00,2026-03-12 14:56:33,resolved
4698,4,4,1,2,2026-02-26 23:48:00,2026-03-01 08:21:42,resolved
4699,4,4,1,6,2026-05-04 18:56:00,2026-05-05 12:11:55,resolved
4700,4,1,3,6,2026-04-10 16:44:00,2026-04-10 17:34:14,resolved
4701,2,2,4,2,2026-06-02 08:18:00,2026-06-02 11:25:06,resolved
4702,4,2,1,8,2026-05-20 16:35:00,2026-05-20 17:05:55,resolved
4703,2,2,4,6,2026-06-20 06:32:00,2026-06-20 08:24:53,resolved
4704,5,1,1,7,2026-01-16 01:31:00,2026-01-16 04:09:00,resolved
4705,2,3,3,3,2026-01-29 17:29:00,2026-01-29 20:58:02,resolved
4706,3,3,5,8,2026-03-14 11:34:00,2026-03-15 15:53:27,resolved
4707,5,2,4,8,2026-06-17 06:42:00,2026-06-17 13:04:39,resolved
4708,3,3,1,4,2026-04-07 23:06:00,2026-04-09 19:16:39,resolved
4709,5,2,3,1,2026-01-11 23:46:00,2026-01-12 00:10:23,resolved
4710,3,2,5,8,2026-06-16 10:44:00,2026-06-16 16:10:51,resolved
4711,2,1,3,10,2026-04-17 05:20:00,,in_progress
4712,2,1,3,9,2026-05-31 14:50:00,2026-05-31 15:43:05,resolved
4713,1,1,4,8,2026-06-04 12:05:00,2026-06-04 12:49:23,resolved
4714,4,2,3,9,2026-03-28 09:59:00,2026-03-28 17:26:27,resolved
4715,5,4,4,2,2026-05-07 23:29:00,2026-05-08 00:19:17,resolved
4716,5,4,3,1,2026-06-25 13:59:00,2026-07-01 02:40:12,resolved
4717,2,3,3,6,2026-03-15 20:57:00,2026-03-17 06:26:55,resolved
4718,2,4,1,5,2026-03-13 14:28:00,2026-03-15 06:24:57,resolved
4719,5,3,5,3,2026-06-25 19:04:00,2026-06-26 17:00:17,resolved
4720,3,4,5,8,2026-06-19 14:13:00,2026-06-21 20:24:09,resolved
4721,4,2,4,1,2026-04-25 05:50:00,2026-04-25 14:19:19,resolved
4722,1,2,2,8,2026-01-18 11:51:00,2026-01-18 17:16:37,resolved
4723,3,4,3,8,2026-01-21 22:41:00,2026-01-25 19:03:55,resolved
4724,1,3,4,5,2026-06-16 18:24:00,2026-06-17 04:49:24,resolved
4725,4,1,3,8,2026-03-16 09:49:00,2026-03-16 11:35:52,resolved
4726,4,3,1,6,2026-04-10 01:55:00,2026-04-10 18:36:08,resolved
4727,1,1,4,5,2026-05-30 23:19:00,2026-05-31 02:18:12,resolved
4728,2,1,3,8,2026-04-28 21:11:00,2026-04-28 22:32:50,resolved
4729,2,4,2,8,2026-04-17 03:04:00,2026-04-17 23:30:02,resolved
4730,2,1,2,7,2026-02-26 01:05:00,2026-02-26 02:16:18,resolved
4731,1,4,2,9,2026-02-12 21:32:00,2026-02-15 02:38:49,resolved
4732,4,3,3,5,2026-02-14 10:47:00,2026-02-16 05:56:31,resolved
4733,2,2,4,6,2026-02-12 19:39:00,2026-02-13 05:26:38,resolved
4734,3,4,2,2,2026-05-18 12:47:00,2026-05-19 07:08:04,resolved
4735,2,3,4,4,2026-01-22 20:15:00,2026-01-23 06:01:08,resolved
4736,2,2,4,3,2026-02-20 10:24:00,2026-02-20 16:00:34,resolved
4737,5,3,5,4,2026-05-01 12:12:00,2026-05-02 07:56:06,resolved
4738,4,1,4,3,2026-05-05 20:44:00,2026-05-05 23:41:51,resolved
4739,3,3,4,3,2026-02-26 20:35:00,2026-02-27 15:31:24,resolved
4740,5,3,3,7,2026-02-14 17:26:00,2026-02-15 09:56:33,resolved
4741,4,3,1,3,2026-04-21 03:28:00,2026-04-21 08:54:40,resolved
4742,5,1,2,10,2026-06-27 12:43:00,,in_progress
4743,4,3,5,6,2026-02-12 23:51:00,,in_progress
4744,5,1,2,5,2026-02-26 20:17:00,2026-02-26 22:07:32,resolved
4745,5,1,2,2,2026-04-02 03:04:00,2026-04-02 06:35:21,resolved
4746,3,3,5,2,2026-04-29 11:20:00,2026-04-30 19:58:31,resolved
4747,5,1,4,3,2026-04-04 19:54:00,,cancelled
4748,2,4,3,5,2026-03-30 14:39:00,,cancelled
4749,3,4,3,3,2026-03-13 00:56:00,2026-03-15 08:31:49,resolved
4750,4,3,1,9,2026-01-22 16:37:00,2026-01-22 22:46:18,resolved
4751,4,1,5,1,2026-05-29 10:46:00,2026-05-29 14:05:23,resolved
4752,3,4,4,10,2026-03-29 01:02:00,2026-03-29 09:57:33,resolved
4753,5,3,3,7,2026-06-26 19:44:00,2026-06-27 11:11:14,resolved
4754,3,1,2,1,2026-03-03 02:32:00,2026-03-03 04:23:41,resolved
4755,3,1,5,3,2026-04-19 17:55:00,2026-04-19 18:16:18,resolved
4756,1,1,2,7,2026-03-12 06:15:00,,in_progress
4757,4,4,5,9,2026-05-05 13:10:00,2026-05-06 09:48:43,resolved
4758,3,1,1,6,2026-06-14 00:25:00,2026-06-14 01:16:39,resolved
4759,2,1,5,8,2026-01-17 01:26:00,,in_progress
4760,1,3,3,6,2026-03-02 04:50:00,2026-03-03 02:41:05,resolved
4761,1,4,2,2,2026-01-27 03:45:00,2026-01-27 23:42:15,resolved
4762,1,2,3,9,2026-05-20 21:27:00,2026-05-20 21:48:24,resolved
4763,5,2,5,4,2026-02-14 05:49:00,2026-02-14 15:29:55,resolved
4764,5,2,5,2,2026-02-14 10:51:00,2026-02-14 13:55:17,resolved
4765,5,1,5,9,2026-05-11 15:55:00,2026-05-11 16:57:31,resolved
4766,4,2,4,4,2026-04-25 12:34:00,2026-04-25 16:08:17,resolved
4767,2,2,3,6,2026-06-04 13:08:00,2026-06-04 17:51:34,resolved
4768,5,4,5,1,2026-04-28 16:00:00,2026-04-30 21:57:41,resolved
4769,4,2,2,9,2026-05-26 21:53:00,2026-05-27 04:44:22,resolved
4770,5,3,3,2,2026-05-05 20:50:00,2026-05-06 10:13:15,resolved
4771,2,2,2,10,2026-01-20 02:00:00,2026-01-20 15:01:38,resolved
4772,3,2,2,6,2026-01-11 16:50:00,,in_progress
4773,4,2,5,4,2026-03-30 01:22:00,2026-03-30 03:42:15,resolved
4774,4,1,2,7,2026-05-19 14:36:00,2026-05-19 16:28:20,resolved
4775,4,1,2,8,2026-06-01 11:47:00,2026-06-01 12:27:06,resolved
4776,1,4,4,2,2026-03-15 08:12:00,2026-03-16 01:28:49,resolved
4777,2,3,5,9,2026-06-03 05:34:00,2026-06-03 10:24:33,resolved
4778,3,4,2,4,2026-06-01 00:08:00,,cancelled
4779,3,4,4,2,2026-01-27 06:18:00,2026-01-27 14:48:53,resolved
4780,1,3,2,10,2026-02-02 23:15:00,,cancelled
4781,4,2,4,10,2026-05-31 08:26:00,2026-05-31 12:10:37,resolved
4782,2,1,3,2,2026-02-23 19:59:00,2026-02-23 20:48:15,resolved
4783,2,1,1,1,2026-02-07 08:42:00,2026-02-07 10:10:53,resolved
4784,2,4,5,9,2026-01-18 21:15:00,2026-01-19 10:30:06,resolved
4785,5,2,5,2,2026-05-18 13:09:00,2026-05-18 18:46:15,resolved
4786,5,1,3,9,2026-04-17 13:51:00,2026-04-17 16:21:49,resolved
4787,3,3,1,1,2026-05-26 12:17:00,2026-05-26 17:30:03,resolved
4788,1,2,5,4,2026-01-15 07:08:00,2026-01-15 10:32:54,resolved
4789,4,3,5,9,2026-01-13 00:19:00,2026-01-13 04:50:43,resolved
4790,3,1,3,4,2026-03-15 14:10:00,2026-03-15 16:01:06,resolved
4791,1,1,3,3,2026-05-05 12:31:00,2026-05-05 13:50:56,resolved
4792,5,4,3,6,2026-03-25 22:11:00,2026-03-27 09:31:11,resolved
4793,5,1,4,3,2026-05-12 00:22:00,2026-05-12 02:01:58,resolved
4794,3,1,3,1,2026-03-14 03:46:00,2026-03-14 04:25:38,resolved
4795,3,3,5,8,2026-06-26 09:19:00,,cancelled
4796,5,1,1,9,2026-03-04 12:42:00,2026-03-04 13:07:03,resolved
4797,5,2,2,6,2026-01-19 02:06:00,2026-01-19 15:53:52,resolved
4798,5,2,2,1,2026-02-27 06:21:00,2026-02-27 08:46:19,resolved
4799,5,4,2,2,2026-04-25 03:14:00,2026-04-28 13:09:41,resolved
4800,2,4,3,10,2026-05-11 03:52:00,2026-05-12 12:18:06,resolved
4801,5,2,4,4,2026-06-10 21:49:00,2026-06-11 02:02:06,resolved
4802,3,3,4,8,2026-01-13 08:04:00,2026-01-13 13:23:03,resolved
4803,5,3,2,8,2026-05-28 19:42:00,2026-05-29 12:45:37,resolved
4804,5,4,4,1,2026-06-27 12:48:00,2026-07-02 07:03:29,resolved
4805,2,4,4,2,2026-03-27 00:02:00,2026-03-28 17:49:51,resolved
4806,2,3,5,9,2026-05-10 05:02:00,2026-05-10 21:43:27,resolved
4807,4,2,1,10,2026-02-13 17:53:00,2026-02-13 21:58:06,resolved
4808,1,4,3,6,2026-06-12 15:25:00,2026-06-13 21:33:21,resolved
4809,2,4,5,3,2026-01-15 08:55:00,2026-01-19 17:46:36,resolved
4810,3,2,2,7,2026-06-15 21:28:00,2026-06-16 02:56:12,resolved
4811,5,4,3,3,2026-04-18 08:10:00,2026-04-18 12:09:07,resolved
4812,3,1,5,4,2026-04-09 13:46:00,2026-04-09 16:26:13,resolved
4813,1,1,4,2,2026-04-14 12:40:00,2026-04-14 15:16:57,resolved
4814,4,1,3,4,2026-02-10 17:47:00,2026-02-10 18:50:05,resolved
4815,5,1,1,7,2026-01-03 01:29:00,2026-01-03 02:59:08,resolved
4816,5,4,2,5,2026-04-12 20:14:00,2026-04-15 04:00:37,resolved
4817,2,3,4,10,2026-03-01 05:18:00,,cancelled
4818,3,1,3,5,2026-05-06 05:13:00,2026-05-06 06:14:44,resolved
4819,5,3,5,7,2026-02-25 14:09:00,2026-02-26 09:46:44,resolved
4820,2,4,4,3,2026-04-13 00:51:00,2026-04-13 17:25:50,resolved
4821,4,2,4,9,2026-04-25 11:39:00,,cancelled
4822,4,1,4,7,2026-05-24 10:18:00,2026-05-24 10:54:15,resolved
4823,4,4,1,4,2026-05-19 03:48:00,2026-05-23 11:19:52,resolved
4824,4,1,4,7,2026-01-21 12:56:00,2026-01-21 15:37:33,resolved
4825,4,3,4,6,2026-01-23 10:09:00,2026-01-24 03:05:29,resolved
4826,2,3,3,10,2026-05-25 03:06:00,2026-05-25 06:12:11,resolved
4827,2,2,4,8,2026-05-14 02:05:00,2026-05-14 07:55:16,resolved
4828,4,3,2,1,2026-03-02 02:17:00,2026-03-02 06:46:50,resolved
4829,3,4,4,9,2026-06-20 07:48:00,2026-06-20 15:30:52,resolved
4830,2,1,1,4,2026-06-02 22:11:00,2026-06-02 23:47:51,resolved
4831,2,1,3,2,2026-01-16 05:31:00,,cancelled
4832,2,2,3,9,2026-06-26 02:14:00,2026-06-26 09:47:58,resolved
4833,2,1,1,2,2026-04-21 21:26:00,2026-04-21 22:31:41,resolved
4834,1,2,1,8,2026-06-21 07:28:00,2026-06-21 11:13:20,resolved
4835,2,2,1,7,2026-04-26 07:45:00,2026-04-26 09:29:11,resolved
4836,1,3,2,3,2026-01-26 23:46:00,,in_progress
4837,4,3,3,8,2026-04-01 08:16:00,2026-04-01 17:47:44,resolved
4838,3,1,1,1,2026-02-21 11:47:00,,in_progress
4839,5,3,2,9,2026-02-05 18:41:00,,in_progress
4840,5,4,5,7,2026-03-10 03:18:00,2026-03-10 14:31:32,resolved
4841,5,2,2,8,2026-05-10 06:47:00,2026-05-10 11:12:40,resolved
4842,2,4,1,7,2026-01-02 17:04:00,2026-01-07 12:54:48,resolved
4843,2,4,4,1,2026-05-24 17:43:00,2026-05-25 09:03:37,resolved
4844,3,1,3,2,2026-05-29 08:52:00,2026-05-29 09:43:02,resolved
4845,4,3,1,2,2026-05-03 19:50:00,2026-05-04 14:32:52,resolved
4846,3,3,3,5,2026-03-12 02:39:00,2026-03-12 15:47:10,resolved
4847,5,4,1,10,2026-01-18 05:53:00,2026-01-20 22:31:29,resolved
4848,5,4,3,3,2026-04-10 20:19:00,2026-04-13 06:26:48,resolved
4849,1,2,5,3,2026-05-07 17:47:00,2026-05-07 23:52:16,resolved
4850,5,1,2,10,2026-01-01 09:05:00,2026-01-01 09:29:57,resolved
4851,3,1,2,4,2026-03-13 09:46:00,2026-03-13 11:17:29,resolved
4852,1,4,4,4,2026-02-25 03:56:00,,in_progress
4853,2,2,4,3,2026-06-15 22:43:00,2026-06-16 05:07:31,resolved
4854,5,1,5,1,2026-04-27 19:29:00,2026-04-27 20:42:55,resolved
4855,1,2,2,7,2026-03-28 10:11:00,2026-03-28 12:16:25,resolved
4856,4,2,5,4,2026-01-04 20:55:00,2026-01-04 23:34:57,resolved
4857,3,2,4,4,2026-04-07 08:26:00,2026-04-07 16:51:52,resolved
4858,1,4,4,5,2026-02-10 20:40:00,2026-02-12 14:10:57,resolved
4859,3,4,1,4,2026-01-26 19:11:00,2026-01-29 14:11:30,resolved
4860,3,4,2,5,2026-06-06 06:32:00,2026-06-06 12:57:29,resolved
4861,1,3,3,9,2026-05-28 19:36:00,2026-05-29 09:33:57,resolved
4862,1,3,2,6,2026-04-22 05:46:00,2026-04-23 22:28:49,resolved
4863,1,2,2,10,2026-03-24 18:23:00,2026-03-25 00:27:42,resolved
4864,2,1,5,5,2026-02-28 21:07:00,2026-02-28 23:19:51,resolved
4865,4,4,4,6,2026-03-21 20:14:00,2026-03-22 20:32:15,resolved
4866,2,4,2,7,2026-02-12 11:24:00,,cancelled
4867,3,2,2,7,2026-06-05 13:27:00,2026-06-05 19:43:20,resolved
4868,5,2,5,2,2026-01-25 19:39:00,2026-01-26 01:20:41,resolved
4869,4,4,1,2,2026-01-06 16:04:00,2026-01-08 16:45:55,resolved
4870,3,3,1,3,2026-02-03 10:43:00,,in_progress
4871,5,4,5,3,2026-01-26 08:35:00,2026-01-28 20:21:17,resolved
4872,4,2,4,2,2026-03-30 18:11:00,2026-03-30 23:42:07,resolved
4873,5,2,3,5,2026-05-03 08:30:00,,cancelled
4874,4,2,3,8,2026-03-03 03:27:00,2026-03-03 07:43:34,resolved
4875,5,4,4,3,2026-01-30 08:38:00,,cancelled
4876,1,1,5,8,2026-06-19 19:40:00,2026-06-19 20:58:49,resolved
4877,4,4,2,9,2026-04-15 07:50:00,2026-04-17 02:55:54,resolved
4878,1,3,3,8,2026-05-01 02:10:00,2026-05-03 01:49:59,resolved
4879,3,4,5,9,2026-01-01 17:02:00,2026-01-04 11:49:56,resolved
4880,1,3,4,6,2026-06-07 08:40:00,2026-06-07 12:38:13,resolved
4881,3,1,4,5,2026-03-04 17:37:00,2026-03-04 18:40:20,resolved
4882,4,3,5,2,2026-03-25 17:42:00,2026-03-26 04:59:34,resolved
4883,4,3,3,2,2026-05-24 09:30:00,2026-05-24 10:55:31,resolved
4884,2,3,4,2,2026-05-14 17:49:00,2026-05-16 00:38:04,resolved
4885,1,1,5,9,2026-03-13 21:09:00,2026-03-13 22:08:09,resolved
4886,1,3,5,8,2026-06-04 09:43:00,,in_progress
4887,1,1,4,2,2026-02-04 17:34:00,2026-02-04 21:27:03,resolved
4888,5,1,3,2,2026-05-22 21:23:00,2026-05-22 22:27:00,resolved
4889,3,3,3,3,2026-06-14 08:49:00,2026-06-15 02:06:20,resolved
4890,4,3,1,10,2026-06-18 23:32:00,2026-06-19 03:57:02,resolved
4891,1,4,1,7,2026-06-08 00:27:00,2026-06-08 05:58:11,resolved
4892,5,1,4,1,2026-06-22 20:31:00,2026-06-22 21:52:52,resolved
4893,5,2,4,5,2026-02-24 09:00:00,2026-02-24 21:04:15,resolved
4894,4,1,3,3,2026-06-07 23:07:00,2026-06-08 00:55:11,resolved
4895,2,4,2,9,2026-01-02 13:09:00,2026-01-03 22:28:02,resolved
4896,3,2,1,8,2026-05-31 08:34:00,2026-05-31 22:18:24,resolved
4897,4,1,4,2,2026-01-12 00:57:00,,cancelled
4898,3,2,1,4,2026-04-10 01:04:00,2026-04-10 02:40:08,resolved
4899,5,3,2,7,2026-06-29 02:54:00,2026-06-29 04:36:54,resolved
4900,3,1,2,10,2026-04-23 10:15:00,2026-04-23 11:07:39,resolved
4901,1,2,3,6,2026-06-26 14:18:00,2026-06-26 17:33:01,resolved
4902,3,2,2,6,2026-01-08 21:30:00,,in_progress
4903,1,3,5,4,2026-06-05 12:38:00,2026-06-06 01:55:43,resolved
4904,4,3,4,6,2026-04-14 08:04:00,2026-04-16 05:58:05,resolved
4905,1,4,3,7,2026-02-07 18:22:00,2026-02-08 07:59:24,resolved
4906,1,4,4,8,2026-05-16 11:58:00,2026-05-18 01:47:14,resolved
4907,1,4,5,10,2026-06-16 13:31:00,2026-06-18 05:45:46,resolved
4908,5,2,4,3,2026-01-09 19:41:00,2026-01-09 21:59:20,resolved
4909,2,3,4,3,2026-06-29 16:47:00,2026-06-30 11:35:57,resolved
4910,2,1,3,10,2026-03-24 11:55:00,2026-03-24 12:24:30,resolved
4911,5,2,2,6,2026-03-17 22:45:00,2026-03-17 23:33:44,resolved
4912,4,3,3,4,2026-03-22 11:38:00,2026-03-23 08:22:09,resolved
4913,3,1,3,4,2026-04-19 20:36:00,,cancelled
4914,2,3,4,2,2026-03-15 00:56:00,2026-03-15 18:04:11,resolved
4915,5,1,4,6,2026-02-12 00:54:00,2026-02-12 01:47:57,resolved
4916,5,4,2,3,2026-01-19 14:10:00,2026-01-23 16:58:47,resolved
4917,3,3,3,8,2026-04-16 16:44:00,2026-04-18 07:33:55,resolved
4918,3,3,2,6,2026-04-21 20:10:00,2026-04-21 21:01:36,resolved
4919,4,4,2,8,2026-05-09 04:41:00,2026-05-09 23:35:32,resolved
4920,4,3,1,3,2026-01-24 13:47:00,2026-01-25 07:32:26,resolved
4921,1,3,5,3,2026-02-25 13:20:00,2026-02-25 18:57:57,resolved
4922,4,3,3,5,2026-01-15 04:24:00,2026-01-15 12:39:44,resolved
4923,3,1,1,4,2026-03-23 21:56:00,,cancelled
4924,5,1,5,6,2026-06-14 17:57:00,2026-06-14 19:07:38,resolved
4925,2,2,5,10,2026-03-15 21:51:00,,cancelled
4926,5,3,3,4,2026-03-12 02:21:00,2026-03-12 05:15:27,resolved
4927,5,1,3,5,2026-02-03 10:00:00,2026-02-03 11:43:13,resolved
4928,3,2,5,7,2026-06-05 05:12:00,2026-06-05 18:02:31,resolved
4929,4,2,3,10,2026-03-19 02:31:00,,in_progress
4930,5,2,5,4,2026-05-27 16:57:00,2026-05-27 23:25:30,resolved
4931,4,4,5,8,2026-05-06 08:48:00,2026-05-06 13:31:22,resolved
4932,3,4,2,3,2026-03-02 03:45:00,2026-03-04 09:11:20,resolved
4933,3,1,2,4,2026-02-10 13:37:00,2026-02-10 15:12:39,resolved
4934,5,4,4,8,2026-01-18 12:36:00,2026-01-20 17:51:10,resolved
4935,3,1,5,6,2026-06-06 19:09:00,,in_progress
4936,1,4,3,2,2026-03-30 11:08:00,2026-04-02 07:21:18,resolved
4937,1,1,2,8,2026-04-22 12:22:00,2026-04-22 13:48:30,resolved
4938,1,1,1,6,2026-03-27 02:09:00,2026-03-27 03:07:12,resolved
4939,3,2,4,6,2026-02-08 12:56:00,2026-02-08 17:34:57,resolved
4940,3,3,2,8,2026-02-24 20:56:00,2026-02-26 13:00:41,resolved
4941,4,2,1,10,2026-01-08 23:36:00,,cancelled
4942,4,4,4,6,2026-01-27 02:03:00,2026-01-29 08:27:05,resolved
4943,1,3,4,3,2026-04-15 03:54:00,2026-04-15 23:52:03,resolved
4944,4,3,1,7,2026-04-08 07:40:00,,cancelled
4945,5,1,4,3,2026-04-03 12:26:00,2026-04-03 13:46:42,resolved
4946,1,3,4,7,2026-04-19 06:53:00,2026-04-19 12:19:53,resolved
4947,2,3,5,6,2026-05-15 22:30:00,2026-05-17 13:24:55,resolved
4948,3,4,3,8,2026-01-29 03:44:00,2026-01-31 11:48:08,resolved
4949,3,1,4,1,2026-05-28 00:13:00,,cancelled
4950,1,2,5,7,2026-04-26 09:12:00,2026-04-26 14:59:21,resolved
4951,4,3,3,9,2026-04-03 03:14:00,2026-04-04 21:41:25,resolved
4952,5,4,2,7,2026-04-24 15:12:00,2026-04-26 03:27:49,resolved
4953,5,2,3,6,2026-05-27 08:02:00,2026-05-27 09:55:47,resolved
4954,3,3,3,9,2026-06-27 07:51:00,,cancelled
4955,4,1,4,2,2026-01-01 19:14:00,2026-01-01 22:51:29,resolved
4956,4,3,3,3,2026-06-25 05:45:00,2026-06-26 10:12:45,resolved
4957,2,4,2,1,2026-01-04 21:24:00,2026-01-05 12:44:00,resolved
4958,3,4,1,2,2026-03-12 15:40:00,2026-03-13 21:28:32,resolved
4959,3,1,5,1,2026-06-28 11:56:00,2026-06-28 13:38:42,resolved
4960,1,4,2,9,2026-05-26 19:41:00,2026-05-28 23:59:26,resolved
4961,2,2,1,5,2026-03-04 04:27:00,,in_progress
4962,1,1,2,3,2026-03-11 00:20:00,2026-03-11 00:43:25,resolved
4963,5,3,3,5,2026-04-30 19:35:00,2026-05-01 05:07:02,resolved
4964,1,2,5,5,2026-04-13 09:48:00,2026-04-13 13:42:17,resolved
4965,3,2,1,9,2026-04-25 11:11:00,2026-04-25 18:05:34,resolved
4966,1,4,2,10,2026-05-06 15:59:00,2026-05-07 16:02:42,resolved
4967,3,4,1,1,2026-04-01 17:38:00,2026-04-02 21:35:14,resolved
4968,4,2,1,6,2026-04-13 10:38:00,2026-04-13 17:27:58,resolved
4969,4,1,5,8,2026-01-23 01:11:00,2026-01-23 03:18:55,resolved
4970,1,4,5,4,2026-05-31 09:38:00,,cancelled
4971,4,2,2,6,2026-01-25 10:25:00,2026-01-25 11:07:51,resolved
4972,5,2,4,10,2026-01-26 05:37:00,2026-01-26 09:36:25,resolved
4973,3,1,1,9,2026-01-13 23:19:00,2026-01-13 23:56:58,resolved
4974,3,1,1,6,2026-03-24 00:06:00,2026-03-24 02:28:51,resolved
4975,5,4,1,10,2026-06-22 19:18:00,,cancelled
4976,4,4,3,2,2026-02-11 06:29:00,2026-02-16 01:36:58,resolved
4977,2,3,1,8,2026-03-31 06:33:00,2026-04-01 03:13:32,resolved
4978,2,2,2,10,2026-04-26 22:58:00,2026-04-27 01:48:39,resolved
4979,2,2,4,5,2026-04-09 12:18:00,2026-04-09 13:21:18,resolved
4980,1,4,1,4,2026-01-10 05:48:00,,cancelled
4981,3,2,3,9,2026-04-19 09:31:00,2026-04-19 12:35:56,resolved
4982,2,4,2,4,2026-01-31 06:35:00,2026-01-31 07:06:37,resolved
4983,4,4,2,4,2026-02-19 01:00:00,2026-02-23 13:38:55,resolved
4984,3,1,1,3,2026-06-19 06:30:00,2026-06-19 06:48:42,resolved
4985,1,1,1,5,2026-02-07 19:00:00,2026-02-07 19:37:06,resolved
4986,2,3,3,5,2026-02-28 16:42:00,2026-03-01 00:23:46,resolved
4987,4,3,5,2,2026-05-29 13:58:00,2026-05-30 00:48:22,resolved
4988,5,1,2,2,2026-06-03 13:27:00,2026-06-03 13:51:18,resolved
4989,5,3,3,6,2026-02-05 09:52:00,,cancelled
4990,4,2,2,1,2026-04-01 13:09:00,2026-04-01 22:51:35,resolved
4991,5,3,1,3,2026-04-24 13:26:00,2026-04-24 15:11:29,resolved
4992,1,1,5,4,2026-04-09 00:46:00,2026-04-09 02:01:50,resolved
4993,2,4,4,7,2026-06-08 02:09:00,2026-06-08 23:18:17,resolved
4994,4,4,1,9,2026-03-12 03:34:00,2026-03-14 22:55:48,resolved
4995,4,1,2,9,2026-01-16 15:44:00,,cancelled
4996,2,1,4,9,2026-05-01 23:44:00,2026-05-02 00:03:14,resolved
4997,4,1,3,1,2026-02-03 17:29:00,2026-02-03 17:47:05,resolved
4998,5,2,3,6,2026-03-20 01:12:00,2026-03-20 05:19:26,resolved
4999,2,4,5,8,2026-04-15 04:12:00,,cancelled
5000,4,1,3,1,2026-05-08 07:03:00,2026-05-08 10:51:38,resolved
